﻿<?xml version="1.0" encoding="utf-8"?>
<Maps>
  <Map Type="System" Name="TN_RWY14" Priority="1" Center="-14.521111+132.377778">
    <!--YPTN-->
    <Runway Name="14/32">
      <Threshold Name="14" Position="-14.514222+132.370669" ExtendedCentrelineTrack="318.9" ExtendedCentrelineLength="15" ExtendedCentrelineTickInterval="1" />
      <Threshold Name="32" Position="-14.530878+132.385583" />
    </Runway>
    <!--SIDs-->
    <Line>
      <!--Rwy14 DAPMA2-->
      -143151.160+1322308.100/
      -143228.968+1322342.052/
      -143245.653+1322406.727/
      -143249.110+1322436.617/
      -143136.804+1322717.236/
      DAPMA
    </Line>
    <Line>
      <!--Rwy14 DN4-->
      -143151.160+1322308.100/
      -143047.872+1322211.537/
      -143104.908+1322226.725/
      -143136.793+1322255.077/
      -143217.649+1322331.743/
      -143301.975+1322403.249/
      -143353.676+1322421.453/
      -143447.694+1322410.932/
      -143531.081+1322333.381/
      -143551.657+1322238.390/
      -143544.446+1322138.379/
      -143510.135+1322047.450/
      DN VOR
    </Line>
    <Line>
      <!--Rwy14 DOSAM4-->
      -143151.160+1322308.100/
      -143437.702+1322328.593/
      DOSAM
    </Line>
    <Line>
      <!--Rwy14 GREGA4-->
      -143437.702+1322328.593/
      -143700.336+1322257.593/
      GREGA
    </Line>
    <Line>
      <!--Rwy14 LARAB4-->
      -143228.968+1322342.052/
      -143255.243+1322355.760/
      -143324.670+1322354.896/
      -143350.152+1322339.666/
      -143405.546+1322313.740/
      -143407.140+1322243.368/
      -143354.552+1322215.873/
      -142919.138+1321953.493/
      LARAB
    </Line>
    <Line>
      <!--Rwy14 MIGAX3-->
      -143228.968+1322342.052/
      MIGAX
    </Line>
    <Line>
      <!--Rwy14 MILIV4-->
      -143151.160+1322308.100/
      MILIV
    </Line>
    <!--STARs-->
    <Symbol Type="HollowTriangle">
      <Point>ATOTU</Point>
    </Symbol>
    <Symbol Type="Circle">
      <Point>DN VOR</Point>
    </Symbol>
    <Symbol Type="HollowStar">
      <Point>DAPMA</Point>
      <Point>DOSAM</Point>
      <Point>GREGA</Point>
      <Point>LARAB</Point>
      <Point>MIGAX</Point>
      <Point>MILIV</Point>
    </Symbol>
  </Map>
  <Map Type="System" Name="TN_RWY14_NAMES" Priority="2" Center="-14.521111+132.377778">
    <Label>
      <Point>DAPMA</Point>
      <Point>DN VOR</Point>
      <Point>DOSAM</Point>
      <Point>GREGA</Point>
      <Point>LARAB</Point>
      <Point>MIGAX</Point>
      <Point>MILIV</Point>
      <Point>AGUST</Point>
      <Point>LAKUP</Point>
      <Point>ANGED</Point>
      <Point>BONES</Point>
      <Point>STOES</Point>
      <Point>ALLEE</Point>
      <Point>VEGPU</Point>
      <Point>ITTSA</Point>
      <Point>BEBUX</Point>
      <Point>DUMPA</Point>
      <Point>TRUKA</Point>
      <Point>NUTTA</Point>
      <Point>KU VOR</Point>
      <Point>GTE NDB</Point>
      <Point>SUNIX</Point>
      <Point>KAKAL</Point>
      <Point>OVMIS</Point>
      <Point>HOO NDB</Point>
      <Point>ATOTU</Point>
    </Label>
  </Map>
</Maps>