﻿<?xml version="1.0" encoding="utf-8"?>
<Maps>
  <Map Type="System" Name="TN_RWY32" Priority="1" Center="-14.521111+132.377778">
    <!--YPTN-->
    <Runway Name="14/32">
      <Threshold Name="14" Position="-14.514222+132.370669" />
      <Threshold Name="32" Position="-14.530878+132.385583" ExtendedCentrelineTrack="138.9" ExtendedCentrelineLength="15" ExtendedCentrelineTickInterval="1" />
    </Runway>
    <!--SIDs-->
    <Line>
      <!--Rwy32 DAPMA2-->
      -143051.200+1322214.410/
      -143005.082+1322133.027/
      -142938.800+1322119.322/
      -142909.374+1322120.190/
      -142843.894+1322135.418/
      -142828.502+1322201.335/
      -142826.907+1322231.693/
      -142839.494+1322259.178/
      DAPMA
    </Line>
    <Line>
      <!--Rwy32 DN4-->
      -143051.200+1322214.410/
      -143005.368+1322132.488/
      DN VOR
    </Line>
    <Line>
      <!--Rwy32 DOSAM4-->
      -143051.200+1322214.410/
      -143030.978+1322155.894/
      -142954.387+1322113.621/
      -142940.184+1322015.965/
      -142953.389+1321916.342/
      -143032.152+1321828.507/
      -143128.320+1321803.503/
      -143229.412+1321807.149/
      -143954.194+1322411.542/
      DOSAM
    </Line>
    <Line>
      <!--Rwy32 GREGA4-->
      -143229.412+1321807.149/
      -143826.385+1322258.270/
      GREGA
    </Line>
    <Line>
      <!--Rwy32 LARAB4-->
      -143005.082+1322133.027/
      LARAB
    </Line>
    <Line>
      <!--Rwy32 MIGAX3-->
      -142839.494+1322259.178/
      -143222.893+1322357.194/
      MIGAX
    </Line>
    <Line>
      <!--Rwy32 MILIV4-->
      -142839.494+1322259.178/
      -143317.957+1322352.343/
      MILIV
    </Line>
    <!--STARs-->
    <Symbol Type="Circle">
      <Point>DN VOR</Point>
    </Symbol>
    <Symbol Type="HollowStar">
      <Point>DAPMA</Point>
      <Point>DOSAM</Point>
      <Point>GREGA</Point>
      <Point>LARAB</Point>
      <Point>MIGAX</Point>
      <Point>MILIV</Point>
    </Symbol>
  </Map>
  <Map Type="System" Name="TN_RWY32_NAMES" Priority="2" Center="-14.521111+132.377778">
    <Label>
      <Point>DAPMA</Point>
      <Point>DN VOR</Point>
      <Point>DOSAM</Point>
      <Point>GREGA</Point>
      <Point>LARAB</Point>
      <Point>MIGAX</Point>
      <Point>MILIV</Point>
      <Point>AGUST</Point>
      <Point>LAKUP</Point>
      <Point>ANGED</Point>
      <Point>BONES</Point>
      <Point>STOES</Point>
      <Point>ALLEE</Point>
      <Point>VEGPU</Point>
      <Point>ITTSA</Point>
      <Point>BEBUX</Point>
      <Point>DUMPA</Point>
      <Point>TRUKA</Point>
      <Point>NUTTA</Point>
      <Point>KU VOR</Point>
      <Point>GTE NDB</Point>
      <Point>SUNIX</Point>
      <Point>KAKAL</Point>
      <Point>OVMIS</Point>
      <Point>HOO NDB</Point>
    </Label>
  </Map>
</Maps>