﻿<?xml version="1.0" encoding="utf-8"?>
<Maps>
  <Map Type="System" Name="TN_TCU" Priority="1" Center="-14.521111+132.377778">
    <!--YPTN-->
    <Runway Name="14/32">
      <Threshold Name="14" Position="-14.514222+132.370669" />
      <Threshold Name="32" Position="-14.530878+132.385583" />
    </Runway>
    <!--Airway Routes-->
    <Line>
      <!--A464-->
      AGUST/
      LARAB
    </Line>
    <Line>
      <!--J251-->
      DN VOR/
      LAKUP/
      ANGED
    </Line>
    <Line>
      <!--J251-->
      BONES/
      GREGA
    </Line>
    <Line>
      <!--Q23-->
      STOES/
      ALLEE/
      VEGPU/
      ITTSA/
      DN VOR
    </Line>
    <Line>
      <!--T74-->
      BEBUX/
      MILIV
    </Line>
    <Line>
      <!--W226-->
      DUMPA/
      TRUKA
    </Line>
    <Line>
      <!--W226-->
      NUTTA/
      KU VOR
    </Line>
    <Line>
      <!--W605-->
      GTE NDB/
      SUNIX/
      KAKAL
    </Line>
    <Line>
      <!--W605-->
      OVMIS/
      HOO NDB
    </Line>
  </Map>
  <Map Type="System2" Name="TN_VFR" Priority="1" Center="-14.521111+132.377778">
    <Symbol Type="HollowSquare">
      <Point>RESC</Point>
      <Point>STC</Point>
    </Symbol>
    <Label HasLeader="True">
      <Point>RESC</Point>
      <Point>STC</Point>
    </Label>
  </Map>
  <Map Type="System2" Name="TN_VFR_FULL_NAME" Priority="1" Center="-14.521111+132.377778">
    <Label HasLeader="True" LabelOrientation="SW">
      <Point Name="RESEARCH CENTRE">RESC</Point>
      <Point Name="SCOTT CREEK">STC</Point>
    </Label>
  </Map>
  <Map Type="System" Name="YPTN_ALLRWYS" Priority="2" Center="-14.521111+132.377778">
    <!--YPTN-->
    <Runway Name="14/32">
      <Threshold Name="14" Position="-14.514222+132.370669" ExtendedCentrelineTrack="318.9" ExtendedCentrelineLength="15" ExtendedCentrelineTickInterval="1" />
      <Threshold Name="32" Position="-14.530878+132.385583" ExtendedCentrelineTrack="138.9" ExtendedCentrelineLength="15" ExtendedCentrelineTickInterval="1" />
    </Runway>
  </Map>
</Maps>