﻿<?xml version="1.0" encoding="utf-8"?>
<Maps>
  <Map Type="System" Name="TW_TCU" Priority="1" Center="-31.083889+150.846667">
    <!--YSTW-->
    <Runway Name="06/24">
      <Threshold Name="06" Position="-31.083169+150.842906" />
      <Threshold Name="24" Position="-31.080958+150.851344" />
    </Runway>
    <Runway Name="12L/30R">
      <Threshold Name="12L" Position="-31.071050+150.836975" />
      <Threshold Name="30R" Position="-31.084547+150.853872" />
    </Runway>
    <Runway Name="12R/30L">
      <Threshold Name="12R" Position="-31.081306+150.832869" />
      <Threshold Name="30L" Position="-31.088119+150.841397" />
    </Runway>
    <Runway Name="18/36">
      <Threshold Name="18" Position="-31.077431+150.846553" />
      <Threshold Name="36" Position="-31.086214+150.845072" />
    </Runway>
    <!--Airway Routes-->
    <Line>
      <!--H66-->
      MUDGI/
      UPVEN/
      URKER
    </Line>
    <Line>
      <!--H66-->
      PEBDO/
      WHITI/
      IDNER/
      BLAKA/
      MOOVI/
      LAGOB
    </Line>
    <Line>
      <!--V258-->
      KAMBA/
      GUNTA/
      PUDUT/
      MATLA/
      KEXAR/
      EKIBI
    </Line>
    <Line>
      <!--V258-->
      BIARO/
      NBR NDB
    </Line>
    <Line>
      <!--V417-->
      NBR NDB/
      OLRON
    </Line>
    <Line>
      <!--V417-->
      TIMBO/
      LAXUM/
      WLM NDB
    </Line>
    <Line>
      <!--W130-->
      OLTIN/
      UBLOM
    </Line>
    <Line>
      <!--W192-->
      MUDGI/
      ANBAN
    </Line>
    <Line>
      <!--W192-->
      SANAD/
      CFS VOR/
      TUCAB/
      TUCKI/
      GOMOL/
      MOOVI/
      ENKOG
    </Line>
    <Line>
      <!--W330-->
      LOSKU/
      CFS VOR
    </Line>
    <Line>
      <!--W359-->
      MUDGI/
      NIXUG
    </Line>
    <Line>
      <!--W411-->
      DULIN/
      VONDO/
      MASMI
    </Line>
    <Line>
      <!--W411-->
      OSRAR/
      UNSAR/
      DU NDB
    </Line>
    <Line>
      <!--W434-->
      ARM NDB/
      GFN NDB
    </Line>
    <Line>
      <!--W542-->
      MOR NDB/
      OVNOM/
      OLKUR/
      OMGOS
    </Line>
    <Symbol Type="HollowTriangle">
      <Point>VETAK</Point>
    </Symbol>
  </Map>
  <Map Type="System" Name="TW_TCU_NAMES" Priority="2" Center="-31.083889+150.846667">
    <Label>
      <Point>MUDGI</Point>
      <Point>UPVEN</Point>
      <Point>URKER</Point>
      <Point>PEBDO</Point>
      <Point>WHITI</Point>
      <Point>IDNER</Point>
      <Point>BLAKA</Point>
      <Point>MOOVI</Point>
      <Point>LAGOB</Point>
      <Point>KAMBA</Point>
      <Point>GUNTA</Point>
      <Point>PUDUT</Point>
      <Point>MATLA</Point>
      <Point>KEXAR</Point>
      <Point>EKIBI</Point>
      <Point>BIARO</Point>
      <Point>NBR NDB</Point>
      <Point>OLRON</Point>
      <Point>TIMBO</Point>
      <Point>LAXUM</Point>
      <Point>WLM NDB</Point>
      <Point>OLTIN</Point>
      <Point>UBLOM</Point>
      <Point>ANBAN</Point>
      <Point>SANAD</Point>
      <Point>CFS VOR</Point>
      <Point>TUCAB</Point>
      <Point>TUCKI</Point>
      <Point>GOMOL</Point>
      <Point>ENKOG</Point>
      <Point>LOSKU</Point>
      <Point>NIXUG</Point>
      <Point>DULIN</Point>
      <Point>VONDO</Point>
      <Point>MASMI</Point>
      <Point>OSRAR</Point>
      <Point>UNSAR</Point>
      <Point>DU NDB</Point>
      <Point>ARM NDB</Point>
      <Point>GFN NDB</Point>
      <Point>MOR NDB</Point>
      <Point>OVNOM</Point>
      <Point>OLKUR</Point>
      <Point>OMGOS</Point>
      <Point>VETAK</Point>
    </Label>
  </Map>
  <Map Type="System2" Name="TW_VFR" Priority="1" Center="-31.083889+150.846667">
    <Symbol Type="HollowSquare">
      <Point>ATG</Point>
      <Point>ALEC</Point>
      <Point>BIV</Point>
      <Point>BND</Point>
      <Point>BZA</Point>
      <Point>CYM</Point>
      <Point>DGN</Point>
      <Point>DUWN</Point>
      <Point>DUA</Point>
      <Point>DMT</Point>
      <Point>FHS</Point>
      <Point>GST</Point>
      <Point>GWT</Point>
      <Point>GGO</Point>
      <Point>KOT</Point>
      <Point>MAL</Point>
      <Point>MUI</Point>
      <Point>NEM</Point>
      <Point>NUN</Point>
      <Point>QNDI</Point>
      <Point>SMN</Point>
      <Point>SRR</Point>
      <Point>SLMT</Point>
      <Point>WBH</Point>
      <Point>WASL</Point>
      <Point>WEK</Point>
      <Point>WIE</Point>
    </Symbol>
    <Label HasLeader="True">
      <Point>ATG</Point>
      <Point>ALEC</Point>
      <Point>BIV</Point>
      <Point>BND</Point>
      <Point>BZA</Point>
      <Point>CYM</Point>
      <Point>DGN</Point>
      <Point>DUWN</Point>
      <Point>DUA</Point>
      <Point>DMT</Point>
      <Point>FHS</Point>
      <Point>GST</Point>
      <Point>GWT</Point>
      <Point>GGO</Point>
      <Point>KOT</Point>
      <Point>MAL</Point>
      <Point>MUI</Point>
      <Point>NEM</Point>
      <Point>NUN</Point>
      <Point>QNDI</Point>
      <Point>SMN</Point>
      <Point>SRR</Point>
      <Point>SLMT</Point>
      <Point>WBH</Point>
      <Point>WASL</Point>
      <Point>WEK</Point>
      <Point>WIE</Point>
    </Label>
    <Label HasLeader="True" LabelOrientation="NW">
      <Point Name="IN_DURI_GAP">DUA</Point>
      <Point Name="OUT_GATE_SOUTH">WASL</Point>
      <Point Name="OUT_GATE_WEST">-310430.500+1504517.000</Point>
    </Label>
    <!--IN_DURI_GAP-->
    <Line Pattern="Dotted">
      DUA/-310634.437+1504807.184
    </Line>
    <!--OUT_GATE_SOUTH-->
    <Line Pattern="Dotted">
      WASL/-311439.895+1504710.222/GST
    </Line>
    <!--OUT_GATE_WEST-->
    <Line Pattern="Dotted">
      -310430.500+1504517.000/GWT
    </Line>
  </Map>
  <Map Type="System2" Name="TW_VFR_FULL_NAME" Priority="1" Center="-31.083889+150.846667">
    <Label HasLeader="True" LabelOrientation="SW">
      <Point Name="ATTUNGA">ATG</Point>
      <Point Name="AUSTRALIAN LIVESTOCK EQUINE CENT">ALEC</Point>
      <Point Name="BECTIVE HS">BIV</Point>
      <Point Name="BENDEMEER">BND</Point>
      <Point Name="BREEZA">BZA</Point>
      <Point Name="CHAFFEY DAM">CYM</Point>
      <Point Name="DUNGOWAN">DGN</Point>
      <Point Name="DUNGOWAN DAM">DUWN</Point>
      <Point Name="DURI GAP">DUA</Point>
      <Point Name="DURI MT">DMT</Point>
      <Point Name="FARRER HIGH SCHOOL">FHS</Point>
      <Point Name="GATE SOUTH">GST</Point>
      <Point Name="GATE WEST">GWT</Point>
      <Point Name="GOONOO GOONOO HS">GGO</Point>
      <Point Name="KOOTINGAL">KOT</Point>
      <Point Name="MANILLA">MAL</Point>
      <Point Name="MURRURUNDI">MUI</Point>
      <Point Name="NEMINGHA">NEM</Point>
      <Point Name="NUNDLE">NUN</Point>
      <Point Name="QUIRINDI">QNDI</Point>
      <Point Name="SOMERTON">SMN</Point>
      <Point Name="SPLIT ROCK RESV">SRR</Point>
      <Point Name="SUGARLOAF MT">SLMT</Point>
      <Point Name="WALLABADAH">WBH</Point>
      <Point Name="WARRAL SILO">WASL</Point>
      <Point Name="WERRIS CREEK">WEK</Point>
      <Point Name="WIMMERA">WIE</Point>
    </Label>
  </Map>
  <Map Type="System" Name="YSTW_ALLRWYS" Priority="2" Center="-31.083889+150.846667">
    <!--YSTW-->
    <Runway Name="06/24">
      <Threshold Name="06" Position="-31.083169+150.842906" />
      <Threshold Name="24" Position="-31.080958+150.851344" />
    </Runway>
    <!--YSTW-->
    <Runway Name="12L/30R">
      <Threshold Name="12L" Position="-31.071050+150.836975" ExtendedCentrelineTrack="312.86" ExtendedCentrelineLength="15" ExtendedCentrelineTickInterval="1" />
      <Threshold Name="30R" Position="-31.084547+150.853872" ExtendedCentrelineTrack="132.87" ExtendedCentrelineLength="15" ExtendedCentrelineTickInterval="1" />
    </Runway>
    <!--YSTW-->
    <Runway Name="12R/30L">
      <Threshold Name="12R" Position="-31.081306+150.832869" ExtendedCentrelineTrack="312.87" ExtendedCentrelineLength="10" ExtendedCentrelineTickInterval="2" />
      <Threshold Name="30L" Position="-31.088119+150.841397" ExtendedCentrelineTrack="132.88" ExtendedCentrelineLength="10" ExtendedCentrelineTickInterval="2" />
    </Runway>
    <!--YSTW-->
    <Runway Name="18/36">
      <Threshold Name="18" Position="-31.077431+150.846553" />
      <Threshold Name="36" Position="-31.086214+150.845072" />
    </Runway>
  </Map>
</Maps>