﻿<?xml version="1.0" encoding="utf-8"?>
<Maps>
  <Map Type="System" Name="SU_TCU" Priority="1" Center="-26.603333+153.091111">
    <!--YBSU-->
    <Runway Name="13/31">
      <Threshold Name="13" Position="-26.583214+153.074517" />
      <Threshold Name="31" Position="-26.600728+153.089547" />
    </Runway>
    <!--Airway Routes-->
    <Line>
      <!--Q35-->
      MUDDL/
      SANEG/
      ISKIM/
      OSOTI
    </Line>
    <Line>
      <!--Q69-->
      GOMOL/
      MAKRU/
      RULUN
    </Line>
    <Line>
      <!--W207-->
      SURPO/
      OK VOR/
      IVL NDB
    </Line>
    <Line>
      <!--W247-->
      RUROX/
      BUD NDB/
      SOSTU
    </Line>
    <Line>
      <!--W504-->
      UNVAT/
      LEVPU
    </Line>
    <Line>
      <!--W534-->
      SEBVA/
      SUSGI
    </Line>
    <Line>
      <!--Z84-->
      CREDY/
      HAAVI/
      BUD NDB
    </Line>
  </Map>
  <Map Type="System2" Name="SU_VFR" Priority="1" Center="-26.603333+153.091111">
    <Symbol Type="HollowSquare">
      <Point>AEN</Point>
      <Point>BLHS</Point>
      <Point>BCM</Point>
      <Point>BLIC</Point>
      <Point>BONG</Point>
      <Point>BOON</Point>
      <Point>BOAR</Point>
      <Point>BBBG</Point>
      <Point>BBI</Point>
      <Point>CABO</Point>
      <Point>CRDZ</Point>
      <Point>CALT</Point>
      <Point>CPMN</Point>
      <Point>CRPT</Point>
      <Point>COOL</Point>
      <Point>CORO</Point>
      <Point>DBO</Point>
      <Point>DIBE</Point>
      <Point>DOOM</Point>
      <Point>DLP</Point>
      <Point>EMI</Point>
      <Point>EMD</Point>
      <Point>FISH</Point>
      <Point>GGN</Point>
      <Point>HAVY</Point>
      <Point>HBVT</Point>
      <Point>KLCY</Point>
      <Point>KBCH</Point>
      <Point>LCDI</Point>
      <Point>LVE</Point>
      <Point>MFBH</Point>
      <Point>MFH</Point>
      <Point>MBH</Point>
      <Point>MTC</Point>
      <Point>MGLO</Point>
      <Point>MIY</Point>
      <Point>MUDI</Point>
      <Point>NMB</Point>
      <Point>NOSA</Point>
      <Point>NUDG</Point>
      <Point>PEG</Point>
      <Point>PTI</Point>
      <Point>RIT</Point>
      <Point>SSV</Point>
      <Point>SAND</Point>
      <Point>SMD</Point>
      <Point>SHIS</Point>
      <Point>STUM</Point>
      <Point>SBCH</Point>
      <Point>TWT</Point>
      <Point>THB</Point>
      <Point>WYPT</Point>
      <Point>WRM</Point>
      <Point>YNA</Point>
    </Symbol>
    <Label HasLeader="True">
      <Point>AEN</Point>
      <Point>BLHS</Point>
      <Point>BCM</Point>
      <Point>BLIC</Point>
      <Point>BONG</Point>
      <Point>BOON</Point>
      <Point>BOAR</Point>
      <Point>BBBG</Point>
      <Point>BBI</Point>
      <Point>CABO</Point>
      <Point>CRDZ</Point>
      <Point>CALT</Point>
      <Point>CPMN</Point>
      <Point>CRPT</Point>
      <Point>COOL</Point>
      <Point>CORO</Point>
      <Point>DBO</Point>
      <Point>DIBE</Point>
      <Point>DOOM</Point>
      <Point>DLP</Point>
      <Point>EMI</Point>
      <Point>EMD</Point>
      <Point>FISH</Point>
      <Point>GGN</Point>
      <Point>HAVY</Point>
      <Point>HBVT</Point>
      <Point>KLCY</Point>
      <Point>KBCH</Point>
      <Point>LCDI</Point>
      <Point>LVE</Point>
      <Point>MFBH</Point>
      <Point>MFH</Point>
      <Point>MBH</Point>
      <Point>MTC</Point>
      <Point>MGLO</Point>
      <Point>MIY</Point>
      <Point>MUDI</Point>
      <Point>NMB</Point>
      <Point>NOSA</Point>
      <Point>NUDG</Point>
      <Point>PEG</Point>
      <Point>PTI</Point>
      <Point>RIT</Point>
      <Point>SSV</Point>
      <Point>SAND</Point>
      <Point>SMD</Point>
      <Point>SHIS</Point>
      <Point>STUM</Point>
      <Point>SBCH</Point>
      <Point>TWT</Point>
      <Point>THB</Point>
      <Point>WYPT</Point>
      <Point>WRM</Point>
      <Point>YNA</Point>
    </Label>
    <Label HasLeader="True" LabelOrientation="NW">
      <Point Name="INLAND">-264322.961+1530227.829</Point>
    </Label>
    <!--INLAND-->
    <Line Pattern="Dotted">
      -264322.961+1530227.829/-264249.174+1530117.616/-264215.213+1530053.663/-264127.066+1530007.836/-264025.720+1525946.681/-263903.766+1525916.273/-263822.752+1525906.652/-263726.085+1525909.814/-263654.554+1525832.154/-263522.850+1525757.226/-263451.898+1525733.968/-263351.475+1525712.776/-263215.665+1525715.048/-263003.168+1525653.189/-262809.860+1525614.352
    </Line>
  </Map>
  <Map Type="System2" Name="SU_VFR_FULL_NAME" Priority="1" Center="-26.603333+153.091111">
    <Label HasLeader="True" LabelOrientation="SW">
      <Point Name="ARDENT">AEN</Point>
      <Point Name="BALD HILLS MAST">BLHS</Point>
      <Point Name="BEACHMERE">BCM</Point>
      <Point Name="BLI BLI CASTLE">BLIC</Point>
      <Point Name="BONGAREE">BONG</Point>
      <Point Name="BOONDALL ENTERTAINMENT CENTRE">BOON</Point>
      <Point Name="BORUMBA RESV">BOAR</Point>
      <Point Name="BRIBIE BRIDGE">BBBG</Point>
      <Point Name="BRIBIE ISLAND">BBI</Point>
      <Point Name="CABOOLTURE">CABO</Point>
      <Point Name="CALOUNDRA DROPZONE">CRDZ</Point>
      <Point Name="CALTEX REFINERY">CALT</Point>
      <Point Name="CAPE MORETON">CPMN</Point>
      <Point Name="CASTLEREAGH POINT">CRPT</Point>
      <Point Name="COOLUM HI-RISE">COOL</Point>
      <Point Name="COOROY">CORO</Point>
      <Point Name="DAYBORO">DBO</Point>
      <Point Name="DICKY BEACH">DIBE</Point>
      <Point Name="DOOMBEN RACECOURSE">DOOM</Point>
      <Point Name="DOUBLE ISLAND PT">DLP</Point>
      <Point Name="EUMUNDI">EMI</Point>
      <Point Name="EWEN MADDOCK DAM">EMD</Point>
      <Point Name="FISHERMANS ISLAND">FISH</Point>
      <Point Name="GALLANGOWAN">GGN</Point>
      <Point Name="HAPPY VALLEY">HAVY</Point>
      <Point Name="HORNIBROOK VIADUCT">HBVT</Point>
      <Point Name="KILCOY TOWNSHIP">KLCY</Point>
      <Point Name="KINGS BEACH">KBCH</Point>
      <Point Name="LAKE CURRIMUNDI">LCDI</Point>
      <Point Name="LINVILLE">LVE</Point>
      <Point Name="MOFFAT BEACH">MFBH</Point>
      <Point Name="MOFFAT HEAD">MFH</Point>
      <Point Name="MOOLOOLABA">MBH</Point>
      <Point Name="MOUNT COOLUM">MTC</Point>
      <Point Name="MOUNT GLORIOUS">MGLO</Point>
      <Point Name="MOUNT NINDERRY">MIY</Point>
      <Point Name="MUD ISLAND">MUDI</Point>
      <Point Name="NAMBOUR">NMB</Point>
      <Point Name="NOOSA HEADS">NOSA</Point>
      <Point Name="NUDGEE TIP">NUDG</Point>
      <Point Name="PEREGIAN">PEG</Point>
      <Point Name="PETRIE">PTI</Point>
      <Point Name="RING TANK">RIT</Point>
      <Point Name="SAMSONVALE">SSV</Point>
      <Point Name="SANDGATE PIER">SAND</Point>
      <Point Name="SOMERSET DAM">SMD</Point>
      <Point Name="ST HELENA ISLAND">SHIS</Point>
      <Point Name="STUMERS CREEK">STUM</Point>
      <Point Name="SUTTONS BEACH">SBCH</Point>
      <Point Name="TEWANTIN">TWT</Point>
      <Point Name="THEEBINE">THB</Point>
      <Point Name="WOODY PT">WYPT</Point>
      <Point Name="WOORIM">WRM</Point>
      <Point Name="YANDINA">YNA</Point>
    </Label>
  </Map>
  <Map Type="System" Name="YBSU_ALLRWYS" Priority="2" Center="-26.603333+153.091111">
    <!--YBSU-->
    <Runway Name="13/31">
      <Threshold Name="13" Position="-26.583214+153.074517" ExtendedCentrelineTrack="322.34" ExtendedCentrelineLength="10" ExtendedCentrelineTickInterval="1" />
      <Threshold Name="31" Position="-26.600728+153.089547" ExtendedCentrelineTrack="142.35" ExtendedCentrelineLength="10" ExtendedCentrelineTickInterval="1" />
    </Runway>
  </Map>
</Maps>