﻿<?xml version="1.0" encoding="utf-8"?>
<Maps>
  <Map Type="System" Name="LT_RWY14R" Priority="1" Center="-41.545278+147.214167">
    <!--YMLT-->
    <Runway Name="14R/32L">
      <Threshold Name="14R" Position="-41.537067+147.204097" ExtendedCentrelineTrack="327.27" ExtendedCentrelineLength="10" ExtendedCentrelineTickInterval="1" />
      <Threshold Name="32L" Position="-41.552075+147.216933" />
    </Runway>
    <!--SIDs-->
    <Line>
      <!--Rwy14R FLIK1A-->
      -413307.470+1471300.960/
      -413603.570+1471532.100/
      -413647.892+1471551.099/
      -413733.412+1471537.833/
      -413807.872+1471455.888/
      -413822.032+1471356.502/
      -413812.094+1471255.600/
      -413742.315+1471211.012/
      -413705.000+1471155.000/
      LT VOR/
      FLIKI
    </Line>
    <Line>
      <!--Rwy14R FLIK1B-->
      -413603.570+1471532.100/
      -413634.948+1471618.074/
      -413644.885+1471718.950/
      -413630.725+1471818.311/
      -413556.266+1471900.239/
      -413510.746+1471913.499/
      -413428.044+1471855.866/
      -413046.000+1471144.000/
      FLIKI
    </Line>
    <Line>
      <!--Rwy14R FLIK1C-->
      -413705.000+1471155.000/
      FLIKI
    </Line>
    <Line>
      <!--Rwy14R IRSO2A-->
      -413742.315+1471211.012/
      -412826.000+1470319.000/
      IRSOM
    </Line>
    <Line>
      <!--Rwy14R IRSO2C-->
    </Line>
    <Line>
      <!--Rwy14R MIKIS3-->
      -413822.032+1471356.502/
      -413633.000+1470004.000/
      MIKIS
    </Line>
    <Line>
      <!--Rwy14R MORG2A-->
      -413807.872+1471455.888/
      -414150.000+1471051.000/
      MORGO
    </Line>
    <Line>
      <!--Rwy14R MORG2C-->
    </Line>
    <Line>
      <!--Rwy14R MOTR2A-->
      LT VOR/
      MOTRA
    </Line>
    <Line>
      <!--Rwy14R MOTR2B-->
      -413556.266+1471900.239/
      -413107.000+1472042.000/
      MOTRA
    </Line>
    <Line>
      <!--Rwy14R NUNP2A-->
      LT VOR/
      NUNPA
    </Line>
    <Line>
      <!--Rwy14R NUNP2B-->
      -413428.044+1471855.866/
      -412945.000+1471425.000/
      NUNPA
    </Line>
    <Line>
      <!--Rwy14R TASUM2-->
      -413647.892+1471551.099/
      TASUM
    </Line>
    <Line>
      <!--Rwy14R VEKLO1-->
      -413603.570+1471532.100/
      VEKLO
    </Line>
    <Line>
      <!--Rwy14R VIMA1A-->
      LT VOR/
      VIMAP
    </Line>
    <Line>
      <!--Rwy14R VIMA1B-->
      -412945.000+1471425.000/
      -412919.000+1471401.000/
      -412454.000+1471536.000/
      -411740.000+1471232.000/
      VIMAP
    </Line>
    <!--STARs-->
    <Symbol Type="Circle">
      <Point>LT VOR</Point>
    </Symbol>
    <Symbol Type="HollowStar">
      <Point>FLIKI</Point>
      <Point>IRSOM</Point>
      <Point>MIKIS</Point>
      <Point>MORGO</Point>
      <Point>MOTRA</Point>
      <Point>NUNPA</Point>
      <Point>TASUM</Point>
      <Point>VEKLO</Point>
      <Point>VIMAP</Point>
    </Symbol>
  </Map>
  <Map Type="System" Name="LT_RWY14R_NAMES" Priority="2" Center="-41.545278+147.214167">
    <Label>
      <Point>LT VOR</Point>
      <Point>FLIKI</Point>
      <Point>IRSOM</Point>
      <Point>MIKIS</Point>
      <Point>MORGO</Point>
      <Point>MOTRA</Point>
      <Point>NUNPA</Point>
      <Point>TASUM</Point>
      <Point>VEKLO</Point>
      <Point>VIMAP</Point>
      <Point>KANLI</Point>
      <Point>LATUM</Point>
      <Point>AKTAM</Point>
      <Point>EXROM</Point>
      <Point>ONAGI</Point>
      <Point>WAREN</Point>
      <Point>MIMIM</Point>
      <Point>DOTVU</Point>
      <Point>WYY NDB</Point>
      <Point>RIBLI</Point>
      <Point>ESL NDB</Point>
      <Point>ANTLA</Point>
      <Point>LTV NDB</Point>
      <Point>ELMOR</Point>
      <Point>GOMOM</Point>
    </Label>
  </Map>
</Maps>