﻿<?xml version="1.0" encoding="utf-8"?>
<Maps>
  <Map Type="System" Name="LT_RWY32L" Priority="1" Center="-41.545278+147.214167">
    <!--YMLT-->
    <Runway Name="14R/32L">
      <Threshold Name="14R" Position="-41.537067+147.204097" />
      <Threshold Name="32L" Position="-41.552075+147.216933" ExtendedCentrelineTrack="147.28" ExtendedCentrelineLength="10" ExtendedCentrelineTickInterval="1" />
    </Runway>
    <!--SIDs-->
    <Line>
      <!--Rwy32L FLIK1A-->
      -413213.440+1471214.750/
      -412942.000+1471005.000/
      -412857.620+1470946.030/
      -412614.000+1470930.000/
      FLIKI
    </Line>
    <Line>
      <!--Rwy32L IRSO2A-->
      -412942.000+1471005.000/
      -412910.593+1470919.041/
      -412753.000+1470248.000/
      IRSOM
    </Line>
    <Line>
      <!--Rwy32L MIKIS3-->
      -412910.593+1470919.041/
      -412900.667+1470818.280/
      -412914.821+1470719.031/
      -413751.000+1465552.000/
      MIKIS
    </Line>
    <Line>
      <!--Rwy32L MORG2A-->
      -412914.821+1470719.031/
      -412949.266+1470637.154/
      -413034.779+1470623.873/
      -413117.489+1470641.453/
      -413743.000+1471142.000/
      MORGO
    </Line>
    <Line>
      <!--Rwy32L MOTR2A-->
      -412857.620+1470946.030/
      -412812.106+1470959.306/
      -412737.661+1471041.165/
      -412723.507+1471140.390/
      -412733.434+1471241.125/
      -413109.000+1471939.000/
      MOTRA
    </Line>
    <Line>
      <!--Rwy32L NUNP2A-->
      -412737.661+1471041.165/
      -412454.000+1471823.000/
      NUNPA
    </Line>
    <Line>
      <!--Rwy32L TASUM2-->
      -413743.000+1471142.000/
      -414152.000+1471458.000/
      TASUM
    </Line>
    <Line>
      <!--Rwy32L VEKLO1-->
      -413117.489+1470641.453/
      -414054.000+1471936.000/
      VEKLO
    </Line>
    <Line>
      <!--Rwy32L VIMA1A-->
      -412812.106+1470959.306/
      -412448.000+1471311.000/
      VIMAP
    </Line>
    <!--STARs-->
    <Symbol Type="HollowTriangle">
      <Point>ISMIR</Point>
    </Symbol>
    <Symbol Type="HollowStar">
      <Point>FLIKI</Point>
      <Point>IRSOM</Point>
      <Point>MIKIS</Point>
      <Point>MORGO</Point>
      <Point>MOTRA</Point>
      <Point>NUNPA</Point>
      <Point>TASUM</Point>
      <Point>VEKLO</Point>
      <Point>VIMAP</Point>
    </Symbol>
  </Map>
  <Map Type="System" Name="LT_RWY32L_NAMES" Priority="2" Center="-41.545278+147.214167">
    <Label>
      <Point>FLIKI</Point>
      <Point>IRSOM</Point>
      <Point>MIKIS</Point>
      <Point>MORGO</Point>
      <Point>MOTRA</Point>
      <Point>NUNPA</Point>
      <Point>TASUM</Point>
      <Point>VEKLO</Point>
      <Point>VIMAP</Point>
      <Point>KANLI</Point>
      <Point>LATUM</Point>
      <Point>AKTAM</Point>
      <Point>EXROM</Point>
      <Point>ONAGI</Point>
      <Point>WAREN</Point>
      <Point>MIMIM</Point>
      <Point>DOTVU</Point>
      <Point>WYY NDB</Point>
      <Point>RIBLI</Point>
      <Point>ESL NDB</Point>
      <Point>ANTLA</Point>
      <Point>LTV NDB</Point>
      <Point>ELMOR</Point>
      <Point>GOMOM</Point>
      <Point>ISMIR</Point>
    </Label>
  </Map>
</Maps>