﻿<?xml version="1.0" encoding="utf-8"?>
<Maps>
  <Map Type="System" Name="LT_TCU" Priority="1" Center="-41.545278+147.214167">
    <!--YMLT-->
    <Runway Name="14R/32L">
      <Threshold Name="14R" Position="-41.537067+147.204097" />
      <Threshold Name="32L" Position="-41.552075+147.216933" />
    </Runway>
    <!--Airway Routes-->
    <Line>
      <!--H111-->
      TASUM/
      KANLI/
      LATUM
    </Line>
    <Line>
      <!--H215-->
      FLIKI/
      AKTAM/
      EXROM/
      ONAGI/
      WAREN
    </Line>
    <Line>
      <!--J22-->
      MIMIM/
      NUNPA
    </Line>
    <Line>
      <!--W105-->
      DOTVU/
      WYY NDB/
      IRSOM
    </Line>
    <Line>
      <!--W203-->
      RIBLI/
      MORGO
    </Line>
    <Line>
      <!--W218-->
      ESL NDB/
      ANTLA/
      VIMAP
    </Line>
    <Line>
      <!--W219-->
      LTV NDB/
      ELMOR
    </Line>
    <Line>
      <!--W410-->
      GOMOM/
      MIKIS
    </Line>
  </Map>
  <Map Type="System2" Name="LT_VFR" Priority="1" Center="-41.545278+147.214167">
    <Symbol Type="HollowSquare">
      <Point>AVCA</Point>
      <Point>BNE</Point>
      <Point>BENV</Point>
      <Point>CLLN</Point>
      <Point>CIK</Point>
      <Point>CLJ</Point>
      <Point>CJN</Point>
      <Point>CES</Point>
      <Point>DEL</Point>
      <Point>GVH</Point>
      <Point>HSP</Point>
      <Point>HYH</Point>
      <Point>JSL</Point>
      <Point>LKEC</Point>
      <Point>LIY</Point>
      <Point>LHD</Point>
      <Point>NUA</Point>
      <Point>OAT</Point>
      <Point>STTE</Point>
      <Point>SYP</Point>
      <Point>TID</Point>
      <Point>TAP</Point>
      <Point>TVM</Point>
      <Point>WTG</Point>
      <Point>WSN</Point>
    </Symbol>
    <Label HasLeader="True">
      <Point>AVCA</Point>
      <Point>BNE</Point>
      <Point>BENV</Point>
      <Point>CLLN</Point>
      <Point>CIK</Point>
      <Point>CLJ</Point>
      <Point>CJN</Point>
      <Point>CES</Point>
      <Point>DEL</Point>
      <Point>GVH</Point>
      <Point>HSP</Point>
      <Point>HYH</Point>
      <Point>JSL</Point>
      <Point>LKEC</Point>
      <Point>LIY</Point>
      <Point>LHD</Point>
      <Point>NUA</Point>
      <Point>OAT</Point>
      <Point>STTE</Point>
      <Point>SYP</Point>
      <Point>TID</Point>
      <Point>TAP</Point>
      <Point>TVM</Point>
      <Point>WTG</Point>
      <Point>WSN</Point>
    </Label>
    <Label HasLeader="True" LabelOrientation="NW">
      <Point Name="IN_NORTH_WEST">WTG</Point>
      <Point Name="IN_SOUTH">CJN</Point>
      <Point Name="IN_WEST">WSN</Point>
      <Point Name="NORTH">LHD</Point>
      <Point Name="NORTH_EAST">TAP</Point>
      <Point Name="OUT_SOUTH">YMLT</Point>
    </Label>
    <!--IN_NORTH_WEST-->
    <Line Pattern="Dotted">
      WTG/YMLT
    </Line>
    <!--IN_SOUTH-->
    <Line Pattern="Dotted">
      CJN/SYP/YMLT
    </Line>
    <!--IN_WEST-->
    <Line Pattern="Dotted">
      WSN/YMLT
    </Line>
    <!--NORTH-->
    <Line Pattern="Dotted">
      LHD/BNE/TID/YMLT
    </Line>
    <!--NORTH_EAST-->
    <Line Pattern="Dotted">
      TAP/YMLT
    </Line>
    <!--OUT_SOUTH-->
    <Line Pattern="Dotted">
      YMLT/SYP/JSL
    </Line>
  </Map>
  <Map Type="System2" Name="LT_VFR_FULL_NAME" Priority="1" Center="-41.545278+147.214167">
    <Label HasLeader="True" LabelOrientation="SW">
      <Point Name="AVOCA">AVCA</Point>
      <Point Name="BATMAN BRIDGE">BNE</Point>
      <Point Name="BEN NEVIS">BENV</Point>
      <Point Name="CAMPBELLTOWN">CLLN</Point>
      <Point Name="CARRICK">CIK</Point>
      <Point Name="CASTLE JUNCTION">CLJ</Point>
      <Point Name="CONARA JUNCTION">CJN</Point>
      <Point Name="CRESSY">CES</Point>
      <Point Name="DELORAINE">DEL</Point>
      <Point Name="GRAVELLY BEACH">GVH</Point>
      <Point Name="HADSPEN">HSP</Point>
      <Point Name="HUMMOCKY HILLS">HYH</Point>
      <Point Name="JACOB'S SUGARLOAF">JSL</Point>
      <Point Name="LAKE ECHO">LKEC</Point>
      <Point Name="LILYDALE">LIY</Point>
      <Point Name="LOW HEAD">LHD</Point>
      <Point Name="NUNAMARA">NUA</Point>
      <Point Name="OATLANDS">OAT</Point>
      <Point Name="SCOTTSDALE">STTE</Point>
      <Point Name="SYMMONS PLAINS">SYP</Point>
      <Point Name="TAMAR ISLAND">TID</Point>
      <Point Name="TARGA GAP">TAP</Point>
      <Point Name="TREVALLYN DAM">TVM</Point>
      <Point Name="WEST GAP">WTG</Point>
      <Point Name="WEST LAGOON">WSN</Point>
    </Label>
  </Map>
  <Map Type="System" Name="YMLT_ALLRWYS" Priority="2" Center="-41.545278+147.214167">
    <!--YMLT-->
    <Runway Name="14R/32L">
      <Threshold Name="14R" Position="-41.537067+147.204097" ExtendedCentrelineTrack="327.27" ExtendedCentrelineLength="10" ExtendedCentrelineTickInterval="1" />
      <Threshold Name="32L" Position="-41.552075+147.216933" ExtendedCentrelineTrack="147.28" ExtendedCentrelineLength="10" ExtendedCentrelineTickInterval="1" />
    </Runway>
  </Map>
</Maps>