﻿<?xml version="1.0" encoding="utf-8"?>
<Maps>
  <Map Type="System" Name="RK_RWY15" Priority="1" Center="-23.381944+150.475278">
    <!--YBRK-->
    <Runway Name="15/33">
      <Threshold Name="15" Position="-23.369219+150.470561" ExtendedCentrelineTrack="337.68" ExtendedCentrelineLength="15" ExtendedCentrelineTickInterval="1" />
      <Threshold Name="33" Position="-23.390681+150.480117" />
    </Runway>
    <!--SIDs-->
    <Line>
      <!--Rwy15 BUDGI2-->
      -232326.450+1502848.420/
      -232326.452+1502848.421/
      -232817.749+1503056.854/
      BUDGI
    </Line>
    <Line>
      <!--Rwy15 TARES5-->
      -232326.452+1502848.421/
      -232529.159+1502944.431/
      -232557.029+1502940.359/
      -232620.130+1502922.887/
      ADLOS/
      MUGLU/
      DORNU/
      IPNET/
      TARES
    </Line>
    <!--STARs-->
    <Line>
      <!--Rwy15 ABVAS1-->
      ABVAS/
      RELEM/
      BASOB
    </Line>
    <Line>
      <!--Rwy15 DADBO1-->
      DADBO/
      DADIS/
      GOKUN
    </Line>
    <Symbol Type="HollowTriangle">
      <Point>BASOB</Point>
      <Point>GOKUN</Point>
    </Symbol>
    <Symbol Type="HollowStar">
      <Point>BUDGI</Point>
      <Point>ADLOS</Point>
      <Point>MUGLU</Point>
      <Point>DORNU</Point>
      <Point>IPNET</Point>
      <Point>TARES</Point>
      <Point>ABVAS</Point>
      <Point>RELEM</Point>
      <Point>DADBO</Point>
      <Point>DADIS</Point>
    </Symbol>
  </Map>
  <Map Type="System" Name="RK_RWY15_NAMES" Priority="2" Center="-23.381944+150.475278">
    <Label>
      <Point>BUDGI</Point>
      <Point>ADLOS</Point>
      <Point>MUGLU</Point>
      <Point>DORNU</Point>
      <Point>IPNET</Point>
      <Point>TARES</Point>
      <Point>ABVAS</Point>
      <Point>RELEM</Point>
      <Point>BASOB</Point>
      <Point>DADBO</Point>
      <Point>DADIS</Point>
      <Point>GOKUN</Point>
      <Point>ALBUX</Point>
      <Point>DAGSI</Point>
      <Point>MK VOR</Point>
      <Point>MUNAR</Point>
      <Point>LERKI</Point>
      <Point>MILTY</Point>
      <Point>SUSGI</Point>
      <Point>OTLEB</Point>
      <Point>MORBI</Point>
      <Point>REMOR</Point>
      <Point>GAYLA</Point>
      <Point>AKOBA</Point>
      <Point>SAGLI</Point>
      <Point>MAGPI</Point>
      <Point>OLDIB</Point>
      <Point>EMSUP</Point>
      <Point>WELKE</Point>
      <Point>CLIFT</Point>
      <Point>BITAS</Point>
      <Point>NOKAV</Point>
      <Point>LUKPU</Point>
      <Point>ESLAR</Point>
      <Point>LEMER</Point>
      <Point>NIPOM</Point>
      <Point>PUMET</Point>
      <Point>BUD NDB</Point>
      <Point>GLA VOR</Point>
      <Point>KANBU</Point>
      <Point>VANVA</Point>
    </Label>
  </Map>
</Maps>