﻿<?xml version="1.0" encoding="utf-8"?>
<Maps>
  <Map Type="System" Name="RK_RWY33" Priority="1" Center="-23.381944+150.475278">
    <!--YBRK-->
    <Runway Name="15/33">
      <Threshold Name="15" Position="-23.369219+150.470561" />
      <Threshold Name="33" Position="-23.390681+150.480117" ExtendedCentrelineTrack="157.66" ExtendedCentrelineLength="15" ExtendedCentrelineTickInterval="1" />
    </Runway>
    <!--SIDs-->
    <Line>
      <!--Rwy33 BUDGI2-->
      -232209.190+1502814.020/
      -232209.188+1502814.020/
      -232008.289+1502711.209/
      -231952.300+1502642.816/
      -231951.247+1502609.529/
      GIXOX/
      ADLUR/
      BUDGI
    </Line>
    <Line>
      <!--Rwy33 TARES5-->
      -232209.188+1502814.020/
      JITRA/
      IPNET/
      TARES
    </Line>
    <!--STARs-->
    <Line>
      <!--Rwy33 ABVAS1-->
      ABVAS/
      RELEM/
      PADVU/
      POPEX/
      LALIS
    </Line>
    <Line>
      <!--Rwy33 DADBO1-->
      DADBO/
      SARUS
    </Line>
    <Symbol Type="HollowTriangle">
      <Point>LALIS</Point>
      <Point>SARUS</Point>
    </Symbol>
    <Symbol Type="HollowStar">
      <Point>GIXOX</Point>
      <Point>ADLUR</Point>
      <Point>BUDGI</Point>
      <Point>JITRA</Point>
      <Point>IPNET</Point>
      <Point>TARES</Point>
      <Point>ABVAS</Point>
      <Point>RELEM</Point>
      <Point>PADVU</Point>
      <Point>POPEX</Point>
      <Point>DADBO</Point>
    </Symbol>
  </Map>
  <Map Type="System" Name="RK_RWY33_NAMES" Priority="2" Center="-23.381944+150.475278">
    <Label>
      <Point>GIXOX</Point>
      <Point>ADLUR</Point>
      <Point>BUDGI</Point>
      <Point>JITRA</Point>
      <Point>IPNET</Point>
      <Point>TARES</Point>
      <Point>ABVAS</Point>
      <Point>RELEM</Point>
      <Point>PADVU</Point>
      <Point>POPEX</Point>
      <Point>LALIS</Point>
      <Point>DADBO</Point>
      <Point>SARUS</Point>
      <Point>ALBUX</Point>
      <Point>DAGSI</Point>
      <Point>MK VOR</Point>
      <Point>MUNAR</Point>
      <Point>LERKI</Point>
      <Point>MILTY</Point>
      <Point>SUSGI</Point>
      <Point>OTLEB</Point>
      <Point>MORBI</Point>
      <Point>REMOR</Point>
      <Point>GAYLA</Point>
      <Point>AKOBA</Point>
      <Point>SAGLI</Point>
      <Point>MAGPI</Point>
      <Point>OLDIB</Point>
      <Point>EMSUP</Point>
      <Point>WELKE</Point>
      <Point>CLIFT</Point>
      <Point>BITAS</Point>
      <Point>NOKAV</Point>
      <Point>LUKPU</Point>
      <Point>ESLAR</Point>
      <Point>LEMER</Point>
      <Point>NIPOM</Point>
      <Point>PUMET</Point>
      <Point>BUD NDB</Point>
      <Point>GLA VOR</Point>
      <Point>KANBU</Point>
      <Point>VANVA</Point>
    </Label>
  </Map>
</Maps>