﻿<?xml version="1.0" encoding="utf-8"?>
<Maps>
  <Map Type="System" Name="RK_TCU" Priority="1" Center="-23.381944+150.475278">
    <!--YBRK-->
    <Runway Name="04/22">
      <Threshold Name="04" Position="-23.382458+150.465389" />
      <Threshold Name="22" Position="-23.378047+150.471589" />
    </Runway>
    <Runway Name="15/33">
      <Threshold Name="15" Position="-23.369219+150.470561" />
      <Threshold Name="33" Position="-23.390681+150.480117" />
    </Runway>
    <!--Airway Routes-->
    <Line>
      <!--V153-->
      ALBUX/
      DAGSI/
      MK VOR/
      MUNAR/
      LERKI/
      ABVAS
    </Line>
    <Line>
      <!--V307-->
      MILTY/
      SUSGI/
      OTLEB/
      MORBI/
      REMOR/
      GAYLA
    </Line>
    <Line>
      <!--V308-->
      AKOBA/
      SAGLI/
      MAGPI/
      OLDIB/
      DADBO
    </Line>
    <Line>
      <!--V308-->
      EMSUP/
      WELKE/
      MK VOR/
      CLIFT/
      BITAS
    </Line>
    <Line>
      <!--W240-->
      NOKAV/
      LUKPU/
      ESLAR/
      LEMER
    </Line>
    <Line>
      <!--W518-->
      NIPOM/
      PUMET
    </Line>
    <Line>
      <!--W636-->
      BUD NDB/
      GLA VOR
    </Line>
    <Line>
      <!--W664-->
      KANBU/
      LUKPU
    </Line>
    <Line>
      <!--W889-->
      VANVA/
      MK VOR
    </Line>
  </Map>
  <Map Type="System2" Name="RK_VFR" Priority="1" Center="-23.381944+150.475278">
    <Symbol Type="HollowSquare">
      <Point>DAG</Point>
      <Point>KANC</Point>
      <Point>KUN</Point>
      <Point>MAS</Point>
      <Point>MLI</Point>
      <Point>MGN</Point>
      <Point>MWH</Point>
      <Point>NBRR</Point>
      <Point>PRKH</Point>
      <Point>PII</Point>
      <Point>PMA</Point>
      <Point>RNN</Point>
      <Point>SBRR</Point>
      <Point>SPS</Point>
      <Point>YMA</Point>
    </Symbol>
    <Label HasLeader="True">
      <Point>DAG</Point>
      <Point>KANC</Point>
      <Point>KUN</Point>
      <Point>MAS</Point>
      <Point>MLI</Point>
      <Point>MGN</Point>
      <Point>MWH</Point>
      <Point>NBRR</Point>
      <Point>PRKH</Point>
      <Point>PII</Point>
      <Point>PMA</Point>
      <Point>RNN</Point>
      <Point>SBRR</Point>
      <Point>SPS</Point>
      <Point>YMA</Point>
    </Label>
  </Map>
  <Map Type="System2" Name="RK_VFR_FULL_NAME" Priority="1" Center="-23.381944+150.475278">
    <Label HasLeader="True" LabelOrientation="SW">
      <Point Name="DUARINGA">DAG</Point>
      <Point Name="KOORANA CROCODILE FARM">KANC</Point>
      <Point Name="KUNWARARA">KUN</Point>
      <Point Name="MAGNESITE MINE">MAS</Point>
      <Point Name="MOUNT LION">MLI</Point>
      <Point Name="MOUNT MORGAN">MGN</Point>
      <Point Name="MOUNT WHEELER">MWH</Point>
      <Point Name="NORTHERN TIP BERSERKERS">NBRR</Point>
      <Point Name="PARKHURST">PRKH</Point>
      <Point Name="PIRATE POINT">PII</Point>
      <Point Name="PORT ALMA">PMA</Point>
      <Point Name="RANNES">RNN</Point>
      <Point Name="SOUTHERN TIP BERSERKERS">SBRR</Point>
      <Point Name="STANWELL POWER STN">SPS</Point>
      <Point Name="YAAMBA">YMA</Point>
    </Label>
  </Map>
  <Map Type="System" Name="YBRK_ALLRWYS" Priority="2" Center="-23.381944+150.475278">
    <!--YBRK-->
    <Runway Name="04/22">
      <Threshold Name="04" Position="-23.382458+150.465389" ExtendedCentrelineTrack="232.38" ExtendedCentrelineLength="5" ExtendedCentrelineTickInterval="5" />
      <Threshold Name="22" Position="-23.378047+150.471589" ExtendedCentrelineTrack="52.39" ExtendedCentrelineLength="5" ExtendedCentrelineTickInterval="5" />
    </Runway>
    <!--YBRK-->
    <Runway Name="15/33">
      <Threshold Name="15" Position="-23.369219+150.470561" ExtendedCentrelineTrack="337.68" ExtendedCentrelineLength="15" ExtendedCentrelineTickInterval="1" />
      <Threshold Name="33" Position="-23.390681+150.480117" ExtendedCentrelineTrack="157.66" ExtendedCentrelineLength="15" ExtendedCentrelineTickInterval="1" />
    </Runway>
  </Map>
</Maps>