﻿<?xml version="1.0" encoding="utf-8"?>
<Maps>
  <Map Type="System" Name="BRM_RWY28" Priority="1" Center="-17.949444+122.227778">
    <!--YBRM-->
    <Runway Name="10/28">
      <Threshold Name="10" Position="-17.945981+122.216883" />
      <Threshold Name="28" Position="-17.951308+122.236928" ExtendedCentrelineTrack="105.52" ExtendedCentrelineLength="15" ExtendedCentrelineTickInterval="1" />
    </Runway>
    <!--SIDs-->
    <Line>
      <!--Rwy28 LULDI1-->
      -175645.530+1221300.780/
      MALAN/
      MIKER/
      LULDI
    </Line>
    <!--STARs-->
    <Symbol Type="HollowStar">
      <Point>MALAN</Point>
      <Point>MIKER</Point>
      <Point>LULDI</Point>
    </Symbol>
  </Map>
  <Map Type="System" Name="BRM_RWY28_NAMES" Priority="2" Center="-17.949444+122.227778">
    <Label>
      <Point>MALAN</Point>
      <Point>MIKER</Point>
      <Point>LULDI</Point>
      <Point>BUDLO</Point>
      <Point>LOTVI</Point>
      <Point>DBY NDB</Point>
      <Point>PARAD</Point>
      <Point>UNSOV</Point>
      <Point>ALIRA</Point>
      <Point>DAMPU</Point>
      <Point>ASEBU</Point>
      <Point>KAPNI</Point>
    </Label>
  </Map>
</Maps>