﻿<?xml version="1.0" encoding="utf-8"?>
<Maps>
  <Map Type="System" Name="BRM_TCU" Priority="1" Center="-17.949444+122.227778">
    <!--YBRM-->
    <Runway Name="10/28">
      <Threshold Name="10" Position="-17.945981+122.216883" />
      <Threshold Name="28" Position="-17.951308+122.236928" />
    </Runway>
    <!--Airway Routes-->
    <Line>
      <!--Q38-->
      BUDLO/
      LOTVI
    </Line>
    <Line>
      <!--W287-->
      DBY NDB/
      PARAD
    </Line>
    <Line>
      <!--W404-->
      UNSOV/
      ALIRA
    </Line>
    <Line>
      <!--Y31-->
      DAMPU/
      ASEBU/
      KAPNI
    </Line>
  </Map>
  <Map Type="System2" Name="BRM_VFR" Priority="1" Center="-17.949444+122.227778">
    <Symbol Type="HollowSquare">
      <Point>ABKL</Point>
      <Point>BHCP</Point>
      <Point>JMPP</Point>
      <Point>KLTO</Point>
      <Point>WICK</Point>
    </Symbol>
    <Label HasLeader="True">
      <Point>ABKL</Point>
      <Point>BHCP</Point>
      <Point>JMPP</Point>
      <Point>KLTO</Point>
      <Point>WICK</Point>
    </Label>
  </Map>
  <Map Type="System2" Name="BRM_VFR_FULL_NAME" Priority="1" Center="-17.949444+122.227778">
    <Label HasLeader="True" LabelOrientation="SW">
      <Point Name="ABM KILTO">ABKL</Point>
      <Point Name="BARN HILL CARAVAN PARK">BHCP</Point>
      <Point Name="JAMES PRICE POINT">JMPP</Point>
      <Point Name="KILTO">KLTO</Point>
      <Point Name="WILLIE CREEK">WICK</Point>
    </Label>
  </Map>
  <Map Type="System" Name="YBRM_ALLRWYS" Priority="2" Center="-17.949444+122.227778">
    <!--YBRM-->
    <Runway Name="10/28">
      <Threshold Name="10" Position="-17.945981+122.216883" ExtendedCentrelineTrack="285.52" ExtendedCentrelineLength="15" ExtendedCentrelineTickInterval="1" />
      <Threshold Name="28" Position="-17.951308+122.236928" ExtendedCentrelineTrack="105.52" ExtendedCentrelineLength="15" ExtendedCentrelineTickInterval="1" />
    </Runway>
  </Map>
</Maps>