﻿<?xml version="1.0" encoding="utf-8"?>
<Maps>
  <Map Type="System" Name="BRM_RWY10" Priority="1" Center="-17.949444+122.227778">
    <!--YBRM-->
    <Runway Name="10/28">
      <Threshold Name="10" Position="-17.945981+122.216883" ExtendedCentrelineTrack="285.52" ExtendedCentrelineLength="15" ExtendedCentrelineTickInterval="1" />
      <Threshold Name="28" Position="-17.951308+122.236928" />
    </Runway>
    <!--SIDs-->
    <Line>
      <!--Rwy10 ASINO1-->
      -175704.710+1221412.940/
      KASRU/
      ASINO
    </Line>
    <Line>
      <!--Rwy10 ASINO1.OLSEN-->
      ASINO/
      OLSEN
    </Line>
    <!--STARs-->
    <Symbol Type="HollowStar">
      <Point>KASRU</Point>
      <Point>ASINO</Point>
      <Point>OLSEN</Point>
    </Symbol>
  </Map>
  <Map Type="System" Name="BRM_RWY10_NAMES" Priority="2" Center="-17.949444+122.227778">
    <Label>
      <Point>KASRU</Point>
      <Point>ASINO</Point>
      <Point>OLSEN</Point>
      <Point>BUDLO</Point>
      <Point>LOTVI</Point>
      <Point>DBY NDB</Point>
      <Point>PARAD</Point>
      <Point>UNSOV</Point>
      <Point>ALIRA</Point>
      <Point>DAMPU</Point>
      <Point>ASEBU</Point>
      <Point>KAPNI</Point>
    </Label>
  </Map>
</Maps>