﻿<?xml version="1.0" encoding="utf-8"?>
<Maps>
  <Map Type="System" Name="AD_RWY30" Priority="1" Center="-34.945000+138.530556">
    <!--YPAD-->
    <Runway Name="12/30">
      <Threshold Name="12" Position="-34.941158+138.521917" />
      <Threshold Name="30" Position="-34.949381+138.536997" ExtendedCentrelineTrack="123.51" ExtendedCentrelineLength="10" ExtendedCentrelineTickInterval="1" />
    </Runway>
    <!--SIDs-->
    <!--STARs-->
    <Line>
      <!--Rwy30 ATPIP3-->
      ATPIP/
      KASBU
    </Line>
    <Line>
      <!--Rwy30 BEVSO1-->
      BEVSO/
      DOVAR
    </Line>
    <Line>
      <!--Rwy30 SURGN4.KAKLU-->
      KAKLU/
      SURGN
    </Line>
    <Line>
      <!--Rwy30 SURGN4-->
      SURGN/
      GRIGS
    </Line>
    <Symbol Type="HollowStar">
      <Point>ATPIP</Point>
      <Point>KASBU</Point>
      <Point>BEVSO</Point>
      <Point>DOVAR</Point>
      <Point>SURGN</Point>
      <Point>GRIGS</Point>
      <Point>KAKLU</Point>
    </Symbol>
  </Map>
  <Map Type="System" Name="AD_RWY30_NAMES" Priority="2" Center="-34.945000+138.530556">
    <Label>
      <Point>ATPIP</Point>
      <Point>KASBU</Point>
      <Point>BEVSO</Point>
      <Point>DOVAR</Point>
      <Point>KAKLU</Point>
      <Point>SURGN</Point>
      <Point>GRIGS</Point>
      <Point>AREPA</Point>
      <Point>VEPOK</Point>
      <Point>FRAZA</Point>
      <Point>ABTOD</Point>
      <Point>WHA NDB</Point>
      <Point>SEDRA</Point>
      <Point>ASILI</Point>
      <Point>MARGO</Point>
      <Point>PARDA</Point>
      <Point>NIMEK</Point>
      <Point>KLAVA</Point>
      <Point>ORBUN</Point>
      <Point>ISROV</Point>
      <Point>DAMOB</Point>
      <Point>AVDEN</Point>
      <Point>BOLAM</Point>
      <Point>NATYA</Point>
      <Point>MIA VOR</Point>
      <Point>TUMAN</Point>
      <Point>BORTO</Point>
      <Point>MAVTO</Point>
      <Point>DRINA</Point>
      <Point>KAMBI</Point>
      <Point>LUVOK</Point>
      <Point>ATNAR</Point>
      <Point>GILES</Point>
      <Point>LONLY</Point>
      <Point>AGROS</Point>
      <Point>AKDAV</Point>
      <Point>VAVPA</Point>
      <Point>GITOP</Point>
      <Point>ELROX</Point>
      <Point>BENDO</Point>
      <Point>SWH NDB</Point>
      <Point>MTG VOR</Point>
      <Point>RUVUS</Point>
      <Point>INTOG</Point>
      <Point>UPROT</Point>
      <Point>SILVN</Point>
      <Point>EEMUE</Point>
      <Point>COMAC</Point>
      <Point>RUKNA</Point>
      <Point>AVPAS</Point>
      <Point>ACTIN</Point>
      <Point>HOLIT</Point>
      <Point>BEPKA</Point>
      <Point>DOTBO</Point>
      <Point>ALTRO</Point>
      <Point>BHI VOR</Point>
      <Point>VILAD</Point>
      <Point>UNSOX</Point>
      <Point>ELAPO</Point>
      <Point>ALBUT</Point>
      <Point>BUVGA</Point>
      <Point>NOGIP</Point>
    </Label>
  </Map>
</Maps>