﻿<?xml version="1.0" encoding="utf-8"?>
<Maps>
  <Map Type="System" Name="AD_RWY05" Priority="1" Center="-34.945000+138.530556">
    <!--YPAD-->
    <Runway Name="05/23">
      <Threshold Name="05" Position="-34.957650+138.518472" ExtendedCentrelineTrack="230.15" ExtendedCentrelineLength="10" ExtendedCentrelineTickInterval="1" />
      <Threshold Name="23" Position="-34.940619+138.543264" />
    </Runway>
    <!--SIDs-->
    <Line>
      <!--Rwy05 AREPA1-->
      -345626.230+1383235.750/
      MOPRI/
      SARAG/
      DOPTI/
      RUPEL/
      AREPA
    </Line>
    <Line>
      <!--Rwy05 AVDEN1-->
      -345626.230+1383235.750/
      KNOBL/
      ROGGS/
      AVDEN
    </Line>
    <Line>
      <!--Rwy05 BENDO3-->
      ROGGS/
      BENDO
    </Line>
    <Line>
      <!--Rwy05 GILES5-->
      DOPTI/
      DERWY/
      GILES
    </Line>
    <Line>
      <!--Rwy05 ORBUN5-->
      MOPRI/
      ORBUN
    </Line>
    <Line>
      <!--Rwy05 UPROT2-->
      MOPRI/
      VIRAT/
      UPROT
    </Line>
    <!--STARs-->
    <Line>
      <!--Rwy05 ATNA1V-->
      ATNAR/
      GULFS/
      IKIVU/
      ENLUB/
      ANGAV
    </Line>
    <Line>
      <!--Rwy05 ATNA1W-->
      ENLUB/
      SADMI
    </Line>
    <Line>
      <!--Rwy05 ATNA1Z-->
      GULFS/
      ALDAT/
      ELGIS
    </Line>
    <Line>
      <!--Rwy05 ATPIP3-->
      ATPIP/
      KASBU
    </Line>
    <Line>
      <!--Rwy05 BEVSO1-->
      BEVSO/
      DOVAR
    </Line>
    <Line>
      <!--Rwy05 BUGS1V.AGROS-->
      AGROS/
      ROGUE/
      BUGSU
    </Line>
    <Line>
      <!--Rwy05 BUGS1V.MARGO-->
      MARGO/
      BUGSU
    </Line>
    <Line>
      <!--Rwy05 BUGS1V-->
      BUGSU/
      NOBEV/
      ENLUB
    </Line>
    <Line>
      <!--Rwy05 BUGS1V.KLAVA-->
      KLAVA/
      VICMA/
      BUGSU
    </Line>
    <Line>
      <!--Rwy05 BUGS1V-->
    </Line>
    <Line>
      <!--Rwy05 BUGS1W.AGROS-->
    </Line>
    <Line>
      <!--Rwy05 BUGS1W.KLAVA-->
    </Line>
    <Line>
      <!--Rwy05 BUGS1W.MARGO-->
    </Line>
    <Line>
      <!--Rwy05 BUGS1W-->
    </Line>
    <Line>
      <!--Rwy05 BUGS1Z.AGROS-->
    </Line>
    <Line>
      <!--Rwy05 BUGS1Z.MARGO-->
    </Line>
    <Line>
      <!--Rwy05 BUGS1Z-->
      BUGSU/
      AGSAX/
      ELGIS
    </Line>
    <Line>
      <!--Rwy05 BUGS1Z.KLAVA-->
    </Line>
    <Line>
      <!--Rwy05 BUGS1Z-->
    </Line>
    <Line>
      <!--Rwy05 ELRO5V-->
      ELROX/
      TROUB/
      RIKVI/
      COLPY
    </Line>
    <Line>
      <!--Rwy05 GULF8V.ATNAR-->
      ATNAR/
      GULFS
    </Line>
    <Line>
      <!--Rwy05 GULF8V-->
      GULFS/
      VINCN
    </Line>
    <Line>
      <!--Rwy05 INTO1V.MAVTO-->
      MAVTO/
      INTOG
    </Line>
    <Line>
      <!--Rwy05 INTO1V-->
      INTOG/
      RIDMA/
      ANVAC/
      PANVO
    </Line>
    <Line>
      <!--Rwy05 INTO1X.MAVTO-->
    </Line>
    <Line>
      <!--Rwy05 INTO1X-->
      RIDMA/
      PEGTU/
      OGUGU
    </Line>
    <Line>
      <!--Rwy05 INTO1Z.MAVTO-->
    </Line>
    <Line>
      <!--Rwy05 INTO1Z-->
    </Line>
    <Line>
      <!--Rwy05 KAKL1V-->
      KAKLU/
      TAXES/
      NOBIK/
      PANVO
    </Line>
    <Line>
      <!--Rwy05 KAKL1X-->
      TAXES/
      POXAL/
      DULOG/
      OGUGU
    </Line>
    <Line>
      <!--Rwy05 KAKL1Z-->
      KAKLU/
      NOBIK/
      PEGTU
    </Line>
    <Line>
      <!--Rwy05 PAMY7V.AGROS-->
      ROGUE/
      EKEGA/
      PAMMY
    </Line>
    <Line>
      <!--Rwy05 PAMY7V.MARGO-->
      MARGO/
      ISKOT/
      PAMMY
    </Line>
    <Line>
      <!--Rwy05 PAMY7V-->
      PAMMY/
      VINCN
    </Line>
    <Line>
      <!--Rwy05 SURGN4.KAKLU-->
      KAKLU/
      SURGN
    </Line>
    <Line>
      <!--Rwy05 SURGN4-->
      SURGN/
      GRIGS
    </Line>
    <Symbol Type="HollowTriangle">
      <Point>ANGAV</Point>
      <Point>SADMI</Point>
      <Point>ELGIS</Point>
      <Point>COLPY</Point>
      <Point>VINCN</Point>
      <Point>PANVO</Point>
      <Point>OGUGU</Point>
      <Point>PEGTU</Point>
    </Symbol>
    <Symbol Type="SolidStar">
      <Point>KNOBL</Point>
    </Symbol>
    <Symbol Type="HollowStar">
      <Point>MOPRI</Point>
      <Point>SARAG</Point>
      <Point>DOPTI</Point>
      <Point>RUPEL</Point>
      <Point>AREPA</Point>
      <Point>ROGGS</Point>
      <Point>AVDEN</Point>
      <Point>BENDO</Point>
      <Point>DERWY</Point>
      <Point>GILES</Point>
      <Point>ORBUN</Point>
      <Point>VIRAT</Point>
      <Point>UPROT</Point>
      <Point>ATNAR</Point>
      <Point>GULFS</Point>
      <Point>IKIVU</Point>
      <Point>ENLUB</Point>
      <Point>ALDAT</Point>
      <Point>ATPIP</Point>
      <Point>KASBU</Point>
      <Point>BEVSO</Point>
      <Point>DOVAR</Point>
      <Point>BUGSU</Point>
      <Point>NOBEV</Point>
      <Point>AGROS</Point>
      <Point>ROGUE</Point>
      <Point>MARGO</Point>
      <Point>KLAVA</Point>
      <Point>VICMA</Point>
      <Point>AGSAX</Point>
      <Point>ELROX</Point>
      <Point>TROUB</Point>
      <Point>RIKVI</Point>
      <Point>INTOG</Point>
      <Point>RIDMA</Point>
      <Point>ANVAC</Point>
      <Point>MAVTO</Point>
      <Point>KAKLU</Point>
      <Point>TAXES</Point>
      <Point>NOBIK</Point>
      <Point>POXAL</Point>
      <Point>DULOG</Point>
      <Point>PAMMY</Point>
      <Point>EKEGA</Point>
      <Point>ISKOT</Point>
      <Point>SURGN</Point>
      <Point>GRIGS</Point>
    </Symbol>
  </Map>
  <Map Type="System" Name="AD_RWY05_NAMES" Priority="2" Center="-34.945000+138.530556">
    <Label>
      <Point>MOPRI</Point>
      <Point>SARAG</Point>
      <Point>DOPTI</Point>
      <Point>RUPEL</Point>
      <Point>AREPA</Point>
      <Point>KNOBL</Point>
      <Point>ROGGS</Point>
      <Point>AVDEN</Point>
      <Point>BENDO</Point>
      <Point>DERWY</Point>
      <Point>GILES</Point>
      <Point>ORBUN</Point>
      <Point>VIRAT</Point>
      <Point>UPROT</Point>
      <Point>ATNAR</Point>
      <Point>GULFS</Point>
      <Point>IKIVU</Point>
      <Point>ENLUB</Point>
      <Point>ANGAV</Point>
      <Point>SADMI</Point>
      <Point>ALDAT</Point>
      <Point>ELGIS</Point>
      <Point>ATPIP</Point>
      <Point>KASBU</Point>
      <Point>BEVSO</Point>
      <Point>DOVAR</Point>
      <Point>AGROS</Point>
      <Point>ROGUE</Point>
      <Point>BUGSU</Point>
      <Point>MARGO</Point>
      <Point>NOBEV</Point>
      <Point>KLAVA</Point>
      <Point>VICMA</Point>
      <Point>AGSAX</Point>
      <Point>ELROX</Point>
      <Point>TROUB</Point>
      <Point>RIKVI</Point>
      <Point>COLPY</Point>
      <Point>VINCN</Point>
      <Point>MAVTO</Point>
      <Point>INTOG</Point>
      <Point>RIDMA</Point>
      <Point>ANVAC</Point>
      <Point>PANVO</Point>
      <Point>PEGTU</Point>
      <Point>OGUGU</Point>
      <Point>KAKLU</Point>
      <Point>TAXES</Point>
      <Point>NOBIK</Point>
      <Point>POXAL</Point>
      <Point>DULOG</Point>
      <Point>EKEGA</Point>
      <Point>PAMMY</Point>
      <Point>ISKOT</Point>
      <Point>SURGN</Point>
      <Point>GRIGS</Point>
      <Point>VEPOK</Point>
      <Point>FRAZA</Point>
      <Point>ABTOD</Point>
      <Point>WHA NDB</Point>
      <Point>SEDRA</Point>
      <Point>ASILI</Point>
      <Point>PARDA</Point>
      <Point>NIMEK</Point>
      <Point>ISROV</Point>
      <Point>DAMOB</Point>
      <Point>BOLAM</Point>
      <Point>NATYA</Point>
      <Point>MIA VOR</Point>
      <Point>TUMAN</Point>
      <Point>BORTO</Point>
      <Point>DRINA</Point>
      <Point>KAMBI</Point>
      <Point>LUVOK</Point>
      <Point>LONLY</Point>
      <Point>AKDAV</Point>
      <Point>VAVPA</Point>
      <Point>GITOP</Point>
      <Point>SWH NDB</Point>
      <Point>MTG VOR</Point>
      <Point>RUVUS</Point>
      <Point>SILVN</Point>
      <Point>EEMUE</Point>
      <Point>COMAC</Point>
      <Point>RUKNA</Point>
      <Point>AVPAS</Point>
      <Point>ACTIN</Point>
      <Point>HOLIT</Point>
      <Point>BEPKA</Point>
      <Point>DOTBO</Point>
      <Point>ALTRO</Point>
      <Point>BHI VOR</Point>
      <Point>VILAD</Point>
      <Point>UNSOX</Point>
      <Point>ELAPO</Point>
      <Point>ALBUT</Point>
      <Point>BUVGA</Point>
      <Point>NOGIP</Point>
    </Label>
  </Map>
</Maps>