﻿<?xml version="1.0" encoding="utf-8"?>
<Maps>
  <Map Type="System" Name="AD_RWY23" Priority="1" Center="-34.945000+138.530556">
    <!--YPAD-->
    <Runway Name="05/23">
      <Threshold Name="05" Position="-34.957650+138.518472" />
      <Threshold Name="23" Position="-34.940619+138.543264" ExtendedCentrelineTrack="50.17" ExtendedCentrelineLength="15" ExtendedCentrelineTickInterval="1" />
    </Runway>
    <!--SIDs-->
    <Line>
      <!--Rwy23 AREPA1-->
      -345727.540+1383106.500/
      BOVPU/
      KEEFO/
      RUPEL/
      AREPA
    </Line>
    <Line>
      <!--Rwy23 AVDEN1-->
      -345727.540+1383106.500/
      COLPY/
      LEMAT/
      MORPH/
      CLARY/
      KIKOV/
      RIVGO/
      AVDEN
    </Line>
    <Line>
      <!--Rwy23 BENDO3-->
      RIVGO/
      BENDO
    </Line>
    <Line>
      <!--Rwy23 GILES5-->
      KEEFO/
      DERWY/
      GILES
    </Line>
    <Line>
      <!--Rwy23 UPROT2-->
      CLARY/
      URADA/
      UPROT
    </Line>
    <!--STARs-->
    <Line>
      <!--Rwy23 ATNA1A-->
      ATNAR/
      GULFS/
      GLOBE/
      ANPUT/
      VIRAT
    </Line>
    <Line>
      <!--Rwy23 ATNA1V-->
      GULFS/
      URBUN/
      MALIK
    </Line>
    <Line>
      <!--Rwy23 ATNA1Z-->
    </Line>
    <Line>
      <!--Rwy23 ATPIP3-->
      ATPIP/
      KASBU
    </Line>
    <Line>
      <!--Rwy23 BEVSO1-->
      BEVSO/
      DOVAR
    </Line>
    <Line>
      <!--Rwy23 BUGS1A.AGROS-->
      AGROS/
      ROGUE/
      BUGSU
    </Line>
    <Line>
      <!--Rwy23 BUGS1A.MARGO-->
      MARGO/
      BUGSU
    </Line>
    <Line>
      <!--Rwy23 BUGS1A-->
      BUGSU/
      GLOBE
    </Line>
    <Line>
      <!--Rwy23 BUGS1V.AGROS-->
    </Line>
    <Line>
      <!--Rwy23 BUGS1V.MARGO-->
    </Line>
    <Line>
      <!--Rwy23 BUGS1V-->
      BUGSU/
      MALIK
    </Line>
    <Line>
      <!--Rwy23 BUGS1Z.AGROS-->
    </Line>
    <Line>
      <!--Rwy23 BUGS1Z.MARGO-->
    </Line>
    <Line>
      <!--Rwy23 BUGS1Z-->
    </Line>
    <Line>
      <!--Rwy23 DRIN1A-->
      DRINA/
      COMLY/
      DISHA/
      BRAKI/
      OMDIN/
      VIRAT
    </Line>
    <Line>
      <!--Rwy23 DRIN1V-->
      BRAKI/
      TUSGO/
      MOPRI
    </Line>
    <Line>
      <!--Rwy23 DRIN1Z-->
    </Line>
    <Line>
      <!--Rwy23 ELRO5V-->
      ELROX/
      TROUB/
      RIKVI/
      BIMOP/
      AVDAM
    </Line>
    <Line>
      <!--Rwy23 GULF8V.ATNAR-->
      ATNAR/
      GULFS
    </Line>
    <Line>
      <!--Rwy23 GULF8V-->
      GULFS/
      VEKMI/
      AVDAM
    </Line>
    <Line>
      <!--Rwy23 KAKL1A-->
      KAKLU/
      PLEZN/
      OLVEN/
      VIRAT
    </Line>
    <Line>
      <!--Rwy23 KAKL1Z-->
    </Line>
    <Line>
      <!--Rwy23 PAMY7V.AGROS-->
      ROGUE/
      EKEGA/
      PAMMY
    </Line>
    <Line>
      <!--Rwy23 PAMY7V.MARGO-->
      MARGO/
      ISKOT/
      PAMMY
    </Line>
    <Line>
      <!--Rwy23 PAMY7V-->
      PAMMY/
      AVDAM
    </Line>
    <Line>
      <!--Rwy23 RAYN3A.KLAVA-->
      KLAVA/
      RAYNA
    </Line>
    <Line>
      <!--Rwy23 RAYN3A.OJJAY-->
      OJJAY/
      SEKRI/
      ERITH/
      RAYNA
    </Line>
    <Line>
      <!--Rwy23 RAYN3A-->
      RAYNA/
      ANPUT
    </Line>
    <Line>
      <!--Rwy23 RAYN3V.KLAVA-->
    </Line>
    <Line>
      <!--Rwy23 RAYN3V.OJJAY-->
    </Line>
    <Line>
      <!--Rwy23 RAYN3V-->
      RAYNA/
      MOPRI
    </Line>
    <Line>
      <!--Rwy23 RAYN3Z.KLAVA-->
    </Line>
    <Line>
      <!--Rwy23 RAYN3Z.OJJAY-->
    </Line>
    <Line>
      <!--Rwy23 RAYN3Z-->
    </Line>
    <Line>
      <!--Rwy23 SURGN4.KAKLU-->
      KAKLU/
      SURGN
    </Line>
    <Line>
      <!--Rwy23 SURGN4-->
      SURGN/
      GRIGS
    </Line>
    <Symbol Type="HollowTriangle">
      <Point>VIRAT</Point>
      <Point>MALIK</Point>
      <Point>MOPRI</Point>
      <Point>AVDAM</Point>
    </Symbol>
    <Symbol Type="HollowStar">
      <Point>BOVPU</Point>
      <Point>KEEFO</Point>
      <Point>RUPEL</Point>
      <Point>AREPA</Point>
      <Point>COLPY</Point>
      <Point>LEMAT</Point>
      <Point>MORPH</Point>
      <Point>CLARY</Point>
      <Point>KIKOV</Point>
      <Point>RIVGO</Point>
      <Point>AVDEN</Point>
      <Point>BENDO</Point>
      <Point>DERWY</Point>
      <Point>GILES</Point>
      <Point>URADA</Point>
      <Point>UPROT</Point>
      <Point>ATNAR</Point>
      <Point>GULFS</Point>
      <Point>GLOBE</Point>
      <Point>ANPUT</Point>
      <Point>URBUN</Point>
      <Point>ATPIP</Point>
      <Point>KASBU</Point>
      <Point>BEVSO</Point>
      <Point>DOVAR</Point>
      <Point>BUGSU</Point>
      <Point>AGROS</Point>
      <Point>ROGUE</Point>
      <Point>MARGO</Point>
      <Point>DRINA</Point>
      <Point>COMLY</Point>
      <Point>DISHA</Point>
      <Point>BRAKI</Point>
      <Point>OMDIN</Point>
      <Point>TUSGO</Point>
      <Point>ELROX</Point>
      <Point>TROUB</Point>
      <Point>RIKVI</Point>
      <Point>BIMOP</Point>
      <Point>VEKMI</Point>
      <Point>KAKLU</Point>
      <Point>PLEZN</Point>
      <Point>OLVEN</Point>
      <Point>PAMMY</Point>
      <Point>EKEGA</Point>
      <Point>ISKOT</Point>
      <Point>RAYNA</Point>
      <Point>KLAVA</Point>
      <Point>OJJAY</Point>
      <Point>SEKRI</Point>
      <Point>ERITH</Point>
      <Point>SURGN</Point>
      <Point>GRIGS</Point>
    </Symbol>
  </Map>
  <Map Type="System" Name="AD_RWY23_NAMES" Priority="2" Center="-34.945000+138.530556">
    <Label>
      <Point>BOVPU</Point>
      <Point>KEEFO</Point>
      <Point>RUPEL</Point>
      <Point>AREPA</Point>
      <Point>COLPY</Point>
      <Point>LEMAT</Point>
      <Point>MORPH</Point>
      <Point>CLARY</Point>
      <Point>KIKOV</Point>
      <Point>RIVGO</Point>
      <Point>AVDEN</Point>
      <Point>BENDO</Point>
      <Point>DERWY</Point>
      <Point>GILES</Point>
      <Point>URADA</Point>
      <Point>UPROT</Point>
      <Point>ATNAR</Point>
      <Point>GULFS</Point>
      <Point>GLOBE</Point>
      <Point>ANPUT</Point>
      <Point>VIRAT</Point>
      <Point>URBUN</Point>
      <Point>MALIK</Point>
      <Point>ATPIP</Point>
      <Point>KASBU</Point>
      <Point>BEVSO</Point>
      <Point>DOVAR</Point>
      <Point>AGROS</Point>
      <Point>ROGUE</Point>
      <Point>BUGSU</Point>
      <Point>MARGO</Point>
      <Point>DRINA</Point>
      <Point>COMLY</Point>
      <Point>DISHA</Point>
      <Point>BRAKI</Point>
      <Point>OMDIN</Point>
      <Point>TUSGO</Point>
      <Point>MOPRI</Point>
      <Point>ELROX</Point>
      <Point>TROUB</Point>
      <Point>RIKVI</Point>
      <Point>BIMOP</Point>
      <Point>AVDAM</Point>
      <Point>VEKMI</Point>
      <Point>KAKLU</Point>
      <Point>PLEZN</Point>
      <Point>OLVEN</Point>
      <Point>EKEGA</Point>
      <Point>PAMMY</Point>
      <Point>ISKOT</Point>
      <Point>KLAVA</Point>
      <Point>RAYNA</Point>
      <Point>OJJAY</Point>
      <Point>SEKRI</Point>
      <Point>ERITH</Point>
      <Point>SURGN</Point>
      <Point>GRIGS</Point>
      <Point>VEPOK</Point>
      <Point>FRAZA</Point>
      <Point>ABTOD</Point>
      <Point>WHA NDB</Point>
      <Point>SEDRA</Point>
      <Point>ASILI</Point>
      <Point>PARDA</Point>
      <Point>NIMEK</Point>
      <Point>ORBUN</Point>
      <Point>ISROV</Point>
      <Point>DAMOB</Point>
      <Point>BOLAM</Point>
      <Point>NATYA</Point>
      <Point>MIA VOR</Point>
      <Point>TUMAN</Point>
      <Point>BORTO</Point>
      <Point>MAVTO</Point>
      <Point>KAMBI</Point>
      <Point>LUVOK</Point>
      <Point>LONLY</Point>
      <Point>AKDAV</Point>
      <Point>VAVPA</Point>
      <Point>GITOP</Point>
      <Point>SWH NDB</Point>
      <Point>MTG VOR</Point>
      <Point>RUVUS</Point>
      <Point>INTOG</Point>
      <Point>SILVN</Point>
      <Point>EEMUE</Point>
      <Point>COMAC</Point>
      <Point>RUKNA</Point>
      <Point>AVPAS</Point>
      <Point>ACTIN</Point>
      <Point>HOLIT</Point>
      <Point>BEPKA</Point>
      <Point>DOTBO</Point>
      <Point>ALTRO</Point>
      <Point>BHI VOR</Point>
      <Point>VILAD</Point>
      <Point>UNSOX</Point>
      <Point>ELAPO</Point>
      <Point>ALBUT</Point>
      <Point>BUVGA</Point>
      <Point>NOGIP</Point>
    </Label>
  </Map>
</Maps>