﻿<?xml version="1.0" encoding="utf-8"?>
<Maps>
  <Map Type="System" Name="ED_RWY18" Priority="1" Center="-34.702500+138.620833">
    <!--YPED-->
    <Runway Name="18/36">
      <Threshold Name="18" Position="-34.694536+138.617583" ExtendedCentrelineTrack="8.52" ExtendedCentrelineLength="10" ExtendedCentrelineTickInterval="1" />
      <Threshold Name="36" Position="-34.717353+138.613444" />
    </Runway>
    <!--SIDs-->
    <Line>
      <!--Rwy18 NORTH1-->
      -344302.470+1383648.400/
      -344302.470+1383648.400/
      -344302.470+1383648.400/
      -344501.221+1383628.088/
      -344541.235+1383607.494/
      -344607.409+1383525.227/
      -344612.709+1383432.690/
      -344555.715+1383343.968/
      -344520.983+1383312.125/
      -344504.000+1383306.287/
      -343714.790+1383105.098/
      -343612.731+1383108.969/
      -343520.646+1383150.088/
      -343452.456+1383257.320/
      -343455.705+1383412.664/
      -343529.525+1383515.951/
      -343550.644+1383534.334
    </Line>
    <Line>
      <!--Rwy18 NORTH1.DOLVU-->
      -343550.644+1383534.334/
      DOLVU
    </Line>
    <Line>
      <!--Rwy18 NORTH1.EDN-->
      -343550.644+1383534.334/
      EDN TAC
    </Line>
    <!--STARs-->
    <Line>
      <!--Rwy18 AD1E-->
      AD VOR/
      POTUS/
      PAVSA/
      TUPSI/
      APOKI/
      UPTUN
    </Line>
    <Line>
      <!--Rwy18 ATNA1E-->
      ATNAR/
      GULFS/
      LATUL/
      UGUXA/
      PAVSA
    </Line>
    <Line>
      <!--Rwy18 BEVS1E-->
      BEVSO/
      BUPLO/
      APOKI
    </Line>
    <Line>
      <!--Rwy18 KAKL1E-->
      KAKLU/
      SADAK/
      ELATA/
      NONAK/
      RUPIK/
      APOKI
    </Line>
    <Line>
      <!--Rwy18 KLAV1E-->
      KLAVA/
      APOKI
    </Line>
    <Symbol Type="HollowTriangle">
      <Point>APOKI</Point>
      <Point>UPTUN</Point>
    </Symbol>
    <Symbol Type="Circle">
      <Point>EDN TAC</Point>
      <Point>AD VOR</Point>
    </Symbol>
    <Symbol Type="HollowStar">
      <Point>DOLVU</Point>
      <Point>POTUS</Point>
      <Point>PAVSA</Point>
      <Point>TUPSI</Point>
      <Point>ATNAR</Point>
      <Point>GULFS</Point>
      <Point>LATUL</Point>
      <Point>UGUXA</Point>
      <Point>BEVSO</Point>
      <Point>BUPLO</Point>
      <Point>KAKLU</Point>
      <Point>SADAK</Point>
      <Point>ELATA</Point>
      <Point>NONAK</Point>
      <Point>RUPIK</Point>
      <Point>KLAVA</Point>
    </Symbol>
  </Map>
  <Map Type="System" Name="ED_RWY18_NAMES" Priority="2" Center="-34.702500+138.620833">
    <Label>
      <Point>DOLVU</Point>
      <Point>EDN TAC</Point>
      <Point>AD VOR</Point>
      <Point>POTUS</Point>
      <Point>PAVSA</Point>
      <Point>TUPSI</Point>
      <Point>APOKI</Point>
      <Point>UPTUN</Point>
      <Point>ATNAR</Point>
      <Point>GULFS</Point>
      <Point>LATUL</Point>
      <Point>UGUXA</Point>
      <Point>BEVSO</Point>
      <Point>BUPLO</Point>
      <Point>KAKLU</Point>
      <Point>SADAK</Point>
      <Point>ELATA</Point>
      <Point>NONAK</Point>
      <Point>RUPIK</Point>
      <Point>KLAVA</Point>
      <Point>AREPA</Point>
      <Point>VEPOK</Point>
      <Point>FRAZA</Point>
      <Point>ABTOD</Point>
      <Point>WHA NDB</Point>
      <Point>SEDRA</Point>
      <Point>ASILI</Point>
      <Point>MARGO</Point>
      <Point>PARDA</Point>
      <Point>NIMEK</Point>
      <Point>ORBUN</Point>
      <Point>ISROV</Point>
      <Point>DAMOB</Point>
      <Point>AVDEN</Point>
      <Point>BOLAM</Point>
      <Point>NATYA</Point>
      <Point>MIA VOR</Point>
      <Point>TUMAN</Point>
      <Point>BORTO</Point>
      <Point>MAVTO</Point>
      <Point>DRINA</Point>
      <Point>KAMBI</Point>
      <Point>LUVOK</Point>
      <Point>GILES</Point>
      <Point>LONLY</Point>
      <Point>AGROS</Point>
      <Point>AKDAV</Point>
      <Point>VAVPA</Point>
      <Point>GITOP</Point>
      <Point>ELROX</Point>
      <Point>BENDO</Point>
      <Point>SWH NDB</Point>
      <Point>MTG VOR</Point>
      <Point>RUVUS</Point>
      <Point>INTOG</Point>
      <Point>ATPIP</Point>
      <Point>UPROT</Point>
      <Point>SILVN</Point>
      <Point>EEMUE</Point>
      <Point>COMAC</Point>
      <Point>RUKNA</Point>
      <Point>AVPAS</Point>
      <Point>ACTIN</Point>
      <Point>HOLIT</Point>
      <Point>BEPKA</Point>
      <Point>DOTBO</Point>
      <Point>ALTRO</Point>
      <Point>BHI VOR</Point>
      <Point>VILAD</Point>
      <Point>UNSOX</Point>
      <Point>ELAPO</Point>
      <Point>ALBUT</Point>
      <Point>BUVGA</Point>
      <Point>NOGIP</Point>
    </Label>
  </Map>
</Maps>