﻿<?xml version="1.0" encoding="utf-8"?>
<Maps>
  <Map Type="System" Name="ED_RWY36" Priority="1" Center="-34.702500+138.620833">
    <!--YPED-->
    <Runway Name="18/36">
      <Threshold Name="18" Position="-34.694536+138.617583" />
      <Threshold Name="36" Position="-34.717353+138.613444" ExtendedCentrelineTrack="188.52" ExtendedCentrelineLength="3" ExtendedCentrelineTickInterval="3" />
    </Runway>
    <!--SIDs-->
    <Line>
      <!--Rwy36 NORTH1-->
      -344140.330+1383703.300/
      -344140.330+1383703.300/
      -344140.330+1383703.300/
      -343941.578+1383723.591/
      -343152.368+1383522.532/
      -343050.309+1383526.399/
      -342958.224+1383607.473/
      -342930.034+1383714.633/
      -342933.283+1383829.896/
      -343007.104+1383933.115/
      -343102.440+1384007.361/
      -343156.938+1384005.983
    </Line>
    <Line>
      <!--Rwy36 NORTH1.DOLVU-->
      -343156.938+1384005.983/
      DOLVU
    </Line>
    <Line>
      <!--Rwy36 NORTH1.EDN-->
      -343156.938+1384005.983/
      EDN TAC
    </Line>
    <!--STARs-->
    <Line>
      <!--Rwy36 AD1E-->
      AD VOR/
      POTUS/
      PAVSA/
      TUPSI/
      APOKI/
      UPTUN
    </Line>
    <Line>
      <!--Rwy36 ATNA1E-->
      ATNAR/
      GULFS/
      LATUL/
      UGUXA/
      PAVSA
    </Line>
    <Line>
      <!--Rwy36 BEVS1E-->
      BEVSO/
      BUPLO/
      APOKI
    </Line>
    <Line>
      <!--Rwy36 KAKL1E-->
      KAKLU/
      SADAK/
      ELATA/
      NONAK/
      RUPIK/
      APOKI
    </Line>
    <Line>
      <!--Rwy36 KLAV1E-->
      KLAVA/
      APOKI
    </Line>
    <Symbol Type="HollowTriangle">
      <Point>APOKI</Point>
      <Point>UPTUN</Point>
    </Symbol>
    <Symbol Type="Circle">
      <Point>EDN TAC</Point>
      <Point>AD VOR</Point>
    </Symbol>
    <Symbol Type="HollowStar">
      <Point>DOLVU</Point>
      <Point>POTUS</Point>
      <Point>PAVSA</Point>
      <Point>TUPSI</Point>
      <Point>ATNAR</Point>
      <Point>GULFS</Point>
      <Point>LATUL</Point>
      <Point>UGUXA</Point>
      <Point>BEVSO</Point>
      <Point>BUPLO</Point>
      <Point>KAKLU</Point>
      <Point>SADAK</Point>
      <Point>ELATA</Point>
      <Point>NONAK</Point>
      <Point>RUPIK</Point>
      <Point>KLAVA</Point>
    </Symbol>
  </Map>
  <Map Type="System" Name="ED_RWY36_NAMES" Priority="2" Center="-34.702500+138.620833">
    <Label>
      <Point>DOLVU</Point>
      <Point>EDN TAC</Point>
      <Point>AD VOR</Point>
      <Point>POTUS</Point>
      <Point>PAVSA</Point>
      <Point>TUPSI</Point>
      <Point>APOKI</Point>
      <Point>UPTUN</Point>
      <Point>ATNAR</Point>
      <Point>GULFS</Point>
      <Point>LATUL</Point>
      <Point>UGUXA</Point>
      <Point>BEVSO</Point>
      <Point>BUPLO</Point>
      <Point>KAKLU</Point>
      <Point>SADAK</Point>
      <Point>ELATA</Point>
      <Point>NONAK</Point>
      <Point>RUPIK</Point>
      <Point>KLAVA</Point>
      <Point>AREPA</Point>
      <Point>VEPOK</Point>
      <Point>FRAZA</Point>
      <Point>ABTOD</Point>
      <Point>WHA NDB</Point>
      <Point>SEDRA</Point>
      <Point>ASILI</Point>
      <Point>MARGO</Point>
      <Point>PARDA</Point>
      <Point>NIMEK</Point>
      <Point>ORBUN</Point>
      <Point>ISROV</Point>
      <Point>DAMOB</Point>
      <Point>AVDEN</Point>
      <Point>BOLAM</Point>
      <Point>NATYA</Point>
      <Point>MIA VOR</Point>
      <Point>TUMAN</Point>
      <Point>BORTO</Point>
      <Point>MAVTO</Point>
      <Point>DRINA</Point>
      <Point>KAMBI</Point>
      <Point>LUVOK</Point>
      <Point>GILES</Point>
      <Point>LONLY</Point>
      <Point>AGROS</Point>
      <Point>AKDAV</Point>
      <Point>VAVPA</Point>
      <Point>GITOP</Point>
      <Point>ELROX</Point>
      <Point>BENDO</Point>
      <Point>SWH NDB</Point>
      <Point>MTG VOR</Point>
      <Point>RUVUS</Point>
      <Point>INTOG</Point>
      <Point>ATPIP</Point>
      <Point>UPROT</Point>
      <Point>SILVN</Point>
      <Point>EEMUE</Point>
      <Point>COMAC</Point>
      <Point>RUKNA</Point>
      <Point>AVPAS</Point>
      <Point>ACTIN</Point>
      <Point>HOLIT</Point>
      <Point>BEPKA</Point>
      <Point>DOTBO</Point>
      <Point>ALTRO</Point>
      <Point>BHI VOR</Point>
      <Point>VILAD</Point>
      <Point>UNSOX</Point>
      <Point>ELAPO</Point>
      <Point>ALBUT</Point>
      <Point>BUVGA</Point>
      <Point>NOGIP</Point>
    </Label>
  </Map>
</Maps>