﻿<?xml version="1.0" encoding="utf-8"?>
<Maps>
  <Map Type="System" Name="CIN_TCU" Priority="1" Center="-17.581389+123.828333">
    <!--YCIN-->
    <Runway Name="11/29">
      <Threshold Name="11" Position="-17.575633+123.815119" />
      <Threshold Name="29" Position="-17.585228+123.842061" />
    </Runway>
    <!--Airway Routes-->
    <Line>
      <!--A339-->
      NIKOM/
      GUNAM
    </Line>
    <Line>
      <!--J93-->
      VEMTO/
      BRM NDB
    </Line>
    <Line>
      <!--W202-->
      GUBVO/
      HLC NDB
    </Line>
  </Map>
  <Map Type="System" Name="YCIN_ALLRWYS" Priority="2" Center="-17.581389+123.828333">
    <!--YCIN-->
    <Runway Name="11/29">
      <Threshold Name="11" Position="-17.575633+123.815119" ExtendedCentrelineTrack="290.37" ExtendedCentrelineLength="15" ExtendedCentrelineTickInterval="5" />
      <Threshold Name="29" Position="-17.585228+123.842061" ExtendedCentrelineTrack="110.37" ExtendedCentrelineLength="15" ExtendedCentrelineTickInterval="5" />
    </Runway>
  </Map>
</Maps>