﻿<?xml version="1.0" encoding="utf-8"?>
<Maps>
  <Map Type="System" Name="CIN_RWY11" Priority="1" Center="-17.581389+123.828333">
    <!--YCIN-->
    <Runway Name="11/29">
      <Threshold Name="11" Position="-17.575633+123.815119" ExtendedCentrelineTrack="290.37" ExtendedCentrelineLength="15" ExtendedCentrelineTickInterval="5" />
      <Threshold Name="29" Position="-17.585228+123.842061" />
    </Runway>
    <!--SIDs-->
    <!--STARs-->
  </Map>
  <Map Type="System" Name="CIN_RWY11_NAMES" Priority="2" Center="-17.581389+123.828333">
    <Label>
      <Point>NIKOM</Point>
      <Point>GUNAM</Point>
      <Point>VEMTO</Point>
      <Point>BRM NDB</Point>
      <Point>GUBVO</Point>
      <Point>HLC NDB</Point>
    </Label>
  </Map>
</Maps>