﻿<?xml version="1.0" encoding="utf-8"?>
<Maps>
  <Map Type="System" Name="TL_RWY01" Priority="1" Center="-19.252500+146.765278">
    <!--YBTL-->
    <Runway Name="01/19">
      <Threshold Name="01" Position="-19.258306+146.764722" ExtendedCentrelineTrack="204.16" ExtendedCentrelineLength="15" ExtendedCentrelineTickInterval="1" />
      <Threshold Name="19" Position="-19.238203+146.774217" />
    </Runway>
    <!--SIDs-->
    <Line>
      <!--Rwy01 ADNOD1-->
      -191417.530+1464627.180/
      AGSIR/
      AVMAT/
      ADNOD
    </Line>
    <Line>
      <!--Rwy01 ADNOD1.AKROM-->
      ADNOD/
      AKROM
    </Line>
    <Line>
      <!--Rwy01 ADNOD1.PEWEE-->
      ADNOD/
      PEWEE
    </Line>
    <Line>
      <!--Rwy01 ANRUB1-->
      AVMAT/
      LEDOG/
      VEBTO/
      SATCO/
      ANRUB
    </Line>
    <Line>
      <!--Rwy01 CARMN1-->
      AVMAT/
      BILER/
      DONLO/
      CARMN
    </Line>
    <Line>
      <!--Rwy01 CATEY1-->
      VEBTO/
      ENSOM/
      CATEY
    </Line>
    <Line>
      <!--Rwy01 JEMMA3-->
      -191417.530+1464627.180/
      TUVNO/
      TELAP/
      VILUN/
      GUMUT/
      SUKBU/
      JEMMA
    </Line>
    <Line>
      <!--Rwy01 TLE3-->
      -191417.530+1464627.180/
      -191126.260+1464751.630/
      PCA
    </Line>
    <Line>
      <!--Rwy01 TLN4-->
      -191126.260+1464751.630/
      -190847.504+1464416.015
    </Line>
    <Line>
      <!--Rwy01 WALTA2-->
      VILUN/
      WALTA
    </Line>
    <!--STARs-->
    <Line>
      <!--Rwy01 IBUX2A-->
      IBUXI/
      TL VOR/
      AGPOK/
      PARPO
    </Line>
    <Line>
      <!--Rwy01 IGIK2A-->
      IGIKI/
      AKBUG/
      SARGA/
      MOSDU/
      KAKRO
    </Line>
    <Line>
      <!--Rwy01 PORO2A-->
      POROB/
      LAPES/
      BOKES/
      SATCO
    </Line>
    <Line>
      <!--Rwy01 PORO2P-->
      POROB/
      POVED/
      GUGAN
    </Line>
    <Line>
      <!--Rwy01 VOMP2A-->
      VOMPA/
      SASMO/
      BOKES
    </Line>
    <Line>
      <!--Rwy01 VOMP2P-->
      VOMPA/
      BEBUD/
      GUGAN
    </Line>
    <Symbol Type="HollowTriangle">
      <Point>PARPO</Point>
      <Point>KAKRO</Point>
      <Point>SATCO</Point>
      <Point>GUGAN</Point>
    </Symbol>
    <Symbol Type="SolidStar">
      <Point>AGSIR</Point>
      <Point>LEDOG</Point>
      <Point>TUVNO</Point>
    </Symbol>
    <Symbol Type="Circle">
      <Point>TL VOR</Point>
    </Symbol>
    <Symbol Type="HollowStar">
      <Point>AVMAT</Point>
      <Point>ADNOD</Point>
      <Point>AKROM</Point>
      <Point>PEWEE</Point>
      <Point>VEBTO</Point>
      <Point>ANRUB</Point>
      <Point>BILER</Point>
      <Point>DONLO</Point>
      <Point>CARMN</Point>
      <Point>ENSOM</Point>
      <Point>CATEY</Point>
      <Point>TELAP</Point>
      <Point>VILUN</Point>
      <Point>GUMUT</Point>
      <Point>SUKBU</Point>
      <Point>JEMMA</Point>
      <Point>PCA</Point>
      <Point>WALTA</Point>
      <Point>IBUXI</Point>
      <Point>AGPOK</Point>
      <Point>IGIKI</Point>
      <Point>AKBUG</Point>
      <Point>SARGA</Point>
      <Point>MOSDU</Point>
      <Point>POROB</Point>
      <Point>LAPES</Point>
      <Point>BOKES</Point>
      <Point>POVED</Point>
      <Point>VOMPA</Point>
      <Point>SASMO</Point>
      <Point>BEBUD</Point>
    </Symbol>
  </Map>
  <Map Type="System" Name="TL_RWY01_NAMES" Priority="2" Center="-19.252500+146.765278">
    <Label>
      <Point>AGSIR</Point>
      <Point>AVMAT</Point>
      <Point>ADNOD</Point>
      <Point>AKROM</Point>
      <Point>PEWEE</Point>
      <Point>LEDOG</Point>
      <Point>VEBTO</Point>
      <Point>SATCO</Point>
      <Point>ANRUB</Point>
      <Point>BILER</Point>
      <Point>DONLO</Point>
      <Point>CARMN</Point>
      <Point>ENSOM</Point>
      <Point>CATEY</Point>
      <Point>TUVNO</Point>
      <Point>TELAP</Point>
      <Point>VILUN</Point>
      <Point>GUMUT</Point>
      <Point>SUKBU</Point>
      <Point>JEMMA</Point>
      <Point>PCA</Point>
      <Point>WALTA</Point>
      <Point>IBUXI</Point>
      <Point>TL VOR</Point>
      <Point>AGPOK</Point>
      <Point>PARPO</Point>
      <Point>IGIKI</Point>
      <Point>AKBUG</Point>
      <Point>SARGA</Point>
      <Point>MOSDU</Point>
      <Point>KAKRO</Point>
      <Point>POROB</Point>
      <Point>LAPES</Point>
      <Point>BOKES</Point>
      <Point>POVED</Point>
      <Point>GUGAN</Point>
      <Point>VOMPA</Point>
      <Point>SASMO</Point>
      <Point>BEBUD</Point>
      <Point>ALBEE</Point>
      <Point>WISKA</Point>
      <Point>OKODU</Point>
      <Point>MATAR</Point>
      <Point>WYNOT</Point>
      <Point>ABTOX</Point>
      <Point>EKOKU</Point>
      <Point>RUMKA</Point>
      <Point>CS VOR</Point>
      <Point>OLSIN</Point>
      <Point>BINUN</Point>
      <Point>ALBUX</Point>
      <Point>DAGSI</Point>
      <Point>MK VOR</Point>
      <Point>MUNAR</Point>
      <Point>LERKI</Point>
      <Point>EMSUP</Point>
      <Point>WELKE</Point>
      <Point>CLIFT</Point>
      <Point>BITAS</Point>
      <Point>ADLAG</Point>
      <Point>BARIA</Point>
      <Point>OLDER</Point>
      <Point>LUKPU</Point>
      <Point>LINSU</Point>
      <Point>SIMAS</Point>
      <Point>THOMO</Point>
      <Point>ISMUN</Point>
      <Point>KIBOP</Point>
      <Point>ENDET</Point>
      <Point>LINBO</Point>
      <Point>PN VOR</Point>
      <Point>LASEL</Point>
      <Point>SULTU</Point>
      <Point>DOBGO</Point>
      <Point>HUG NDB</Point>
      <Point>VIPUB</Point>
      <Point>KIPPA</Point>
      <Point>ESLAR</Point>
      <Point>NIPOM</Point>
      <Point>TASUN</Point>
      <Point>KALVI</Point>
      <Point>AKINU</Point>
      <Point>TOGEN</Point>
      <Point>ENSAB</Point>
      <Point>DOTTE</Point>
    </Label>
  </Map>
</Maps>