﻿<?xml version="1.0" encoding="utf-8"?>
<Maps>
  <Map Type="System" Name="TL_RWY19" Priority="1" Center="-19.252500+146.765278">
    <!--YBTL-->
    <Runway Name="01/19">
      <Threshold Name="01" Position="-19.258306+146.764722" />
      <Threshold Name="19" Position="-19.238203+146.774217" ExtendedCentrelineTrack="24.16" ExtendedCentrelineLength="15" ExtendedCentrelineTickInterval="1" />
    </Runway>
    <!--SIDs-->
    <Line>
      <!--Rwy19 ADNOD1-->
      -191529.900+1464553.000/
      VARBI/
      IGBIK/
      LEDOG/
      AVMAT/
      ADNOD
    </Line>
    <Line>
      <!--Rwy19 ADNOD1.AKROM-->
      ADNOD/
      AKROM
    </Line>
    <Line>
      <!--Rwy19 ADNOD1.PEWEE-->
      ADNOD/
      PEWEE
    </Line>
    <Line>
      <!--Rwy19 ANRUB1-->
      VARBI/
      DAPLA/
      SATCO/
      ANRUB
    </Line>
    <Line>
      <!--Rwy19 CATEY1-->
      IGBIK/
      ENSOM/
      CATEY
    </Line>
    <Line>
      <!--Rwy19 IGBIK1-->
    </Line>
    <Line>
      <!--Rwy19 JEMMA3-->
      SATCO/
      ODOTA/
      PINIP/
      JEMMA
    </Line>
    <Line>
      <!--Rwy19 KVALM2-->
      -191529.900+1464553.000/
      TL410/
      TL414/
      TL416/
      KVALM/
      TL419/
      TL430/
      TL436/
      TL455/
      JEMMA
    </Line>
    <Line>
      <!--Rwy19 RURTO1-->
      -191529.900+1464553.000/
      ORORO/
      RURTO
    </Line>
    <Line>
      <!--Rwy19 WALTA2-->
      ORORO/
      WALTA
    </Line>
    <!--STARs-->
    <Line>
      <!--Rwy19 IBUX2Z-->
      IBUXI/
      BOMTA/
      RUTED/
      ADNOD
    </Line>
    <Line>
      <!--Rwy19 PORO2B-->
      POROB/
      NOLAM/
      GUMUT/
      TODOX
    </Line>
    <Line>
      <!--Rwy19 PORO2P-->
      GUMUT/
      VILUN
    </Line>
    <Line>
      <!--Rwy19 PORO2Z-->
      TODOX/
      LEBOT
    </Line>
    <Line>
      <!--Rwy19 VOMP2B-->
      VOMPA/
      OLNUT/
      LAPES/
      RURTO/
      VILUN/
      TODOX
    </Line>
    <Line>
      <!--Rwy19 VOMP2P-->
    </Line>
    <Line>
      <!--Rwy19 VOMP2Z-->
    </Line>
    <Symbol Type="HollowTriangle">
      <Point>ADNOD</Point>
      <Point>TODOX</Point>
      <Point>VILUN</Point>
      <Point>LEBOT</Point>
    </Symbol>
    <Symbol Type="SolidStar">
      <Point>VARBI</Point>
      <Point>IGBIK</Point>
      <Point>RURTO</Point>
    </Symbol>
    <Symbol Type="HollowStar">
      <Point>LEDOG</Point>
      <Point>AVMAT</Point>
      <Point>AKROM</Point>
      <Point>PEWEE</Point>
      <Point>DAPLA</Point>
      <Point>SATCO</Point>
      <Point>ANRUB</Point>
      <Point>ENSOM</Point>
      <Point>CATEY</Point>
      <Point>ODOTA</Point>
      <Point>PINIP</Point>
      <Point>JEMMA</Point>
      <Point>TL410</Point>
      <Point>TL414</Point>
      <Point>TL416</Point>
      <Point>KVALM</Point>
      <Point>TL419</Point>
      <Point>TL430</Point>
      <Point>TL436</Point>
      <Point>TL455</Point>
      <Point>ORORO</Point>
      <Point>WALTA</Point>
      <Point>IBUXI</Point>
      <Point>BOMTA</Point>
      <Point>RUTED</Point>
      <Point>POROB</Point>
      <Point>NOLAM</Point>
      <Point>GUMUT</Point>
      <Point>VOMPA</Point>
      <Point>OLNUT</Point>
      <Point>LAPES</Point>
    </Symbol>
  </Map>
  <Map Type="System" Name="TL_RWY19_NAMES" Priority="2" Center="-19.252500+146.765278">
    <Label>
      <Point>VARBI</Point>
      <Point>IGBIK</Point>
      <Point>LEDOG</Point>
      <Point>AVMAT</Point>
      <Point>ADNOD</Point>
      <Point>AKROM</Point>
      <Point>PEWEE</Point>
      <Point>DAPLA</Point>
      <Point>SATCO</Point>
      <Point>ANRUB</Point>
      <Point>ENSOM</Point>
      <Point>CATEY</Point>
      <Point>ODOTA</Point>
      <Point>PINIP</Point>
      <Point>JEMMA</Point>
      <Point>TL410</Point>
      <Point>TL414</Point>
      <Point>TL416</Point>
      <Point>KVALM</Point>
      <Point>TL419</Point>
      <Point>TL430</Point>
      <Point>TL436</Point>
      <Point>TL455</Point>
      <Point>ORORO</Point>
      <Point>RURTO</Point>
      <Point>WALTA</Point>
      <Point>IBUXI</Point>
      <Point>BOMTA</Point>
      <Point>RUTED</Point>
      <Point>POROB</Point>
      <Point>NOLAM</Point>
      <Point>GUMUT</Point>
      <Point>TODOX</Point>
      <Point>VILUN</Point>
      <Point>LEBOT</Point>
      <Point>VOMPA</Point>
      <Point>OLNUT</Point>
      <Point>LAPES</Point>
      <Point>ALBEE</Point>
      <Point>WISKA</Point>
      <Point>OKODU</Point>
      <Point>MATAR</Point>
      <Point>WYNOT</Point>
      <Point>ABTOX</Point>
      <Point>EKOKU</Point>
      <Point>RUMKA</Point>
      <Point>CS VOR</Point>
      <Point>OLSIN</Point>
      <Point>IGIKI</Point>
      <Point>BINUN</Point>
      <Point>ALBUX</Point>
      <Point>DAGSI</Point>
      <Point>MK VOR</Point>
      <Point>MUNAR</Point>
      <Point>LERKI</Point>
      <Point>EMSUP</Point>
      <Point>WELKE</Point>
      <Point>CLIFT</Point>
      <Point>BITAS</Point>
      <Point>ADLAG</Point>
      <Point>BARIA</Point>
      <Point>OLDER</Point>
      <Point>LUKPU</Point>
      <Point>LINSU</Point>
      <Point>SIMAS</Point>
      <Point>THOMO</Point>
      <Point>ISMUN</Point>
      <Point>KIBOP</Point>
      <Point>ENDET</Point>
      <Point>CARMN</Point>
      <Point>LINBO</Point>
      <Point>PN VOR</Point>
      <Point>LASEL</Point>
      <Point>SULTU</Point>
      <Point>DOBGO</Point>
      <Point>HUG NDB</Point>
      <Point>VIPUB</Point>
      <Point>KIPPA</Point>
      <Point>ESLAR</Point>
      <Point>NIPOM</Point>
      <Point>TASUN</Point>
      <Point>KALVI</Point>
      <Point>AKINU</Point>
      <Point>TOGEN</Point>
      <Point>ENSAB</Point>
      <Point>DOTTE</Point>
    </Label>
  </Map>
</Maps>