﻿<?xml version="1.0" encoding="utf-8"?>
<Maps>
  <Map Type="System" Name="TL_TCU" Priority="1" Center="-19.252500+146.765278">
    <!--YBTL-->
    <Runway Name="01/19">
      <Threshold Name="01" Position="-19.258306+146.764722" />
      <Threshold Name="19" Position="-19.238203+146.774217" />
    </Runway>
    <Runway Name="07/25">
      <Threshold Name="07" Position="-19.255808+146.755544" />
      <Threshold Name="25" Position="-19.253072+146.765575" />
    </Runway>
    <!--Airway Routes-->
    <Line>
      <!--J184-->
      ALBEE/
      WISKA/
      OKODU
    </Line>
    <Line>
      <!--Q30-->
      ANRUB/
      MATAR
    </Line>
    <Line>
      <!--R213-->
      WYNOT/
      ABTOX
    </Line>
    <Line>
      <!--R346-->
      EKOKU/
      RUMKA/
      AKROM
    </Line>
    <Line>
      <!--V153-->
      CS VOR/
      OLSIN/
      IGIKI/
      IBUXI/
      BINUN
    </Line>
    <Line>
      <!--V153-->
      WALTA/
      ALBUX/
      DAGSI/
      MK VOR/
      MUNAR/
      LERKI
    </Line>
    <Line>
      <!--V308-->
      EMSUP/
      WELKE/
      MK VOR/
      CLIFT/
      BITAS/
      POROB
    </Line>
    <Line>
      <!--V308-->
      ADLAG/
      PEWEE/
      BARIA/
      CS VOR
    </Line>
    <Line>
      <!--W232-->
      OLDER/
      LUKPU
    </Line>
    <Line>
      <!--W258-->
      JEMMA/
      LINSU/
      LERKI
    </Line>
    <Line>
      <!--W265-->
      SIMAS/
      THOMO
    </Line>
    <Line>
      <!--W387-->
      ISMUN/
      KIBOP/
      ENDET/
      CARMN
    </Line>
    <Line>
      <!--W387-->
      LINBO/
      ALBUX/
      PN VOR/
      MK VOR
    </Line>
    <Line>
      <!--W469-->
      LASEL/
      SULTU/
      DOBGO/
      HUG NDB
    </Line>
    <Line>
      <!--W528-->
      VIPUB/
      KIPPA
    </Line>
    <Line>
      <!--W613-->
      ESLAR/
      NIPOM/
      TASUN
    </Line>
    <Line>
      <!--W637-->
      KALVI/
      AKINU
    </Line>
    <Line>
      <!--W660-->
      TOGEN/
      ENSAB
    </Line>
    <Line>
      <!--W841-->
      DOTTE/
      ISMUN
    </Line>
  </Map>
  <Map Type="System2" Name="TL_VFR" Priority="1" Center="-19.252500+146.765278">
    <Symbol Type="HollowSquare">
      <Point>ANI</Point>
      <Point>ANP</Point>
      <Point>CCL</Point>
      <Point>CEN</Point>
      <Point>DOP</Point>
      <Point>GIRU</Point>
      <Point>HVI</Point>
      <Point>KSPT</Point>
      <Point>LNDA</Point>
      <Point>MBC</Point>
      <Point>MTBL</Point>
      <Point>MBKR</Point>
      <Point>MBHR</Point>
      <Point>MMT</Point>
      <Point>MUEE</Point>
      <Point>MRTL</Point>
      <Point>NOME</Point>
      <Point>ORKS</Point>
      <Point>PLU</Point>
      <Point>PCA</Point>
      <Point>RDRS</Point>
      <Point>RKI</Point>
      <Point>RGS</Point>
      <Point>RRDM</Point>
      <Point>RMT</Point>
      <Point>SPN</Point>
      <Point>SUA</Point>
      <Point>SUNZ</Point>
      <Point>TCNR</Point>
      <Point>TNP</Point>
      <Point>TOOU</Point>
      <Point>WEP</Point>
      <Point>WTRK</Point>
      <Point>YBU</Point>
    </Symbol>
    <Label HasLeader="True">
      <Point>ANI</Point>
      <Point>ANP</Point>
      <Point>CCL</Point>
      <Point>CEN</Point>
      <Point>DOP</Point>
      <Point>GIRU</Point>
      <Point>HVI</Point>
      <Point>KSPT</Point>
      <Point>LNDA</Point>
      <Point>MBC</Point>
      <Point>MTBL</Point>
      <Point>MBKR</Point>
      <Point>MBHR</Point>
      <Point>MMT</Point>
      <Point>MUEE</Point>
      <Point>MRTL</Point>
      <Point>NOME</Point>
      <Point>ORKS</Point>
      <Point>PLU</Point>
      <Point>PCA</Point>
      <Point>RDRS</Point>
      <Point>RKI</Point>
      <Point>RGS</Point>
      <Point>RRDM</Point>
      <Point>RMT</Point>
      <Point>SPN</Point>
      <Point>SUA</Point>
      <Point>SUNZ</Point>
      <Point>TCNR</Point>
      <Point>TNP</Point>
      <Point>TOOU</Point>
      <Point>WEP</Point>
      <Point>WTRK</Point>
      <Point>YBU</Point>
    </Label>
    <Label HasLeader="True" LabelOrientation="NW">
      <Point Name="CLEVEDON">GIRU</Point>
      <Point Name="ROLLINGSTONE">-190250.000+1462450.000</Point>
      <Point Name="STUART">DOP</Point>
      <Point Name="THORNTON_NORTH">TNP</Point>
      <Point Name="UPPER_ROSS">-193409.600+1465029.100</Point>
    </Label>
    <Label HasLeader="True" LabelOrientation="SE">
      <Point Name="THORNTON_SOUTH">TNP</Point>
    </Label>
    <!--CLEVEDON-->
    <Line Pattern="Dotted">
      GIRU/CEN/-192137.000+1465901.000/TL VOR
    </Line>
    <!--ROLLINGSTONE-->
    <Line Pattern="Dotted">
      -190250.000+1462450.000/TOOU/-191152.449+1463555.987/-191308.678+1464224.659/TL VOR
    </Line>
    <!--STUART-->
    <Line Pattern="Dotted">
      DOP/ANP/-192500.598+1464947.066/-192337.795+1464936.585/-192157.310+1464957.670/SUA/-191926.966+1464941.555/TL VOR
    </Line>
    <!--THORNTON_NORTH-->
    <Line Pattern="Dotted">
      TNP/MBC/TL VOR
    </Line>
    <!--THORNTON_SOUTH-->
    <Line Pattern="Dotted">
      TNP/MMT/-191800.000+1464000.000/TL VOR
    </Line>
    <!--UPPER_ROSS-->
    <Line Pattern="Dotted">
      -193409.600+1465029.100/-192826.313+1464247.000/RRDM/TCNR/-191831.217+1464422.793/-191727.916+1464423.763/-191654.521+1464433.332/-191624.069+1464449.036/TL VOR
    </Line>
  </Map>
  <Map Type="System2" Name="TL_VFR_FULL_NAME" Priority="1" Center="-19.252500+146.765278">
    <Label HasLeader="True" LabelOrientation="SW">
      <Point Name="ACHERON ISLAND">ANI</Point>
      <Point Name="ANTILL PLAINS">ANP</Point>
      <Point Name="CAPE CLEVELAND">CCL</Point>
      <Point Name="CLEVEDON">CEN</Point>
      <Point Name="DONNINGTON AIRPARK">DOP</Point>
      <Point Name="GIRU">GIRU</Point>
      <Point Name="HAVANNAH ISLAND">HVI</Point>
      <Point Name="KISSING POINT">KSPT</Point>
      <Point Name="LUCINDA">LNDA</Point>
      <Point Name="MOUNT BLACK">MBC</Point>
      <Point Name="MOUNT BOHLE">MTBL</Point>
      <Point Name="MOUTH OF THE BLACK RIVER">MBKR</Point>
      <Point Name="MOUTH OF THE BOHLE RIVER">MBHR</Point>
      <Point Name="MT MARGARET">MMT</Point>
      <Point Name="MUTARNEE">MUEE</Point>
      <Point Name="MYRTLE">MRTL</Point>
      <Point Name="NOME">NOME</Point>
      <Point Name="ORCHARD ROCKS">ORKS</Point>
      <Point Name="PALUMA DAM">PLU</Point>
      <Point Name="PICNIC BAY">PCA</Point>
      <Point Name="RADAR SITE">RDRS</Point>
      <Point Name="RATTLESNAKE ISLAND">RKI</Point>
      <Point Name="ROLLINGSTONE">RGS</Point>
      <Point Name="ROSS RIVER DAM">RRDM</Point>
      <Point Name="ROUND MT">RMT</Point>
      <Point Name="SOUTH PINNACLE">SPN</Point>
      <Point Name="STUART">SUA</Point>
      <Point Name="SUN ZINC REFINERY">SUNZ</Point>
      <Point Name="THE CORNER">TCNR</Point>
      <Point Name="THORNTON GAP">TNP</Point>
      <Point Name="TOOMULLA">TOOU</Point>
      <Point Name="WEST PT">WEP</Point>
      <Point Name="WHITE ROCK">WTRK</Point>
      <Point Name="YABULU">YBU</Point>
    </Label>
  </Map>
  <Map Type="System" Name="YBTL_ALLRWYS" Priority="2" Center="-19.252500+146.765278">
    <!--YBTL-->
    <Runway Name="01/19">
      <Threshold Name="01" Position="-19.258306+146.764722" ExtendedCentrelineTrack="204.16" ExtendedCentrelineLength="15" ExtendedCentrelineTickInterval="1" />
      <Threshold Name="19" Position="-19.238203+146.774217" ExtendedCentrelineTrack="24.16" ExtendedCentrelineLength="15" ExtendedCentrelineTickInterval="1" />
    </Runway>
    <!--YBTL-->
    <Runway Name="07/25">
      <Threshold Name="07" Position="-19.255808+146.755544" ExtendedCentrelineTrack="253.97" ExtendedCentrelineLength="10" ExtendedCentrelineTickInterval="5" />
      <Threshold Name="25" Position="-19.253072+146.765575" ExtendedCentrelineTrack="73.98" ExtendedCentrelineLength="5" ExtendedCentrelineTickInterval="5" />
    </Runway>
  </Map>
</Maps>