﻿<?xml version="1.0" encoding="utf-8"?>
<Maps>
  <Map Type="System" Name="HB_RWY12" Priority="1" Center="-42.836111+147.510278">
    <!--YMHB-->
    <Runway Name="12/30">
      <Threshold Name="12" Position="-42.828972+147.502050" ExtendedCentrelineTrack="315.01" ExtendedCentrelineLength="17" ExtendedCentrelineTickInterval="1" />
      <Threshold Name="30" Position="-42.845578+147.524597" />
    </Runway>
    <!--SIDs-->
    <Line>
      <!--Rwy12 KANLI3-->
      -425044.080+1473128.550/
      OREBA/
      ISTIG/
      OMKUL/
      GIVOT/
      SORVI/
      TOSUG/
      VILAL/
      MIBAL/
      KANLI
    </Line>
    <Line>
      <!--Rwy12 LATUM2-->
      -425044.080+1473128.550/
      KADON/
      BIVED/
      IDRUG/
      DUMIT/
      NUVTA/
      TASED/
      LATUM
    </Line>
    <Line>
      <!--Rwy12 LAVOP1-->
      OREBA/
      LAVOP
    </Line>
    <Line>
      <!--Rwy12 RIBLI2-->
      NUVTA/
      RIBLI
    </Line>
    <!--STARs-->
    <Line>
      <!--Rwy12 IPLE7A-->
      IPLET/
      SUNEK/
      BEBEK/
      UNTAP/
      BUSKA
    </Line>
    <Line>
      <!--Rwy12 IPLE7V-->
      IPLET/
      ATIGU/
      PIMOV/
      VETOR
    </Line>
    <Line>
      <!--Rwy12 IPLE7W-->
    </Line>
    <Line>
      <!--Rwy12 MORG3A-->
      MORGO/
      VAVMO/
      IKOBI/
      BUSKA
    </Line>
    <Symbol Type="HollowTriangle">
      <Point>BUSKA</Point>
      <Point>VETOR</Point>
    </Symbol>
    <Symbol Type="SolidStar">
      <Point>OREBA</Point>
    </Symbol>
    <Symbol Type="HollowStar">
      <Point>ISTIG</Point>
      <Point>OMKUL</Point>
      <Point>GIVOT</Point>
      <Point>SORVI</Point>
      <Point>TOSUG</Point>
      <Point>VILAL</Point>
      <Point>MIBAL</Point>
      <Point>KANLI</Point>
      <Point>KADON</Point>
      <Point>BIVED</Point>
      <Point>IDRUG</Point>
      <Point>DUMIT</Point>
      <Point>NUVTA</Point>
      <Point>TASED</Point>
      <Point>LATUM</Point>
      <Point>LAVOP</Point>
      <Point>RIBLI</Point>
      <Point>IPLET</Point>
      <Point>SUNEK</Point>
      <Point>BEBEK</Point>
      <Point>UNTAP</Point>
      <Point>ATIGU</Point>
      <Point>PIMOV</Point>
      <Point>MORGO</Point>
      <Point>VAVMO</Point>
      <Point>IKOBI</Point>
    </Symbol>
  </Map>
  <Map Type="System" Name="HB_RWY12_NAMES" Priority="2" Center="-42.836111+147.510278">
    <Label>
      <Point>OREBA</Point>
      <Point>ISTIG</Point>
      <Point>OMKUL</Point>
      <Point>GIVOT</Point>
      <Point>SORVI</Point>
      <Point>TOSUG</Point>
      <Point>VILAL</Point>
      <Point>MIBAL</Point>
      <Point>KANLI</Point>
      <Point>KADON</Point>
      <Point>BIVED</Point>
      <Point>IDRUG</Point>
      <Point>DUMIT</Point>
      <Point>NUVTA</Point>
      <Point>TASED</Point>
      <Point>LATUM</Point>
      <Point>LAVOP</Point>
      <Point>RIBLI</Point>
      <Point>IPLET</Point>
      <Point>SUNEK</Point>
      <Point>BEBEK</Point>
      <Point>UNTAP</Point>
      <Point>BUSKA</Point>
      <Point>ATIGU</Point>
      <Point>PIMOV</Point>
      <Point>VETOR</Point>
      <Point>MORGO</Point>
      <Point>VAVMO</Point>
      <Point>IKOBI</Point>
      <Point>LT VOR</Point>
      <Point>VEKLO</Point>
      <Point>NUNPA</Point>
      <Point>DOTVU</Point>
      <Point>URBEN</Point>
      <Point>IRSOM</Point>
      <Point>LAXOT</Point>
      <Point>MOTRA</Point>
      <Point>GOMOM</Point>
      <Point>PADBU</Point>
    </Label>
  </Map>
</Maps>