﻿<?xml version="1.0" encoding="utf-8"?>
<Maps>
  <Map Type="System" Name="HB_RWY30" Priority="1" Center="-42.836111+147.510278">
    <!--YMHB-->
    <Runway Name="12/30">
      <Threshold Name="12" Position="-42.828972+147.502050" />
      <Threshold Name="30" Position="-42.845578+147.524597" ExtendedCentrelineTrack="135.03" ExtendedCentrelineLength="15" ExtendedCentrelineTickInterval="1" />
    </Runway>
    <!--SIDs-->
    <Line>
      <!--Rwy30 KANLI3-->
      -424944.300+1473007.380/
      TOKAX/
      NOPET/
      RUNAG/
      KANLI
    </Line>
    <Line>
      <!--Rwy30 LATUM2-->
      TOKAX/
      IKETU/
      PIDIX/
      KANLI/
      LATUM
    </Line>
    <Line>
      <!--Rwy30 RIBLI2-->
      IKETU/
      RIBLI
    </Line>
    <!--STARs-->
    <Line>
      <!--Rwy30 IPLE7A-->
      IPLET/
      RUMUM/
      SAKUT/
      PIDOS
    </Line>
    <Line>
      <!--Rwy30 IPLE7V-->
      IPLET/
      LEMUK/
      RUMUM/
      BAVUR
    </Line>
    <Line>
      <!--Rwy30 IPLE7W-->
    </Line>
    <Line>
      <!--Rwy30 MORG3A-->
      MORGO/
      POXID/
      GULEB/
      SORVI/
      OBDEB/
      BAVUR/
      SAKUT
    </Line>
    <Line>
      <!--Rwy30 MORG3V-->
    </Line>
    <Line>
      <!--Rwy30 MORG3W-->
    </Line>
    <Symbol Type="HollowTriangle">
      <Point>PIDOS</Point>
      <Point>BAVUR</Point>
    </Symbol>
    <Symbol Type="SolidStar">
      <Point>TOKAX</Point>
    </Symbol>
    <Symbol Type="HollowStar">
      <Point>NOPET</Point>
      <Point>RUNAG</Point>
      <Point>KANLI</Point>
      <Point>IKETU</Point>
      <Point>PIDIX</Point>
      <Point>LATUM</Point>
      <Point>RIBLI</Point>
      <Point>IPLET</Point>
      <Point>RUMUM</Point>
      <Point>SAKUT</Point>
      <Point>LEMUK</Point>
      <Point>MORGO</Point>
      <Point>POXID</Point>
      <Point>GULEB</Point>
      <Point>SORVI</Point>
      <Point>OBDEB</Point>
    </Symbol>
  </Map>
  <Map Type="System" Name="HB_RWY30_NAMES" Priority="2" Center="-42.836111+147.510278">
    <Label>
      <Point>TOKAX</Point>
      <Point>NOPET</Point>
      <Point>RUNAG</Point>
      <Point>KANLI</Point>
      <Point>IKETU</Point>
      <Point>PIDIX</Point>
      <Point>LATUM</Point>
      <Point>RIBLI</Point>
      <Point>IPLET</Point>
      <Point>RUMUM</Point>
      <Point>SAKUT</Point>
      <Point>PIDOS</Point>
      <Point>LEMUK</Point>
      <Point>BAVUR</Point>
      <Point>MORGO</Point>
      <Point>POXID</Point>
      <Point>GULEB</Point>
      <Point>SORVI</Point>
      <Point>OBDEB</Point>
      <Point>LT VOR</Point>
      <Point>VEKLO</Point>
      <Point>NUNPA</Point>
      <Point>DOTVU</Point>
      <Point>URBEN</Point>
      <Point>IRSOM</Point>
      <Point>LAXOT</Point>
      <Point>MOTRA</Point>
      <Point>GOMOM</Point>
      <Point>PADBU</Point>
    </Label>
  </Map>
</Maps>