﻿<?xml version="1.0" encoding="utf-8"?>
<Maps>
  <Map Type="System" Name="HB_TCU" Priority="1" Center="-42.836111+147.510278">
    <!--YMHB-->
    <Runway Name="12/30">
      <Threshold Name="12" Position="-42.828972+147.502050" />
      <Threshold Name="30" Position="-42.845578+147.524597" />
    </Runway>
    <!--Airway Routes-->
    <Line>
      <!--H111-->
      KANLI/
      LATUM/
      LT VOR
    </Line>
    <Line>
      <!--J163-->
      VEKLO/
      NUNPA
    </Line>
    <Line>
      <!--T234-->
      DOTVU/
      URBEN/
      RIBLI
    </Line>
    <Line>
      <!--V33-->
      IRSOM/
      LAXOT/
      MORGO
    </Line>
    <Line>
      <!--W407-->
      NUNPA/
      MOTRA/
      IPLET
    </Line>
    <Line>
      <!--W462-->
      GOMOM/
      PADBU
    </Line>
  </Map>
  <Map Type="System2" Name="HB_VFR" Priority="1" Center="-42.836111+147.510278">
    <Symbol Type="HollowSquare">
      <Point>BOWB</Point>
      <Point>BKD</Point>
      <Point>CPA</Point>
      <Point>CHOC</Point>
      <Point>CBV</Point>
      <Point>CREM</Point>
      <Point>DRP</Point>
      <Point>DLY</Point>
      <Point>EAN</Point>
      <Point>HCTY</Point>
      <Point>LAUD</Point>
      <Point>MGL</Point>
      <Point>MRL</Point>
      <Point>MAYD</Point>
      <Point>MORN</Point>
      <Point>OAT</Point>
      <Point>PRS</Point>
      <Point>PSF</Point>
      <Point>RADT</Point>
      <Point>RCH</Point>
      <Point>SLP</Point>
      <Point>SORL</Point>
      <Point>TAS</Point>
    </Symbol>
    <Label HasLeader="True">
      <Point>BOWB</Point>
      <Point>BKD</Point>
      <Point>CPA</Point>
      <Point>CHOC</Point>
      <Point>CBV</Point>
      <Point>CREM</Point>
      <Point>DRP</Point>
      <Point>DLY</Point>
      <Point>EAN</Point>
      <Point>HCTY</Point>
      <Point>LAUD</Point>
      <Point>MGL</Point>
      <Point>MRL</Point>
      <Point>MAYD</Point>
      <Point>MORN</Point>
      <Point>OAT</Point>
      <Point>PRS</Point>
      <Point>PSF</Point>
      <Point>RADT</Point>
      <Point>RCH</Point>
      <Point>SLP</Point>
      <Point>SORL</Point>
      <Point>TAS</Point>
    </Label>
    <Label HasLeader="True" LabelOrientation="NW">
      <Point Name="IN_DUNALLEY">DLY</Point>
      <Point Name="IN_PROSSERS_SGLF">PSF</Point>
      <Point Name="IN_VICTOR_NW">-423250.703+1472211.137</Point>
      <Point Name="IN_VICTOR_SOUTH">CREM</Point>
      <Point Name="IN_VICTOR_SW">DRP</Point>
      <Point Name="MANGALORE">MGL</Point>
      <Point Name="VICTOR_EAST">-425157.172+1474958.984</Point>
      <Point Name="VICTOR_NE">CBV</Point>
      <Point Name="VICTOR_WEST">BOWB</Point>
    </Label>
    <!--IN_DUNALLEY-->
    <Line Pattern="Dotted">
      DLY/PRS/YMHB
    </Line>
    <!--IN_PROSSERS_SGLF-->
    <Line Pattern="Dotted">
      PSF/SORL/YCBG
    </Line>
    <!--IN_VICTOR_NW-->
    <Line Pattern="Dotted">
      -423250.703+1472211.137/-423317.191+1472229.633/-423359.049+1472239.827/-423437.985+1472304.174/-423536.261+1472316.904/-423638.792+1472441.434/-423841.011+1472555.709/-423946.715+1472515.229/-424416.232+1472520.128/-424633.303+1472425.654/-424847.125+1472517.435/-424930.322+1472640.762
    </Line>
    <!--IN_VICTOR_SOUTH-->
    <Line Pattern="Dotted">
      CREM/-425549.429+1472901.335/YCBG
    </Line>
    <!--IN_VICTOR_SW-->
    <Line Pattern="Dotted">
      DRP/-425034.200+1472533.600/YCBG
    </Line>
    <!--MANGALORE-->
    <Line Pattern="Dotted">
      MGL/YCBG
    </Line>
    <!--VICTOR_EAST-->
    <Line Pattern="Dotted">
      -425157.172+1474958.984/-424900.656+1474824.943/-424839.320+1474654.602/-424901.574+1474426.419/-424910.437+1474058.970/-424824.103+1473816.504/-424747.731+1473648.298/-424705.547+1473628.626/-424653.094+1473558.552/SORL
    </Line>
    <!--VICTOR_NE-->
    <Line Pattern="Dotted">
      CBV/SORL
    </Line>
    <!--VICTOR_WEST-->
    <Line Pattern="Dotted">
      BOWB/YCBG
    </Line>
  </Map>
  <Map Type="System2" Name="HB_VFR_FULL_NAME" Priority="1" Center="-42.836111+147.510278">
    <Label HasLeader="True" LabelOrientation="SW">
      <Point Name="BOWEN BRIDGE">BOWB</Point>
      <Point Name="BUCKLAND">BKD</Point>
      <Point Name="CAMPANIA">CPA</Point>
      <Point Name="CHOCOLATE FACTORY">CHOC</Point>
      <Point Name="CRAIGBOURNE RESV">CBV</Point>
      <Point Name="CREMORNE">CREM</Point>
      <Point Name="DROUGHTY PT">DRP</Point>
      <Point Name="DUNALLEY">DLY</Point>
      <Point Name="EAGLE HAWK NECK">EAN</Point>
      <Point Name="HOBART CBD">HCTY</Point>
      <Point Name="LAUDERDALE">LAUD</Point>
      <Point Name="MANGALORE">MGL</Point>
      <Point Name="MARIA ISLAND">MRL</Point>
      <Point Name="MAYDENA">MAYD</Point>
      <Point Name="MORNINGTON">MORN</Point>
      <Point Name="OATLANDS">OAT</Point>
      <Point Name="PRIMROSE SANDS">PRS</Point>
      <Point Name="PROSSERS SUGARLOAF">PSF</Point>
      <Point Name="RADIO TELESCOPE">RADT</Point>
      <Point Name="RICHMOND">RCH</Point>
      <Point Name="SLOPING ISLAND">SLP</Point>
      <Point Name="SORELL">SORL</Point>
      <Point Name="TASMAN BRIDGE">TAS</Point>
    </Label>
  </Map>
  <Map Type="System" Name="YMHB_ALLRWYS" Priority="2" Center="-42.836111+147.510278">
    <!--YMHB-->
    <Runway Name="12/30">
      <Threshold Name="12" Position="-42.828972+147.502050" ExtendedCentrelineTrack="315.01" ExtendedCentrelineLength="17" ExtendedCentrelineTickInterval="1" />
      <Threshold Name="30" Position="-42.845578+147.524597" ExtendedCentrelineTrack="135.03" ExtendedCentrelineLength="15" ExtendedCentrelineTickInterval="1" />
    </Runway>
  </Map>
</Maps>