<?xml version="1.0" encoding="utf-8"?>
<Maps>
  <Map Type="System" Name="YCBG_RWY" Priority="1" Center="-42.836111+147.510278">
    <!--YCBG-->
    <Runway Name="12/30">
      <Threshold Name="12" Position="-424920.70+1472824.83" />
      <Threshold Name="30" Position="-424943.47+1472854.13" />
    </Runway>
    <Runway Name="14/32">
      <Threshold Name="14" Position="-424918.77+1472824.70" />
      <Threshold Name="32" Position="-424940.90+1472839.08" />
    </Runway>
    <Runway Name="09/27">
      <Threshold Name="09" Position="-424941.42+1472833.63" />
      <Threshold Name="27" Position="-424946.57+1472859.97" />
    </Runway>
  </Map>
</Maps>