﻿<?xml version="1.0" encoding="utf-8"?>
<Maps>
  <Map Type="System" Name="AS_TCU" Priority="1" Center="-23.808333+133.900833">
    <!--YBAS-->
    <Runway Name="12/30">
      <Threshold Name="12" Position="-23.801031+133.893361" />
      <Threshold Name="30" Position="-23.812119+133.914028" />
    </Runway>
    <Runway Name="17/35">
      <Threshold Name="17" Position="-23.797278+133.886539" />
      <Threshold Name="35" Position="-23.807483+133.886881" />
    </Runway>
    <!--Airway Routes-->
    <Line>
      <!--A461-->
      ELLOW/
      IDANU
    </Line>
    <Line>
      <!--J64-->
      ANZAC/
      GAFER
    </Line>
    <Line>
      <!--J251-->
      SADEL/
      SOTMI/
      GOMUL
    </Line>
    <Line>
      <!--T11-->
      MITTS/
      PULOL
    </Line>
    <Line>
      <!--V656-->
      TUMSO/
      OLNAM/
      ANGAS/
      AYE NDB
    </Line>
    <Line>
      <!--W177-->
      BERBU/
      KIKAN
    </Line>
    <Line>
      <!--W344-->
      MATMA/
      ASUBO
    </Line>
    <Line>
      <!--W408-->
      AYE NDB/
      LUVAV/
      PUMAK
    </Line>
    <Line>
      <!--W584-->
      DESET/
      TREBL
    </Line>
  </Map>
  <Map Type="System2" Name="AS_VFR" Priority="1" Center="-23.808333+133.900833">
    <Symbol Type="HollowSquare">
      <Point>KNO</Point>
      <Point>BSP</Point>
      <Point>DPW</Point>
      <Point>EMY</Point>
      <Point>EWI</Point>
      <Point>GWTR</Point>
      <Point>HGR</Point>
      <Point>JCK</Point>
      <Point>JES</Point>
      <Point>LWG</Point>
      <Point>MBST</Point>
      <Point>OOR</Point>
      <Point>MUO</Point>
      <Point>OWS</Point>
      <Point>STT</Point>
      <Point>SSG</Point>
    </Symbol>
    <Label HasLeader="True">
      <Point>KNO</Point>
      <Point>BSP</Point>
      <Point>DPW</Point>
      <Point>EMY</Point>
      <Point>EWI</Point>
      <Point>GWTR</Point>
      <Point>HGR</Point>
      <Point>JCK</Point>
      <Point>JES</Point>
      <Point>LWG</Point>
      <Point>MBST</Point>
      <Point>OOR</Point>
      <Point>MUO</Point>
      <Point>OWS</Point>
      <Point>STT</Point>
      <Point>SSG</Point>
    </Label>
    <Label HasLeader="True" LabelOrientation="NW">
      <Point Name="ROUTE_1">-231208.884+1334539.835</Point>
      <Point Name="ROUTE_10">KNO</Point>
      <Point Name="ROUTE_2">MBST</Point>
      <Point Name="ROUTE_4">STT</Point>
      <Point Name="ROUTE_5">DPW</Point>
      <Point Name="ROUTE_6">HGR</Point>
      <Point Name="ROUTE_7">LWG</Point>
      <Point Name="ROUTE_8">OWS</Point>
      <Point Name="ROUTE_9">JCK</Point>
    </Label>
    <Label HasLeader="True" LabelOrientation="SE">
      <Point Name="ROUTE_3">MBST</Point>
    </Label>
    <!--ROUTE_1-->
    <Line Pattern="Dotted">
      -231208.884+1334539.835/-233504.594+1335248.609/-233643.032+1335253.536/-233808.825+1335209.890/-234144.657+1335307.879/-234750.958+1335312.006
    </Line>
    <!--ROUTE_10-->
    <Line Pattern="Dotted">
      KNO/SSG/YBAS
    </Line>
    <!--ROUTE_2-->
    <Line Pattern="Dotted">
      MBST/EMY/YBAS
    </Line>
    <!--ROUTE_3-->
    <Line Pattern="Dotted">
      MBST/MUO/YBAS
    </Line>
    <!--ROUTE_4-->
    <Line Pattern="Dotted">
      STT/OOR/EWI/YBAS
    </Line>
    <!--ROUTE_5-->
    <Line Pattern="Dotted">
      DPW/OOR/EWI/YBAS
    </Line>
    <!--ROUTE_6-->
    <Line Pattern="Dotted">
      HGR/-241230.845+1332855.348/-240631.889+1333308.071/GWTR/YBAS
    </Line>
    <!--ROUTE_7-->
    <Line Pattern="Dotted">
      LWG/GWTR/YBAS
    </Line>
    <!--ROUTE_8-->
    <Line Pattern="Dotted">
      OWS/GWTR/YBAS
    </Line>
    <!--ROUTE_9-->
    <Line Pattern="Dotted">
      JCK/SSG/YBAS
    </Line>
  </Map>
  <Map Type="System2" Name="AS_VFR_FULL_NAME" Priority="1" Center="-23.808333+133.900833">
    <Label HasLeader="True" LabelOrientation="SW">
      <Point Name="ABEAM KUNOTH">KNO</Point>
      <Point Name="BOND SPRINGS">BSP</Point>
      <Point Name="DEEP WELL">DPW</Point>
      <Point Name="EMILY GAP">EMY</Point>
      <Point Name="EWANINGA">EWI</Point>
      <Point Name="GAOL WATER TOWER">GWTR</Point>
      <Point Name="HUGH RIVER">HGR</Point>
      <Point Name="JAY CREEK">JCK</Point>
      <Point Name="JESSIE GAP">JES</Point>
      <Point Name="LAWRENCE GORGE">LWG</Point>
      <Point Name="MOUNT BENSTEAD">MBST</Point>
      <Point Name="MOUNT OORAMINNA">OOR</Point>
      <Point Name="MOUNT UNDOOLYA">MUO</Point>
      <Point Name="OWEN SPRINGS">OWS</Point>
      <Point Name="SANTA TERESA">STT</Point>
      <Point Name="SIMPSONS GAP">SSG</Point>
    </Label>
  </Map>
  <Map Type="System" Name="YBAS_ALLRWYS" Priority="2" Center="-23.808333+133.900833">
    <!--YBAS-->
    <Runway Name="12/30">
      <Threshold Name="12" Position="-23.801031+133.893361" ExtendedCentrelineTrack="300.25" ExtendedCentrelineLength="15" ExtendedCentrelineTickInterval="1" />
      <Threshold Name="30" Position="-23.812119+133.914028" ExtendedCentrelineTrack="120.25" ExtendedCentrelineLength="15" ExtendedCentrelineTickInterval="1" />
    </Runway>
    <!--YBAS-->
    <Runway Name="17/35">
      <Threshold Name="17" Position="-23.797278+133.886539" ExtendedCentrelineTrack="358.24" ExtendedCentrelineLength="5" ExtendedCentrelineTickInterval="5" />
      <Threshold Name="35" Position="-23.807483+133.886881" ExtendedCentrelineTrack="178.24" ExtendedCentrelineLength="5" ExtendedCentrelineTickInterval="5" />
    </Runway>
  </Map>
</Maps>