﻿<?xml version="1.0" encoding="utf-8"?>
<Maps>
  <Map Type="System2" Name="AIRSPACE_NOTES" Priority="1" CustomColourName="Mustard">
    <Label HasLeader="False" Alignment="Center" VerticalAlignment="Middle">
      <Point Name="BAG SFC-075, GOL 075-600">-275506.0608+1533438.1189</Point>
      <Point Name="BAG SFC-125, GOL 125-600">-283834.5309+1532830.5713</Point>
      <Point Name="BAN SFC-185, BUR 185-600">-270352.1205+1530657.096</Point>
      <Point Name="BAS SFC-185, GOL 185-600">-273707.6428+1531417.2632</Point>
      <Point Name="BLA/ELW OWNS CB TCU WHEN CB APP OFFLINE">-353001.4557+1491521.4783</Point>
    </Label>
    <Line Pattern='Dashed'>
      -28.286667+153.102778/
      -28.225000+153.313611/
      -28.168889+153.503889/
      -27.855556+153.945000
    </Line>
  </Map>
</Maps>