﻿<?xml version="1.0" encoding="utf-8"?>
<Maps>
  <Map Type="System" Name="ALL_NAVAIDS_NAMES" Priority="0" Center="-2380.8+13390.1">
    <Label HasLeader="true">
      <Point Name="ABA">-345707.800+1174837.900</Point>
      <Point Name="ARM">-303138.300+1513654.100</Point>
      <Point Name="AS">-234640.600+1335224.700</Point>
      <Point Name="AYE">-251021.700+1305829.300</Point>
      <Point Name="BDV">-255346.600+1392112.300</Point>
      <Point Name="BGT">-122423.900+1305125.300</Point>
      <Point Name="BHI">-315931.300+1412806.400</Point>
      <Point Name="BK">-335542.000+1505918.600</Point>
      <Point Name="BKE">-300236.500+1455657.600</Point>
      <Point Name="BLN">-334132.700+1152342.600</Point>
      <Point Name="BML">-275758.000+1525402.800</Point>
      <Point Name="BNA">-285004.200+1533344.600</Point>
      <Point Name="BOU">-225453.200+1395425.100</Point>
      <Point Name="BRM">-175646.700+1221407.100</Point>
      <Point Name="BTH">-332450.600+1493925.200</Point>
      <Point Name="BUD">-245423.700+1521913.100</Point>
      <Point Name="CAR">-245312.300+1134009.200</Point>
      <Point Name="CB">-351744.200+1491226.600</Point>
      <Point Name="CBA">-313224.500+1454755.000</Point>
      <Point Name="CBP">-290154.500+1344325.600</Point>
      <Point Name="CCY">-203956.400+1403003.800</Point>
      <Point Name="CDU">-320735.600+1334337.000</Point>
      <Point Name="CG">-280953.500+1533004.000</Point>
      <Point Name="CIL">-121014.500+0964916.300</Point>
      <Point Name="CMU">-280205.200+1453725.500</Point>
      <Point Name="COE">-134557.800+1430702.100</Point>
      <Point Name="COM">-362113.600+1485727.100</Point>
      <Point Name="COR">-355914.900+1462125.900</Point>
      <Point Name="CS">-165049.100+1454408.000</Point>
      <Point Name="CUN">-313730.300+1171326.500</Point>
      <Point Name="CV">-262512.100+1461456.400</Point>
      <Point Name="CWR">-335041.600+1483911.700</Point>
      <Point Name="DBY">-172124.600+1234001.100</Point>
      <Point Name="DU">-321303.100+1483332.700</Point>
      <Point Name="EML">-233402.800+1481015.800</Point>
      <Point Name="ESL">-380640.800+1470934.400</Point>
      <Point Name="ESP">-334113.100+1214937.600</Point>
      <Point Name="FRT">-305117.600+1280557.700</Point>
      <Point Name="GEL">-284754.300+1144206.500</Point>
      <Point Name="GFN">-294535.000+1530138.800</Point>
      <Point Name="GIG">-312735.000+1155156.000</Point>
      <Point Name="GLB">-344825.800+1494413.800</Point>
      <Point Name="GTE">-135830.200+1362719.600</Point>
      <Point Name="GTH">-341637.900+1460324.200</Point>
      <Point Name="GV">-121612.800+1364927.600</Point>
      <Point Name="HID">-103531.400+1421733.200</Point>
      <Point Name="HLC">-181359.200+1274020.800</Point>
      <Point Name="HML">-373857.400+1420328.300</Point>
      <Point Name="HOO">-181951.400+1303813.900</Point>
      <Point Name="HUG">-204914.200+1441344.500</Point>
      <Point Name="IVL">-295304.900+1510823.900</Point>
      <Point Name="JT">-320609.700+1155312.200</Point>
      <Point Name="KA">-204221.900+1164702.300</Point>
      <Point Name="KG">-304743.100+1212748.100</Point>
      <Point Name="KII">-395320.800+1435231.200</Point>
      <Point Name="KU">-154702.100+1284214.300</Point>
      <Point Name="LEC">-303555.400+1382632.100</Point>
      <Point Name="LEO">-285243.900+1211913.000</Point>
      <Point Name="LHI">-313144.100+1590422.600</Point>
      <Point Name="LHR">-124718.900+1431813.500</Point>
      <Point Name="LM">-221429.500+1140544.700</Point>
      <Point Name="LRE">-232542.300+1441720.900</Point>
      <Point Name="LST">-275026.300+1204201.000</Point>
      <Point Name="LT">-413339.800+1471330.300</Point>
      <Point Name="LTV">-381209.100+1462832.600</Point>
      <Point Name="MA">-204031.500+1392911.600</Point>
      <Point Name="MAJ">+070355.040+1711606.881</Point>
      <Point Name="MB">-375835.400+1450525.200</Point>
      <Point Name="MDG">-323355.300+1493658.500</Point>
      <Point Name="MEK">-263656.000+1183224.600</Point>
      <Point Name="MER">-365451.300+1495358.000</Point>
      <Point Name="MGD">-120345.900+1341354.000</Point>
      <Point Name="MIA">-341452.100+1420426.100</Point>
      <Point Name="MK">-210944.100+1491110.500</Point>
      <Point Name="MOG">-280350.800+1175037.400</Point>
      <Point Name="MOR">-292950.200+1495105.600</Point>
      <Point Name="MTG">-374509.200+1404644.500</Point>
      <Point Name="NBR">-301914.700+1494952.100</Point>
      <Point Name="NF">-290026.100+1675515.000</Point>
      <Point Name="NI">-003232.719+1665504.469</Point>
      <Point Name="NTN">-174144.700+1410422.900</Point>
      <Point Name="NWA">-345704.400+1503147.200</Point>
      <Point Name="NWN">-232504.900+1194750.700</Point>
      <Point Name="OK">-272516.900+1514413.800</Point>
      <Point Name="OOM">-280615.600+1401156.900</Point>
      <Point Name="PBO">-231043.600+1174433.100</Point>
      <Point Name="PD">-202316.200+1183837.600</Point>
      <Point Name="PEA">-313915.800+1160108.100</Point>
      <Point Name="PF">-344747.300+1383752.200</Point>
      <Point Name="PKS">-330842.900+1481509.400</Point>
      <Point Name="PLC">-343615.900+1355223.700</Point>
      <Point Name="PMQ">-312608.400+1525200.300</Point>
      <Point Name="RIC">-333549.000+1504635.000</Point>
      <Point Name="RK">-232215.300+1502831.100</Point>
      <Point Name="ROM">-263235.100+1484654.100</Point>
      <Point Name="SGE">-280249.800+1483549.800</Point>
      <Point Name="SHT">-362542.100+1452345.700</Point>
      <Point Name="SON">-153022.291+1671259.620</Point>
      <Point Name="SU">-263531.900+1530530.200</Point>
      <Point Name="SWH">-352249.800+1433225.100</Point>
      <Point Name="TN">-143056.900+1322137.500</Point>
      <Point Name="TNK">-193839.400+1341031.200</Point>
      <Point Name="TVL">-191449.000+1464544.300</Point>
      <Point Name="TW">-310416.200+1504952.200</Point>
      <Point Name="WBR">-260741.400+1263446.900</Point>
      <Point Name="WDH">-252439.300+1423947.500</Point>
      <Point Name="WG">-350946.900+1472720.100</Point>
      <Point Name="WHA">-330329.200+1373127.200</Point>
      <Point Name="WLG">-300138.200+1480725.600</Point>
      <Point Name="WLM">-324812.100+1514943.600</Point>
      <Point Name="WLU">-263729.200+1201312.000</Point>
      <Point Name="WMD">-324518.200+1513157.900</Point>
      <Point Name="WOL">-343328.600+1504727.600</Point>
      <Point Name="WP">-123941.900+1415355.700</Point>
      <Point Name="WR">-310836.500+1364829.700</Point>
      <Point Name="WYY">-405952.700+1454229.600</Point>
      <Point Name="AD">-345649.100+1383128.300</Point>
      <Point Name="AMB">-273829.500+1524258.000</Point>
      <Point Name="ARG">-163754.100+1282655.500</Point>
      <Point Name="AS">-234734.400+1335241.600</Point>
      <Point Name="AV">-380256.000+1442732.200</Point>
      <Point Name="AY">-360404.800+1465757.900</Point>
      <Point Name="BHI">-320002.400+1412847.900</Point>
      <Point Name="BN">-272157.900+1530821.200</Point>
      <Point Name="CAR">-245255.300+1134022.400</Point>
      <Point Name="CB">-351653.200+1491144.600</Point>
      <Point Name="CC">-121202.000+0965027.300</Point>
      <Point Name="CFS">-301910.200+1530715.200</Point>
      <Point Name="CG">-281008.200+1533014.700</Point>
      <Point Name="CIN">-173519.600+1235107.200</Point>
      <Point Name="CS">-165100.100+1454438.000</Point>
      <Point Name="CTN">-173440.700+1234945.400</Point>
      <Point Name="DAR">-122447.100+1305300.400</Point>
      <Point Name="DN">-122523.800+1305423.300</Point>
      <Point Name="EDN">-344217.100+1383644.600</Point>
      <Point Name="ESL">-380607.800+1470916.000</Point>
      <Point Name="ESP">-334050.100+1214925.600</Point>
      <Point Name="GEL">-284725.200+1144222.000</Point>
      <Point Name="GLA">-235154.900+1511215.900</Point>
      <Point Name="GV">-121554.100+1364859.100</Point>
      <Point Name="HB">-424958.000+1473038.400</Point>
      <Point Name="HN">-092606.479+1600214.201</Point>
      <Point Name="KA">-204254.300+1164626.200</Point>
      <Point Name="KG">-304723.400+1212710.000</Point>
      <Point Name="KU">-154631.700+1284231.400</Point>
      <Point Name="LM">-221405.400+1140538.900</Point>
      <Point Name="LMO">-221328.200+1140532.800</Point>
      <Point Name="LT">-413237.800+1471247.700</Point>
      <Point Name="LTO">-220018.400+1661242.300</Point>
      <Point Name="MA">-203952.600+1392908.300</Point>
      <Point Name="MEK">-263625.300+1183157.000</Point>
      <Point Name="MIA">-341330.700+1420438.200</Point>
      <Point Name="MK">-211022.800+1491114.000</Point>
      <Point Name="ML">-373936.500+1445031.200</Point>
      <Point Name="MNG">-365309.200+1451139.200</Point>
      <Point Name="MTG">-374505.000+1404707.000</Point>
      <Point Name="NA">-180232.291+1783343.009</Point>
      <Point Name="NF">-290250.400+1675555.800</Point>
      <Point Name="NN">-173917.000+1772345.000</Point>
      <Point Name="NWA">-345700.200+1503159.800</Point>
      <Point Name="NWN">-232515.900+1194810.900</Point>
      <Point Name="NZ">-063406.000+1464232.220</Point>
      <Point Name="OK">-272358.800+1514416.300</Point>
      <Point Name="PBO">-231021.400+1174413.300</Point>
      <Point Name="PD">-202242.500+1183721.800</Point>
      <Point Name="PEA">-314026.000+1160103.000</Point>
      <Point Name="PH">-315642.200+1155733.200</Point>
      <Point Name="PKS">-330752.600+1481414.300</Point>
      <Point Name="PN">-202948.800+1483310.700</Point>
      <Point Name="PY">-092712.000+1471254.000</Point>
      <Point Name="REM">-311624.700+1154944.800</Point>
      <Point Name="RIC">-333626.200+1504756.100</Point>
      <Point Name="RK">-232258.100+1502817.500</Point>
      <Point Name="SBR">-072226.200+1124616.400</Point>
      <Point Name="SGR">-123710.900+1420520.000</Point>
      <Point Name="SU">-263551.700+1530525.100</Point>
      <Point Name="TDL">-143124.400+1322222.800</Point>
      <Point Name="TL">-191439.100+1464529.100</Point>
      <Point Name="TN">-143109.100+1322215.600</Point>
      <Point Name="TNK">-193805.100+1341055.000</Point>
      <Point Name="TVL">-191644.500+1464433.400</Point>
      <Point Name="TW">-310357.900+1504948.900</Point>
      <Point Name="VLI">-173943.700+1681438.159</Point>
      <Point Name="WG">-350956.700+1472808.700</Point>
      <Point Name="WLM">-324749.700+1514959.200</Point>
      <Point Name="WP">-124024.800+1415520.900</Point>
      <Point Name="XMX">-102548.800+1054121.600</Point>
    </Label>
  </Map>
  <Map Type="System" Name="ALL_NAVAIDS" Priority="0" Center="-2380.8+13390.1">
    <Symbol Type="DotFillCircle">
      <Point>-345707.800+1174837.900</Point>
      <Point>-303138.300+1513654.100</Point>
      <Point>-234640.600+1335224.700</Point>
      <Point>-251021.700+1305829.300</Point>
      <Point>-255346.600+1392112.300</Point>
      <Point>-122423.900+1305125.300</Point>
      <Point>-315931.300+1412806.400</Point>
      <Point>-335542.000+1505918.600</Point>
      <Point>-300236.500+1455657.600</Point>
      <Point>-334132.700+1152342.600</Point>
      <Point>-275758.000+1525402.800</Point>
      <Point>-285004.200+1533344.600</Point>
      <Point>-225453.200+1395425.100</Point>
      <Point>-175646.700+1221407.100</Point>
      <Point>-332450.600+1493925.200</Point>
      <Point>-245423.700+1521913.100</Point>
      <Point>-245312.300+1134009.200</Point>
      <Point>-351744.200+1491226.600</Point>
      <Point>-313224.500+1454755.000</Point>
      <Point>-290154.500+1344325.600</Point>
      <Point>-203956.400+1403003.800</Point>
      <Point>-320735.600+1334337.000</Point>
      <Point>-280953.500+1533004.000</Point>
      <Point>-121014.500+0964916.300</Point>
      <Point>-280205.200+1453725.500</Point>
      <Point>-134557.800+1430702.100</Point>
      <Point>-362113.600+1485727.100</Point>
      <Point>-355914.900+1462125.900</Point>
      <Point>-165049.100+1454408.000</Point>
      <Point>-313730.300+1171326.500</Point>
      <Point>-262512.100+1461456.400</Point>
      <Point>-335041.600+1483911.700</Point>
      <Point>-172124.600+1234001.100</Point>
      <Point>-321303.100+1483332.700</Point>
      <Point>-233402.800+1481015.800</Point>
      <Point>-380640.800+1470934.400</Point>
      <Point>-334113.100+1214937.600</Point>
      <Point>-305117.600+1280557.700</Point>
      <Point>-284754.300+1144206.500</Point>
      <Point>-294535.000+1530138.800</Point>
      <Point>-312735.000+1155156.000</Point>
      <Point>-344825.800+1494413.800</Point>
      <Point>-135830.200+1362719.600</Point>
      <Point>-341637.900+1460324.200</Point>
      <Point>-121612.800+1364927.600</Point>
      <Point>-103531.400+1421733.200</Point>
      <Point>-181359.200+1274020.800</Point>
      <Point>-373857.400+1420328.300</Point>
      <Point>-181951.400+1303813.900</Point>
      <Point>-204914.200+1441344.500</Point>
      <Point>-295304.900+1510823.900</Point>
      <Point>-320609.700+1155312.200</Point>
      <Point>-204221.900+1164702.300</Point>
      <Point>-304743.100+1212748.100</Point>
      <Point>-395320.800+1435231.200</Point>
      <Point>-154702.100+1284214.300</Point>
      <Point>-303555.400+1382632.100</Point>
      <Point>-285243.900+1211913.000</Point>
      <Point>-313144.100+1590422.600</Point>
      <Point>-124718.900+1431813.500</Point>
      <Point>-221429.500+1140544.700</Point>
      <Point>-232542.300+1441720.900</Point>
      <Point>-275026.300+1204201.000</Point>
      <Point>-413339.800+1471330.300</Point>
      <Point>-381209.100+1462832.600</Point>
      <Point>-204031.500+1392911.600</Point>
      <Point>+070355.040+1711606.881</Point>
      <Point>-375835.400+1450525.200</Point>
      <Point>-323355.300+1493658.500</Point>
      <Point>-263656.000+1183224.600</Point>
      <Point>-365451.300+1495358.000</Point>
      <Point>-120345.900+1341354.000</Point>
      <Point>-341452.100+1420426.100</Point>
      <Point>-210944.100+1491110.500</Point>
      <Point>-280350.800+1175037.400</Point>
      <Point>-292950.200+1495105.600</Point>
      <Point>-374509.200+1404644.500</Point>
      <Point>-301914.700+1494952.100</Point>
      <Point>-290026.100+1675515.000</Point>
      <Point>-003232.719+1665504.469</Point>
      <Point>-174144.700+1410422.900</Point>
      <Point>-345704.400+1503147.200</Point>
      <Point>-232504.900+1194750.700</Point>
      <Point>-272516.900+1514413.800</Point>
      <Point>-280615.600+1401156.900</Point>
      <Point>-231043.600+1174433.100</Point>
      <Point>-202316.200+1183837.600</Point>
      <Point>-313915.800+1160108.100</Point>
      <Point>-344747.300+1383752.200</Point>
      <Point>-330842.900+1481509.400</Point>
      <Point>-343615.900+1355223.700</Point>
      <Point>-312608.400+1525200.300</Point>
      <Point>-333549.000+1504635.000</Point>
      <Point>-232215.300+1502831.100</Point>
      <Point>-263235.100+1484654.100</Point>
      <Point>-280249.800+1483549.800</Point>
      <Point>-362542.100+1452345.700</Point>
      <Point>-153022.291+1671259.620</Point>
      <Point>-263531.900+1530530.200</Point>
      <Point>-352249.800+1433225.100</Point>
      <Point>-143056.900+1322137.500</Point>
      <Point>-193839.400+1341031.200</Point>
      <Point>-191449.000+1464544.300</Point>
      <Point>-310416.200+1504952.200</Point>
      <Point>-260741.400+1263446.900</Point>
      <Point>-252439.300+1423947.500</Point>
      <Point>-350946.900+1472720.100</Point>
      <Point>-330329.200+1373127.200</Point>
      <Point>-300138.200+1480725.600</Point>
      <Point>-324812.100+1514943.600</Point>
      <Point>-263729.200+1201312.000</Point>
      <Point>-324518.200+1513157.900</Point>
      <Point>-343328.600+1504727.600</Point>
      <Point>-123941.900+1415355.700</Point>
      <Point>-310836.500+1364829.700</Point>
      <Point>-405952.700+1454229.600</Point>
    </Symbol>
    <Symbol Type="Hexagon">
      <Point>-345649.100+1383128.300</Point>
      <Point>-273829.500+1524258.000</Point>
      <Point>-163754.100+1282655.500</Point>
      <Point>-234734.400+1335241.600</Point>
      <Point>-380256.000+1442732.200</Point>
      <Point>-360404.800+1465757.900</Point>
      <Point>-320002.400+1412847.900</Point>
      <Point>-272157.900+1530821.200</Point>
      <Point>-245255.300+1134022.400</Point>
      <Point>-351653.200+1491144.600</Point>
      <Point>-121202.000+0965027.300</Point>
      <Point>-301910.200+1530715.200</Point>
      <Point>-281008.200+1533014.700</Point>
      <Point>-173519.600+1235107.200</Point>
      <Point>-165100.100+1454438.000</Point>
      <Point>-173440.700+1234945.400</Point>
      <Point>-122447.100+1305300.400</Point>
      <Point>-122523.800+1305423.300</Point>
      <Point>-344217.100+1383644.600</Point>
      <Point>-380607.800+1470916.000</Point>
      <Point>-334050.100+1214925.600</Point>
      <Point>-284725.200+1144222.000</Point>
      <Point>-235154.900+1511215.900</Point>
      <Point>-121554.100+1364859.100</Point>
      <Point>-424958.000+1473038.400</Point>
      <Point>-092606.479+1600214.201</Point>
      <Point>-204254.300+1164626.200</Point>
      <Point>-304723.400+1212710.000</Point>
      <Point>-154631.700+1284231.400</Point>
      <Point>-221405.400+1140538.900</Point>
      <Point>-221328.200+1140532.800</Point>
      <Point>-413237.800+1471247.700</Point>
      <Point>-220018.400+1661242.300</Point>
      <Point>-203952.600+1392908.300</Point>
      <Point>-263625.300+1183157.000</Point>
      <Point>-341330.700+1420438.200</Point>
      <Point>-211022.800+1491114.000</Point>
      <Point>-373936.500+1445031.200</Point>
      <Point>-365309.200+1451139.200</Point>
      <Point>-374505.000+1404707.000</Point>
      <Point>-180232.291+1783343.009</Point>
      <Point>-290250.400+1675555.800</Point>
      <Point>-173917.000+1772345.000</Point>
      <Point>-345700.200+1503159.800</Point>
      <Point>-232515.900+1194810.900</Point>
      <Point>-063406.000+1464232.220</Point>
      <Point>-272358.800+1514416.300</Point>
      <Point>-231021.400+1174413.300</Point>
      <Point>-202242.500+1183721.800</Point>
      <Point>-314026.000+1160103.000</Point>
      <Point>-315642.200+1155733.200</Point>
      <Point>-330752.600+1481414.300</Point>
      <Point>-202948.800+1483310.700</Point>
      <Point>-092712.000+1471254.000</Point>
      <Point>-311624.700+1154944.800</Point>
      <Point>-333626.200+1504756.100</Point>
      <Point>-232258.100+1502817.500</Point>
      <Point>-072226.200+1124616.400</Point>
      <Point>-123710.900+1420520.000</Point>
      <Point>-263551.700+1530525.100</Point>
      <Point>-143124.400+1322222.800</Point>
      <Point>-191439.100+1464529.100</Point>
      <Point>-143109.100+1322215.600</Point>
      <Point>-193805.100+1341055.000</Point>
      <Point>-191644.500+1464433.400</Point>
      <Point>-310357.900+1504948.900</Point>
      <Point>-173943.700+1681438.159</Point>
      <Point>-350956.700+1472808.700</Point>
      <Point>-324749.700+1514959.200</Point>
      <Point>-124024.800+1415520.900</Point>
      <Point>-102548.800+1054121.600</Point>
    </Symbol>
  </Map>
</Maps>