﻿<?xml version="1.0" encoding="utf-8"?>
<Maps>
  <Map Type="System2" Name="APP_RNP(AR)" Priority="0" Center="-2380.8+13390.1">
    <Label HasLeader="true">
      <Point>AS788</Point>
      <Point>BAISH</Point>
      <Point>AS784</Point>
      <Point>DOTUM</Point>
      <Point>VIMET</Point>
      <Point>NUMBU</Point>
      <Point>LISZT</Point>
      <Point>BASEB</Point>
      <Point>BIPUD</Point>
      <Point>RUSVA</Point>
      <Point>SORVA</Point>
      <Point>ATSEP</Point>
      <Point>LUVNA</Point>
      <Point>VAPMU</Point>
      <Point>FIKUL</Point>
      <Point>KERRI</Point>
      <Point>ATKEN</Point>
      <Point>EPGAG</Point>
      <Point>LEBAD</Point>
      <Point>GUNRO</Point>
      <Point>TODEG</Point>
      <Point>LAVUP</Point>
      <Point>HENDO</Point>
      <Point>LOTVA</Point>
      <Point>VILUN</Point>
      <Point>SUMRU</Point>
      <Point>PEGLI</Point>
      <Point>TEMPL</Point>
      <Point>VETOR</Point>
      <Point>BAVUR</Point>
      <Point>LUVKA</Point>
      <Point>EMSEK</Point>
      <Point>SADMI</Point>
      <Point>OGUGU</Point>
      <Point>TUMDI</Point>
      <Point>KITTY</Point>
      <Point>NASUX</Point>
      <Point>UPSEN</Point>
      <Point>WOKKI</Point>
      <Point>LAPAR</Point>
      <Point>KARGO</Point>
      <Point>TALAG</Point>
      <Point>FOXLO</Point>
      <Point>VADMA</Point>
      <Point>KALKA</Point>
      <Point>SAPIT</Point>
      <Point>BIBRU</Point>
      <Point>SAKAP</Point>
      <Point>IKISA</Point>
      <Point>MUPOG</Point>
      <Point>IVSUD</Point>
      <Point>MAMAG</Point>
      <Point>OVRON</Point>
      <Point>ANGIT</Point>
      <Point>GOSVU</Point>
      <Point>OPOSI</Point>
      <Point>JNORT</Point>
      <Point>MASIM</Point>
      <Point>MELAN</Point>
      <Point>RUTRS</Point>
      <Point>TCART</Point>
      <Point>GITSM</Point>
      <Point>GORGN</Point>
      <Point>HOORN</Point>
      <Point>MCLOY</Point>
      <Point>UPTIK</Point>
      <Point>AS624</Point>
      <Point>AS752</Point>
      <Point>ADKOP</Point>
      <Point>AS612</Point>
      <Point>BN505</Point>
      <Point>BN510</Point>
      <Point>BN535</Point>
      <Point>BN415</Point>
      <Point>BN411</Point>
      <Point>CG018</Point>
      <Point>CG412</Point>
      <Point>CG004</Point>
      <Point>CG422</Point>
      <Point>CS407</Point>
      <Point>CS541</Point>
      <Point>ESDAM</Point>
      <Point>AGVIT</Point>
      <Point>ESNAB</Point>
      <Point>HB410</Point>
      <Point>HB510</Point>
      <Point>AREXO</Point>
      <Point>AD030</Point>
      <Point>DN404</Point>
      <Point>DN432</Point>
      <Point>PH020</Point>
      <Point>CB401</Point>
      <Point>CB444</Point>
      <Point>SU430</Point>
      <Point>SU640</Point>
      <Point>HM615</Point>
      <Point>HM610</Point>
      <Point>HM710</Point>
      <Point>HM841</Point>
      <Point>HM834</Point>
      <Point>RM604</Point>
      <Point>KA902</Point>
      <Point>KA904</Point>
      <Point>AS764</Point>
      <Point>SEEKR</Point>
      <Point>AS620</Point>
      <Point>BN500</Point>
      <Point>BN525</Point>
      <Point>BN405</Point>
      <Point>BN400</Point>
      <Point>CG017</Point>
      <Point>CG411</Point>
      <Point>CG045</Point>
      <Point>CG421</Point>
      <Point>CS401</Point>
      <Point>CS511</Point>
      <Point>CS405</Point>
      <Point>CS530</Point>
      <Point>CS540</Point>
      <Point>GUGAN</Point>
      <Point>SUSAK</Point>
      <Point>AD010</Point>
      <Point>AD020</Point>
      <Point>CB431</Point>
      <Point>CB421</Point>
      <Point>CB442</Point>
      <Point>OMDUN</Point>
      <Point>SU630</Point>
      <Point>HM640</Point>
      <Point>HM836</Point>
      <Point>HM832</Point>
      <Point>RM606</Point>
      <Point>RAPLY</Point>
    </Label>
    <Symbol Type="HollowStar">
      <Point>AS604</Point>
      <Point>AS632</Point>
      <Point>AS688</Point>
      <Point>SHAWN</Point>
      <Point>AS680</Point>
      <Point>AS664</Point>
      <Point>AS780</Point>
      <Point>AS772</Point>
      <Point>AIDEN</Point>
      <Point>AS656</Point>
      <Point>AS650</Point>
      <Point>AS652</Point>
      <Point>AS640</Point>
      <Point>BN515</Point>
      <Point>BN520</Point>
      <Point>BN545</Point>
      <Point>BN425</Point>
      <Point>BN421</Point>
      <Point>CG332</Point>
      <Point>CG440</Point>
      <Point>CS403</Point>
      <Point>CS512</Point>
      <Point>CS513</Point>
      <Point>CS510</Point>
      <Point>CS400</Point>
      <Point>CS402</Point>
      <Point>CS404</Point>
      <Point>CS531</Point>
      <Point>CS532</Point>
      <Point>CS522</Point>
      <Point>CS523</Point>
      <Point>CS520</Point>
      <Point>CS521</Point>
      <Point>PARPO</Point>
      <Point>TL788</Point>
      <Point>TL780</Point>
      <Point>TL688</Point>
      <Point>TL684</Point>
      <Point>BIXAX</Point>
      <Point>TL671</Point>
      <Point>TL670</Point>
      <Point>AV630</Point>
      <Point>AV626</Point>
      <Point>AV622</Point>
      <Point>AV620</Point>
      <Point>AV618</Point>
      <Point>HB420</Point>
      <Point>HB520</Point>
      <Point>ML420</Point>
      <Point>TOSOB</Point>
      <Point>DN412</Point>
      <Point>DN407</Point>
      <Point>IGBOV</Point>
      <Point>GUPOD</Point>
      <Point>DN422</Point>
      <Point>GUMUR</Point>
      <Point>DN448</Point>
      <Point>DN444</Point>
      <Point>ADBER</Point>
      <Point>DN438</Point>
      <Point>PH010</Point>
      <Point>PH030</Point>
      <Point>CB403</Point>
      <Point>CB402</Point>
      <Point>CB432</Point>
      <Point>CB445</Point>
      <Point>CB446</Point>
      <Point>CB430</Point>
      <Point>CB407</Point>
      <Point>CB422</Point>
      <Point>CB405</Point>
      <Point>CB443</Point>
      <Point>CB441</Point>
      <Point>SU440</Point>
      <Point>SU650</Point>
      <Point>SU615</Point>
      <Point>SU625</Point>
      <Point>HM605</Point>
      <Point>HM660</Point>
      <Point>HM647</Point>
      <Point>HM642</Point>
      <Point>HM745</Point>
      <Point>HM740</Point>
      <Point>HM735</Point>
      <Point>HM720</Point>
      <Point>HM715</Point>
      <Point>HM843</Point>
      <Point>HM842</Point>
      <Point>HM838</Point>
      <Point>HM831</Point>
      <Point>RM642</Point>
      <Point>RM638</Point>
      <Point>BRAND</Point>
      <Point>RM646</Point>
      <Point>TEMAN</Point>
      <Point>RM640</Point>
      <Point>RM634</Point>
      <Point>RM630</Point>
      <Point>RM624</Point>
      <Point>KA922</Point>
      <Point>KA918</Point>
      <Point>KA910</Point>
      <Point>LAPOG</Point>
      <Point>KA958</Point>
      <Point>KA906</Point>
      <Point>KA972</Point>
      <Point>KA971</Point>
      <Point>ADLOB</Point>
    </Symbol>
    <Symbol Type="HollowTriangle">
      <Point>AS788</Point>
      <Point>BAISH</Point>
      <Point>AS784</Point>
      <Point>DOTUM</Point>
      <Point>VIMET</Point>
      <Point>NUMBU</Point>
      <Point>LISZT</Point>
      <Point>BASEB</Point>
      <Point>BIPUD</Point>
      <Point>RUSVA</Point>
      <Point>SORVA</Point>
      <Point>ATSEP</Point>
      <Point>LUVNA</Point>
      <Point>VAPMU</Point>
      <Point>FIKUL</Point>
      <Point>KERRI</Point>
      <Point>ATKEN</Point>
      <Point>EPGAG</Point>
      <Point>LEBAD</Point>
      <Point>GUNRO</Point>
      <Point>TODEG</Point>
      <Point>LAVUP</Point>
      <Point>HENDO</Point>
      <Point>LOTVA</Point>
      <Point>VILUN</Point>
      <Point>SUMRU</Point>
      <Point>PEGLI</Point>
      <Point>TEMPL</Point>
      <Point>VETOR</Point>
      <Point>BAVUR</Point>
      <Point>LUVKA</Point>
      <Point>EMSEK</Point>
      <Point>SADMI</Point>
      <Point>OGUGU</Point>
      <Point>TUMDI</Point>
      <Point>KITTY</Point>
      <Point>NASUX</Point>
      <Point>UPSEN</Point>
      <Point>WOKKI</Point>
      <Point>LAPAR</Point>
      <Point>KARGO</Point>
      <Point>TALAG</Point>
      <Point>FOXLO</Point>
      <Point>VADMA</Point>
      <Point>KALKA</Point>
      <Point>SAPIT</Point>
      <Point>BIBRU</Point>
      <Point>SAKAP</Point>
      <Point>IKISA</Point>
      <Point>MUPOG</Point>
      <Point>IVSUD</Point>
      <Point>MAMAG</Point>
      <Point>OVRON</Point>
      <Point>ANGIT</Point>
      <Point>GOSVU</Point>
      <Point>OPOSI</Point>
      <Point>JNORT</Point>
      <Point>MASIM</Point>
      <Point>MELAN</Point>
      <Point>RUTRS</Point>
      <Point>TCART</Point>
      <Point>GITSM</Point>
      <Point>GORGN</Point>
      <Point>HOORN</Point>
      <Point>MCLOY</Point>
      <Point>UPTIK</Point>
    </Symbol>
    <Symbol Type="MalteseCross">
      <Point>AS624</Point>
      <Point>AS752</Point>
      <Point>ADKOP</Point>
      <Point>AS612</Point>
      <Point>BN505</Point>
      <Point>BN510</Point>
      <Point>BN535</Point>
      <Point>BN415</Point>
      <Point>BN411</Point>
      <Point>CG018</Point>
      <Point>CG412</Point>
      <Point>CG004</Point>
      <Point>CG422</Point>
      <Point>CS407</Point>
      <Point>CS541</Point>
      <Point>ESDAM</Point>
      <Point>AGVIT</Point>
      <Point>ESNAB</Point>
      <Point>HB410</Point>
      <Point>HB510</Point>
      <Point>AREXO</Point>
      <Point>AD030</Point>
      <Point>DN404</Point>
      <Point>DN432</Point>
      <Point>PH020</Point>
      <Point>CB401</Point>
      <Point>CB444</Point>
      <Point>SU430</Point>
      <Point>SU640</Point>
      <Point>HM615</Point>
      <Point>HM610</Point>
      <Point>HM710</Point>
      <Point>HM841</Point>
      <Point>HM834</Point>
      <Point>RM604</Point>
      <Point>KA902</Point>
      <Point>KA904</Point>
    </Symbol>
    <Symbol Type="SolidTriangle">
      <Point>AS764</Point>
      <Point>SEEKR</Point>
      <Point>AS620</Point>
      <Point>BN500</Point>
      <Point>BN525</Point>
      <Point>BN405</Point>
      <Point>BN400</Point>
      <Point>CG017</Point>
      <Point>CG411</Point>
      <Point>CG045</Point>
      <Point>CG421</Point>
      <Point>CS401</Point>
      <Point>CS511</Point>
      <Point>CS405</Point>
      <Point>CS530</Point>
      <Point>CS540</Point>
      <Point>GUGAN</Point>
      <Point>SUSAK</Point>
      <Point>AD010</Point>
      <Point>AD020</Point>
      <Point>CB431</Point>
      <Point>CB421</Point>
      <Point>CB442</Point>
      <Point>OMDUN</Point>
      <Point>SU630</Point>
      <Point>HM640</Point>
      <Point>HM836</Point>
      <Point>HM832</Point>
      <Point>RM606</Point>
      <Point>RAPLY</Point>
    </Symbol>
    <Line>AS624/-234413.000+1335202.000/-234504.000+1335103.000/-234611.000+1335100.000/AS604/-234803.710+1335336.100</Line>
    <Line>AS788/AS632/-234356.742+1335843.696/-234421.967+1335509.872/-234418.632+1335401.013/AS624/AS624</Line>
    <Line>BAISH/AS688/-234435.672+1340539.292/-234424.081+1340414.618/SHAWN/-234426.000+1340310.829/-234432.458+1340230.272/-234433.984+1340224.380/AS680/-234458.845+1335924.065/-234454.338+1335802.223/AS664/AS624</Line>
    <Line>AS764/-234900.932+1340713.961/-235059.537+1340524.375/-235152.093+1340244.596/-235137.133+1340032.347/AS752/-234843.630+1335450.500</Line>
    <Line>AS784/-232316.758+1334554.016/-232638.824+1334722.572/-232931.779+1334945.101/AS780/AS772/-234412.132+1340652.866/-234523.091+1340729.069/-234604.637+1340739.703/AS764/AS764</Line>
    <Line>AS788/-233650.631+1341311.244/-233826.635+1341056.766/-234031.795+1340913.954/-234257.054+1340809.967/-234458.239+1340750.367/AS764</Line>
    <Line>ADKOP/ADKOP/-234754.000+1334858.000/-234709.000+1334952.000/-234654.000+1335056.000/AS604</Line>
    <Line>DOTUM/AIDEN/AS656/ADKOP</Line>
    <Line>VIMET/AS650/ADKOP</Line>
    <Line>SEEKR/-235639.026+1335948.986/-235522.329+1340058.140/-235344.302+1340116.060/-235211.216+1340037.975/-235144.632+1340012.722/AS752</Line>
    <Line>DOTUM/-240300.344+1335409.777/-240047.359+1335355.355/-235845.764+1335455.810/-235728.055+1335654.675/-235721.553+1335716.896/SEEKR/SEEKR</Line>
    <Line>NUMBU/SEEKR</Line>
    <Line>AS620/AS612/AS604</Line>
    <Line>AS784/AS652/-232958.895+1334729.866/-233153.656+1334712.132/-233340.295+1334622.591/-233451.451+1334525.166/AS640/-233740.623+1334311.021/-234018.688+1334259.817/-234240.703+1334416.426/-234310.845+1334450.054/AS620/AS620</Line>
    <Line>LISZT/AS620</Line>
    <Line>BASEB/AS752</Line>
    <Line>BIPUD/BN505/-272628.679+1530246.578/-272651.534+1530351.662/-272642.439+1530500.903/-272606.111+1530553.663/BN515/-272410.070+1530705.590</Line>
    <Line>BN500/BN510/-272759.312+1530218.363/-272745.905+1530301.701/-272723.000+1530339.648/-272653.235+1530408.670/BN520/-272259.050+1530624.490</Line>
    <Line>RUSVA/BN500</Line>
    <Line>BN525/BN535/-272839.501+1530559.407/-272749.597+1530544.234/-272657.908+1530544.137/-272615.034+1530556.168/BN545/-272410.070+1530705.590</Line>
    <Line>SORVA/BN525</Line>
    <Line>BN405/BN415/-271853.054+1531014.485/-271921.483+1530950.793/BN425/-272228.790+1530803.500</Line>
    <Line>ATSEP/BN405</Line>
    <Line>BN400/BN411/-271629.097+1530954.040/-271705.757+1530944.687/-271715.881+1530939.858/BN421/-272123.560+1530719.090</Line>
    <Line>LUVNA/BN400</Line>
    <Line>CG017/CG018/-280516.522+1532840.528/-280545.238+1532826.338/-280616.216+1532821.055/-280647.344+1532825.041/-280656.283+1532828.076/CG332/-280923.440+1533002.540</Line>
    <Line>VAPMU/CG017</Line>
    <Line>CG411/CG412/-281021.250+1533039.310</Line>
    <Line>FIKUL/CG411</Line>
    <Line>CG045/-280457.630+1533316.669/-280431.374+1533222.125/-280418.461+1533121.742/-280419.344+1533024.038/CG004/-280452.326+1532900.554/-280545.026+1532823.285/-280647.106+1532820.873/-280652.801+1532822.631/CG332</Line>
    <Line>KERRI/CG045</Line>
    <Line>CG421/CG422/-281309.310+1533234.968/-281238.757+1533207.123/CG440/-281021.250+1533039.310</Line>
    <Line>ATKEN/CG421</Line>
    <Line>CS401/-164304.822+1453409.867/-164226.983+1453515.799/-164206.770+1453629.706/-164204.616+1453652.046/CS403/-164214.156+1453828.804/-164241.262+1453933.178/-164323.398+1454028.040/-164412.923+1454106.636/CS405/CS407/-165156.940+1454436.850</Line>
    <Line>EPGAG/CS401</Line>
    <Line>CS511/-170945.953+1454825.974/-170918.767+1454856.991/CS512/-170802.370+1454953.095/-170719.915+1455010.513/CS513/-170552.757+1455025.007/-170435.042+1455014.884/-170409.774+1455006.516/CS540/CS541/-165331.090+1454519.410</Line>
    <Line>LEBAD/CS510/CS511</Line>
    <Line>GUNRO/CS400/CS405</Line>
    <Line>TODEG/CS402/-163840.428+1454442.642/-163859.780+1454335.309/-163935.165+1454235.492/-163947.669+1454220.897/CS404/-164100.003+1454125.399/-164203.647+1454102.391/-164310.826+1454057.362/-164411.600+1454109.055/CS405/CS405</Line>
    <Line>CS530/CS531/-170041.840+1455138.752/-170050.426+1455050.439/-170046.838+1455002.469/CS532/-170023.497+1454901.907/-165953.836+1454823.797/-165916.547+1454755.613/CS541</Line>
    <Line>LAVUP/CS530</Line>
    <Line>HENDO/CS522/CS523/CS540</Line>
    <Line>LOTVA/CS520/-171007.865+1455904.886/-171036.793+1455748.713/-171045.891+1455627.295/-171034.537+1455506.189/-171020.003+1455424.730/CS521/-170909.773+1455243.033/-170806.052+1455155.386/-170801.598+1455153.191/CS523</Line>
    <Line>GUGAN/PARPO/TL788/TL780/ESDAM/-191529.900+1464553.000</Line>
    <Line>VILUN/TL688/TL684/BIXAX/TL671/AGVIT/TL670/-191417.530+1464627.180</Line>
    <Line>SUMRU/AV630/-380600.141+1443403.052/-380646.020+1443332.836/AV626/-380725.878+1443256.143/-380749.916+1443226.873/-380759.373+1443213.079/AV622/-380824.242+1443125.347/-380834.441+1443041.415/-380835.345+1442955.624/-380833.763+1442942.542/AV620/-380816.679+1442844.551/-380755.783+1442810.495/AV618/-380725.039+1442741.916/-380654.224+1442727.293/-380621.481+1442723.308/-380617.851+1442723.646/ESNAB/-380315.980+1442753.440</Line>
    <Line>PEGLI/SUMRU</Line>
    <Line>TEMPL/SUMRU</Line>
    <Line>VETOR/HB410/-424235.214+1472514.149/-424339.173+1472453.199/-424444.936+1472455.493/-424548.022+1472520.894/-424635.112+1472558.488/HB420/-424944.300+1473007.380</Line>
    <Line>BAVUR/HB510/-425241.908+1473919.349/-425307.012+1473825.141/-425320.972+1473723.905/-425322.834+1473619.820/-425312.470+1473517.266/-425251.603+1473422.782/HB520/-425044.080+1473128.550</Line>
    <Line>LUVKA/AREXO/-373240.291+1445112.193/-373316.469+1445022.902/-373401.526+1444947.089/-373452.394+1444927.198/-373527.000+1444923.676/ML420/-373911.450+1445005.690</Line>
    <Line>SUSAK/-373325.825+1445634.939/-373226.034+1445509.977/-373207.908+1445318.713/-373211.021+1445249.141/AREXO/-373240.788+1445112.528/-373317.378+1445023.723/-373402.733+1444948.514/-373453.765+1444929.304/-373528.398+1444926.244/ML420</Line>
    <Line>EMSEK/SUSAK</Line>
    <Line>AD010/-350053.505+1382322.755/-350102.945+1382418.960/-350100.143+1382516.233/-350045.288+1382610.665/-350037.193+1382628.489/AD030/-345727.540+1383106.500</Line>
    <Line>SADMI/AD010</Line>
    <Line>AD020/-350133.117+1382545.867/-350047.005+1382622.070/-350032.725+1382638.517/AD030</Line>
    <Line>OGUGU/AD020</Line>
    <Line>TUMDI/AD030</Line>
    <Line>DN404/-122433.850+1305154.940</Line>
    <Line>KITTY/TOSOB/DN412/-122709.995+1304412.935/-122643.942+1304343.000/-122611.209+1304320.988/-122555.304+1304314.351/DN407/-122422.690+1304312.487/-122316.645+1304354.291/-122239.859+1304504.298/-122236.779+1304555.723/DN404/DN404</Line>
    <Line>NASUX/DN404</Line>
    <Line>UPSEN/IGBOV/DN407/-122422.693+1304312.585/-122316.698+1304354.470/-122239.995+1304504.523/-122236.977+1304555.952/DN404</Line>
    <Line>WOKKI/GUPOD/DN422/-121752.236+1304649.269/-121826.044+1304537.727/-121930.269+1304453.064/-122047.706+1304447.252/-122157.608+1304521.855/-122220.475+1304547.362/DN404</Line>
    <Line>DN432/-122509.220+1305339.990</Line>
    <Line>KITTY/GUMUR/DN448/-123205.761+1305944.238/-123131.313+1310055.522/-123026.685+1310139.605/-122909.198+1310144.680/-122759.614+1310109.394/-122740.207+1310048.091/DN444/DN432</Line>
    <Line>LAPAR/DN444</Line>
    <Line>WOKKI/ADBER/DN438/-122251.986+1310141.689/-122401.648+1310216.802/-122519.124+1310211.549/-122623.654+1310127.331/-122657.944+1310015.991/-122700.632+1305941.468/DN432/DN432</Line>
    <Line>KARGO/PH010/PH020/-320240.037+1155837.969/-320215.775+1155757.105/-320143.372+1155725.048/-320105.038+1155703.982/-320023.388+1155655.339/-315957.900+1155656.537/PH030/-315731.460+1155734.860</Line>
    <Line>TALAG/CB403/CB402/CB401/-351726.260+1491139.990</Line>
    <Line>CB431/CB432/CB444/CB445/CB446/-351853.310+1491140.000</Line>
    <Line>FOXLO/CB430/CB431</Line>
    <Line>VADMA/CB407/-350631.914+1490936.610/-350741.199+1491119.014/-350923.075+1491205.385/-351005.717+1491204.839/CB402</Line>
    <Line>CB421/CB422/CB444</Line>
    <Line>KALKA/CB421</Line>
    <Line>SAPIT/CB405/-350722.266+1491508.109/-350820.184+1491340.059/-350934.754+1491233.303/-351011.464+1491212.278/CB402</Line>
    <Line>CB442/-352656.984+1491303.694/-352607.923+1491207.055/-352540.501+1491146.154/CB443/CB444</Line>
    <Line>BIBRU/CB441/-352746.859+1491501.718/-352737.380+1491427.252/CB442/CB442</Line>
    <Line>OMDUN/SU430/-262757.493+1530212.225/-262917.319+1530118.537/-263050.478+1530116.626/-263128.978+1530132.870/SU440/-263459.570+1530428.260</Line>
    <Line>SU630/SU640/-263935.567+1530844.568/-263910.723+1530806.274/-263901.798+1530756.690/SU650/-263602.620+1530522.370</Line>
    <Line>SAKAP/SU630</Line>
    <Line>IKISA/SU615/-263401.974+1531958.731/-263626.223+1531933.712/-263819.948+1531751.343/-263837.279+1531720.971/SU625/SU630</Line>
    <Line>MUPOG/HM615/HM615/-202041.288+1485251.287/-201957.818+1485252.350/-201920.670+1485316.449/-201859.795+1485357.123/-201900.785+1485443.477/-201913.268+1485510.611/HM605/-202104.760+1485648.180</Line>
    <Line>IVSUD/MUPOG</Line>
    <Line>HM640/HM610/-202104.760+1485648.180</Line>
    <Line>MAMAG/HM660/HM640</Line>
    <Line>OVRON/HM647/-201248.765+1485528.131/-201222.839+1485509.394/-201202.346+1485444.148/-201153.206+1485426.246/HM642/-201144.401+1485309.909/-201211.458+1485210.331/-201302.844+1485133.142/-201404.795+1485128.311/-201427.799+1485135.692/HM640/HM640</Line>
    <Line>HM710/HM710/-202149.010+1485723.690</Line>
    <Line>ANGIT/HM745/-203253.985+1490602.820/-203225.371+1490549.008/-203158.265+1490532.078/-203151.467+1490526.898/GOSVU/HM740/HM735/HM710</Line>
    <Line>OPOSI/HM720/-202959.300+1485814.584/-202847.884+1485839.671/-202805.863+1485906.423/HM715/-202711.385+1485943.083/-202627.871+1485956.992/-202542.467+1485958.407/-202458.268+1485947.234/-202432.733+1485934.101/HM710</Line>
    <Line>OVRON/HM843/-201545.611+1485834.556/-201506.984+1485827.707/-201431.336+1485810.436/-201401.095+1485743.923/-201342.023+1485716.738/HM842/-201321.513+1485533.980/-201351.261+1485417.546/-201452.879+1485327.192/-201609.864+1485316.415/-201645.396+1485326.361/HM841/-202104.760+1485648.180</Line>
    <Line>ANGIT/HM838/-203218.049+1490545.243/-203150.835+1490526.500/GOSVU/HM836/HM834/-202149.010+1485723.690</Line>
    <Line>OPOSI/HM831/-203016.202+1485932.515/-202944.382+1485945.040/-202913.962+1490001.045/-202908.681+1490004.541/HM832/-202810.706+1490033.872/-202716.626+1490043.461/-202622.064+1490037.784/-202530.737+1490017.232/-202524.784+1490013.537/HM834</Line>
    <Line>RM606/-175645.530+1221300.780</Line>
    <Line>JNORT/RM642/-180536.864+1222023.390/-180436.335+1221841.343/-180423.314+1221806.893/RM638/BRAND/-180015.569+1220413.729/-175854.381+1220325.661/-175721.211+1220326.718/-175601.025+1220416.597/-175515.300+1220541.923/-175509.988+1220619.650/RM606/RM606</Line>
    <Line>MASIM/-181233.040+1221545.794/-180913.602+1221458.152/-180613.753+1221317.689/-180344.718+1221051.737/-180156.627+1220750.246/-180140.766+1220709.609/BRAND/BRAND/-180016.949+1220412.890/-175856.555+1220323.369/-175723.382+1220322.750/-175602.396+1220411.180/-175515.288+1220535.672/-175509.364+1220613.298/RM606</Line>
    <Line>MELAN/RM646/RM638</Line>
    <Line>RUTRS/-181040.259+1222936.054/-180625.721+1222316.491/-180444.171+1221902.611/RM638</Line>
    <Line>TCART/RM606</Line>
    <Line>RM604/-175704.710+1221412.940</Line>
    <Line>JNORT/-181019.052+1222414.262/-180708.470+1222218.419/-180336.489+1222119.386/-180234.352+1222114.040/TEMAN/-180043.542+1222129.145/-175959.749+1222111.233/-175921.856+1222042.017/-175852.444+1222003.489/-175840.134+1221937.672/RM604/RM604</Line>
    <Line>-181233.040+1221545.794/-181008.595+1221551.046/-180750.899+1221635.756/-180548.885+1221756.419/-180434.222+1221915.957/RM640/-180321.224+1222046.202/-180242.687+1222114.480/-180158.503+1222131.302/-180148.832+1222133.119/TEMAN/-180043.390+1222130.951/-175959.000+1222114.739/-175920.116+1222047.003/-175849.381+1222009.634/-175836.180+1221944.308/RM604</Line>
    <Line>MELAN/RM634/-180249.302+1222515.618/-180145.686+1222424.808/-180134.541+1222418.683/RM630/-180021.851+1222335.092/-175937.439+1222246.319/-175906.541+1222147.128/-175906.267+1222145.897/RAPLY/RM604</Line>
    <Line>RUTRS/RM624/-180352.161+1222211.834/-180255.038+1222144.766/-180153.200+1222134.174/-180152.691+1222134.329/TEMAN/-180043.372+1222131.239/-175958.895+1222115.300/-175919.855+1222047.803/-175848.913+1222010.622/-175835.572+1221945.378/RM604</Line>
    <Line>KA902/-204250.490+1164552.960</Line>
    <Line>GITSM/KA922/-204243.133+1164919.741/-204409.511+1164700.041/-204606.740+1164508.956/-204642.329+1164445.629/KA918/-204853.944+1164306.741/-204930.717+1164120.837/-204913.048+1163929.452/-204903.836+1163910.769/KA910/-204804.572+1163804.697/-204722.450+1163742.418/-204642.710+1163733.264/LAPOG/-204538.527+1163739.311/-204455.036+1163758.336/-204417.630+1163828.747/-204348.857+1163908.469/-204330.676+1163954.798/-204330.283+1163956.876/KA902/KA902</Line>
    <Line>GORGN/KA902</Line>
    <Line>HOORN/KA958/-204829.594+1163641.284/-204751.336+1163710.468/-204707.319+1163728.062/-204641.613+1163732.210/LAPOG/-204538.503+1163739.101/-204454.938+1163757.931/-204417.412+1163828.173/-204348.484+1163907.767/-204330.121+1163954.013/-204329.720+1163956.090/KA902</Line>
    <Line>MCLOY/-205531.746+1164008.828/-205405.398+1164039.629/-205234.699+1164045.165/-205105.752+1164025.390/-204944.616+1163941.664/-204912.627+1163915.020/KA910/-204804.533+1163804.743/-204722.386+1163742.520/-204642.635+1163733.418/LAPOG/-204625.140+1163733.101/-204538.584+1163740.243/-204455.432+1163800.133/-204418.563+1163831.285/-204350.489+1163911.575/-204333.120+1163958.258/-204332.763+1164000.344/KA902</Line>
    <Line>KA904/-204242.290+1164711.300</Line>
    <Line>GITSM/KA906/KA904</Line>
    <Line>HOORN/KA972/KA971/ADLOB/-204736.044+1165428.328/-204623.232+1165530.512/-204451.105+1165545.417/-204324.352+1165509.070/-204226.211+1165351.229/-204215.216+1165314.260/KA904/KA904</Line>
    <Line>UPTIK/-205244.346+1164132.328/-205112.357+1164236.676/-204959.462+1164404.311/-204910.232+1164549.128/-204855.102+1164649.988/KA971</Line>
  </Map>
</Maps>