﻿<?xml version="1.0" encoding="utf-8"?>
<Maps>
  <Map Type="Ground_INF" Name="ASMGCS_TAXI_ALL" Priority="0" Center="-2380.8+13390.1">
    <Label HasLeader="False" Alignment="Center" VerticalAlignment="Middle">
      <Point Name="A">-2738.6753+15242.788</Point>
      <Point Name="A">-2738.2198+15242.5852</Point>
      <Point Name="A">-2737.5773+15242.3032</Point>
      <Point Name="A1">-2738.8606+15242.9078</Point>
      <Point Name="A2">-2738.0352+15242.5664</Point>
      <Point Name="A3">-2737.6373+15242.394</Point>
      <Point Name="A4">-2737.3287+15242.258</Point>
      <Point Name="B">-2738.7691+15242.6513</Point>
      <Point Name="C">-2738.8174+15243.0451</Point>
      <Point Name="C">-2738.3002+15243.2494</Point>
      <Point Name="D">-2738.0985+15242.9211</Point>
      <Point Name="E">-2737.1461+15242.1139</Point>
      <Point Name="F1">-2738.0361+15242.4573</Point>
      <Point Name="F2">-2737.9021+15242.4222</Point>
      <Point Name="F3">-2737.7837+15242.3685</Point>
      <Point Name="F4">-2737.5296+15242.2563</Point>
      <Point Name="F5">-2737.4611+15242.2255</Point>
      <Point Name="F6">-2737.3902+15242.1901</Point>
      <Point Name="F7">-2737.317+15242.1643</Point>
      <Point Name="F8">-2737.2483+15242.1343</Point>
      <Point Name="H">-2738.776+15242.7824</Point>
      <Point Name="J">-2738.6563+15242.4612</Point>
      <Point Name="J">-2738.5114+15242.6102</Point>
      <Point Name="W1">-2738.1061+15242.5084</Point>
      <Point Name="W2">-2738.139+15242.5214</Point>
      <Point Name="W3">-2738.1776+15242.5373</Point>
      <Point Name="Z">-2738.6283+15242.3699</Point>
      <Point Name="BRA">-2738.6748+15243.2095</Point>
      <Point Name="CADET APRON">-2738.5175+15243.263</Point>
      <Point Name="A">-2734.4894+15300.5875</Point>
      <Point Name="A">-2734.2809+15259.8543</Point>
      <Point Name="A1">-2734.5164+15300.7748</Point>
      <Point Name="A2">-2734.4792+15300.6469</Point>
      <Point Name="A3">-2734.4874+15300.5277</Point>
      <Point Name="A4">-2734.439+15300.3532</Point>
      <Point Name="A5">-2734.3992+15300.2115</Point>
      <Point Name="A6">-2734.3575+15300.0696</Point>
      <Point Name="A7">-2734.3076+15259.8954</Point>
      <Point Name="A8">-2734.2378+15259.7968</Point>
      <Point Name="B">-2734.375+15300.5623</Point>
      <Point Name="B">-2734.1999+15259.9458</Point>
      <Point Name="B1">-2734.4473+15300.7697</Point>
      <Point Name="B2">-2734.4314+15300.6641</Point>
      <Point Name="B3">-2734.3644+15300.4321</Point>
      <Point Name="B4">-2734.3211+15300.2777</Point>
      <Point Name="B5">-2734.2562+15300.0464</Point>
      <Point Name="B6">-2734.2146+15259.9041</Point>
      <Point Name="B7">-2734.1517+15259.8965</Point>
      <Point Name="B8">-2734.1903+15259.8169</Point>
      <Point Name="C">-2734.1901+15300.3137</Point>
      <Point Name="C">-2733.9817+15300.6075</Point>
      <Point Name="C1">-2733.8555+15300.7121</Point>
      <Point Name="D">-2734.2518+15300.4333</Point>
      <Point Name="D">-2734.0755+15300.6828</Point>
      <Point Name="D1">-2733.9508+15300.7932</Point>
      <Point Name="D2">-2733.8453+15300.8612</Point>
      <Point Name="E">-2734.3328+15300.557</Point>
      <Point Name="F">-2734.233+15300.5798</Point>
      <Point Name="F1">-2734.1798+15300.4821</Point>
      <Point Name="F2">-2734.0901+15300.4038</Point>
      <Point Name="G">-2734.1573+15300.6612</Point>
      <Point Name="G1">-2734.0945+15300.6057</Point>
      <Point Name="G2">-2734.0028+15300.5236</Point>
      <Point Name="H">-2734.368+15300.6883</Point>
      <Point Name="H">-2734.2651+15300.7066</Point>
      <Point Name="H1">-2734.1223+15300.7353</Point>
      <Point Name="H2">-2733.9969+15300.728</Point>
      <Point Name="H3">-2733.9105+15300.6553</Point>
      <Point Name="J">-2734.203+15300.8053</Point>
      <Point Name="J1">-2734.2419+15300.7504</Point>
      <Point Name="K">-2734.0446+15300.8124</Point>
      <Point Name="S">-2734.5959+15300.6699</Point>
      <Point Name="S1">-2734.5492+15300.7677</Point>
      <Point Name="S2">-2734.5608+15300.664</Point>
      <Point Name="T">-2734.5662+15300.7787</Point>
      <Point Name="A">-2348.237+13354.1374</Point>
      <Point Name="A">-2348.115+13353.9109</Point>
      <Point Name="A">-2348.042+13353.7809</Point>
      <Point Name="B">-2348.1991+13353.2504</Point>
      <Point Name="B">-2348.1991+13353.2504</Point>
      <Point Name="B">-2348.0077+13353.6063</Point>
      <Point Name="C">-2348.2147+13353.9919</Point>
      <Point Name="D">-2348.2349+13354.0306</Point>
      <Point Name="E">-2348.3113+13354.2181</Point>
      <Point Name="L">-2348.3451+13353.9045</Point>
      <Point Name="M">-2348.0456+13353.5752</Point>
      <Point Name="N">-2347.9961+13353.7804</Point>
      <Point Name="P">-2348.0808+13353.8945</Point>
      <Point Name="W">-2347.8352+13353.1383</Point>
      <Point Name="A">-2723.8725+15307.1263</Point>
      <Point Name="A">-2722.6976+15307.7982</Point>
      <Point Name="A">-2722.4562+15307.9401</Point>
      <Point Name="A1">-2722.4066+15308.0262</Point>
      <Point Name="A3">-2722.8359+15307.774</Point>
      <Point Name="A4">-2723.0599+15307.644</Point>
      <Point Name="A6">-2723.4255+15307.4341</Point>
      <Point Name="A7">-2723.7444+15307.2656</Point>
      <Point Name="A9">-2724.189+15307.0034</Point>
      <Point Name="B">-2724.2506+15306.8289</Point>
      <Point Name="B">-2724.0727+15306.9293</Point>
      <Point Name="B">-2723.8535+15307.0543</Point>
      <Point Name="B">-2723.5913+15307.2092</Point>
      <Point Name="B">-2722.6411+15307.7487</Point>
      <Point Name="B1">-2722.3671+15307.9464</Point>
      <Point Name="B2">-2722.5152+15307.8657</Point>
      <Point Name="B3">-2722.8018+15307.6982</Point>
      <Point Name="B4">-2723.0262+15307.5692</Point>
      <Point Name="B5">-2723.2531+15307.4381</Point>
      <Point Name="B6">-2723.4798+15307.3095</Point>
      <Point Name="B7">-2723.7099+15307.1802</Point>
      <Point Name="B8">-2724.0081+15307.0045</Point>
      <Point Name="B9">-2724.1599+15306.9314</Point>
      <Point Name="C">-2722.8812+15307.5474</Point>
      <Point Name="C1">-2722.9754+15307.4969</Point>
      <Point Name="C10">-2724.3444+15306.7273</Point>
      <Point Name="C12">-2724.5944+15306.191</Point>
      <Point Name="C13">-2724.8447+15305.903</Point>
      <Point Name="C2">-2723.0722+15307.4673</Point>
      <Point Name="C3">-2723.1326+15307.4349</Point>
      <Point Name="C4">-2723.2773+15307.3535</Point>
      <Point Name="C5">-2723.3371+15307.3166</Point>
      <Point Name="C6">-2723.4157+15307.2458</Point>
      <Point Name="C8">-2723.9191+15306.9885</Point>
      <Point Name="C9">-2724.1274+15306.8685</Point>
      <Point Name="D">-2722.285+15307.9503</Point>
      <Point Name="D">-2722.1578+15307.9131</Point>
      <Point Name="E">-2722.1973+15307.8553</Point>
      <Point Name="E1">-2722.2481+15307.9355</Point>
      <Point Name="E2">-2722.1124+15307.8336</Point>
      <Point Name="E3">-2722.0298+15307.7701</Point>
      <Point Name="E4">-2721.9753+15307.731</Point>
      <Point Name="F1">-2722.367+15307.7003</Point>
      <Point Name="F2">-2722.4236+15307.6664</Point>
      <Point Name="F3">-2722.2083+15307.5846</Point>
      <Point Name="F4">-2722.1496+15307.5345</Point>
      <Point Name="G1">-2722.3558+15307.8281</Point>
      <Point Name="H2">-2723.0641+15307.9632</Point>
      <Point Name="H3">-2722.8849+15307.8888</Point>
      <Point Name="H4">-2723.1099+15307.7524</Point>
      <Point Name="J">-2724.972+15305.956</Point>
      <Point Name="L">-2724.7801+15306.0766</Point>
      <Point Name="L">-2724.5333+15306.4108</Point>
      <Point Name="L">-2724.4699+15306.7017</Point>
      <Point Name="M">-2723.8001+15307.3884</Point>
      <Point Name="M1">-2723.8438+15307.6261</Point>
      <Point Name="M2">-2723.9313+15307.576</Point>
      <Point Name="M3">-2724.0032+15307.4624</Point>
      <Point Name="S">-2722.8783+15306.6648</Point>
      <Point Name="S">-2722.4087+15306.934</Point>
      <Point Name="S">-2721.8806+15307.238</Point>
      <Point Name="S1">-2721.5088+15307.422</Point>
      <Point Name="S10">-2722.5087+15306.8416</Point>
      <Point Name="S12">-2722.7241+15306.7072</Point>
      <Point Name="S13">-2723.0111+15306.5477</Point>
      <Point Name="S14">-2723.0561+15306.5271</Point>
      <Point Name="S2">-2721.5564+15307.3904</Point>
      <Point Name="S3">-2721.7594+15307.2579</Point>
      <Point Name="S5">-2721.9782+15307.1357</Point>
      <Point Name="S7">-2722.2454+15306.9857</Point>
      <Point Name="T">-2722.3823+15306.8818</Point>
      <Point Name="T1">-2721.4382+15307.3674</Point>
      <Point Name="T10">-2722.479+15306.7704</Point>
      <Point Name="T11">-2722.638+15306.6763</Point>
      <Point Name="T12">-2722.6969+15306.6459</Point>
      <Point Name="T13">-2722.9808+15306.4826</Point>
      <Point Name="T14">-2723.0287+15306.456</Point>
      <Point Name="T2">-2721.4941+15307.3408</Point>
      <Point Name="T3">-2721.731+15307.1893</Point>
      <Point Name="T4">-2721.7942+15307.1593</Point>
      <Point Name="T5">-2721.9498+15307.0716</Point>
      <Point Name="T6">-2722.0096+15307.0319</Point>
      <Point Name="T7">-2722.1459+15306.9535</Point>
      <Point Name="T8">-2722.2737+15306.8837</Point>
      <Point Name="T9">-2722.4202+15306.8014</Point>
      <Point Name="W">-2722.7775+15307.539</Point>
      <Point Name="W1">-2722.7749+15307.6094</Point>
      <Point Name="W2">-2722.7308+15307.5045</Point>
      <Point Name="Y">-2722.7637+15307.649</Point>
      <Point Name="Y">-2722.5452+15307.1658</Point>
      <Point Name="Y1">-2722.7315+15307.6338</Point>
      <Point Name="Y2">-2722.6836+15307.5284</Point>
      <Point Name="Y3">-2722.6198+15307.3967</Point>
      <Point Name="Z">-2722.7431+15307.7282</Point>
      <Point Name="Z">-2722.4979+15307.1928</Point>
      <Point Name="22-16">-2722.9923+15307.2709</Point>
      <Point Name="32-25">-2723.1603+15307.2658</Point>
      <Point Name="40-50">-2723.2529+15307.116</Point>
      <Point Name="A4S">-2723.143+15307.5931</Point>
      <Point Name="AIRLINE_MNTNCE">-2724.1249+15307.6609</Point>
      <Point Name="C3T">-2723.2063+15307.397</Point>
      <Point Name="GA">-2722.4609+15307.4808</Point>
      <Point Name="GA_MNTNCE">-2723.2163+15308.2089</Point>
      <Point Name="H2N">-2723.066+15308.1245</Point>
      <Point Name="H2S">-2723.1996+15308.047</Point>
      <Point Name="INTL">-2724.2578+15306.5321</Point>
      <Point Name="LGSTCS">-2724.9804+15306.086</Point>
      <Point Name="NORTH_REM">-2721.6888+15307.7347</Point>
      <Point Name="STH_PRKNG">-2724.7011+15305.8705</Point>
      <Point Name="A">-2809.923+15330.4638</Point>
      <Point Name="A">-2809.8745+15330.5646</Point>
      <Point Name="B">-2809.7998+15330.3602</Point>
      <Point Name="C">-2810.282+15330.7387</Point>
      <Point Name="C">-2810.023+15330.5754</Point>
      <Point Name="C">-2809.8427+15330.4563</Point>
      <Point Name="C">-2809.7175+15330.3782</Point>
      <Point Name="C">-2809.4993+15330.2425</Point>
      <Point Name="D">-2810.1538+15330.6</Point>
      <Point Name="E">-2810.1664+15330.7407</Point>
      <Point Name="E">-2809.995+15330.6318</Point>
      <Point Name="F">-2810.1097+15330.5712</Point>
      <Point Name="G">-2809.749+15330.499</Point>
      <Point Name="H">-2809.6465+15330.2915</Point>
      <Point Name="J">-2810.167+15330.4428</Point>
      <Point Name="K">-2810.4652+15330.7903</Point>
      <Point Name="L">-2810.2476+15330.7497</Point>
      <Point Name="Helo">-2809.7183+15330.4927</Point>
      <Point Name="A">-1653.0739+14545.0315</Point>
      <Point Name="A">-1652.894+14544.9656</Point>
      <Point Name="A">-1652.7445+14544.8701</Point>
      <Point Name="A2">-1652.6638+14544.8808</Point>
      <Point Name="A3">-1652.8014+14544.9514</Point>
      <Point Name="A4">-1653.0474+14545.0593</Point>
      <Point Name="B">-1653.0875+14545.2448</Point>
      <Point Name="B">-1652.6816+14545.0573</Point>
      <Point Name="B">-1652.3007+14544.8884</Point>
      <Point Name="B2">-1652.2372+14544.8107</Point>
      <Point Name="B3">-1652.6224+14544.9835</Point>
      <Point Name="B4">-1653.0047+14545.1616</Point>
      <Point Name="B5">-1653.2046+14545.2604</Point>
      <Point Name="C">-1652.6514+14545.1042</Point>
      <Point Name="C">-1652.4794+14545.0338</Point>
      <Point Name="C1">-1652.3872+14544.9654</Point>
      <Point Name="C2">-1652.4466+14544.9868</Point>
      <Point Name="C3">-1652.5943+14545.0537</Point>
      <Point Name="C4">-1652.7397+14545.1179</Point>
      <Point Name="D">-1652.3561+14545.1042</Point>
      <Point Name="D">-1652.2795+14545.296</Point>
      <Point Name="G">-1652.3216+14545.0497</Point>
      <Point Name="G2">-1652.2273+14545.3431</Point>
      <Point Name="G3">-1652.2854+14545.2104</Point>
      <Point Name="Y">-1653.1214+14545.0877</Point>
      <Point Name="DOM 11-23">-1652.5779+14545.1437</Point>
      <Point Name="GA Term">-1652.9319+14544.9348</Point>
      <Point Name="Helo">-1653.335+14545.1562</Point>
      <Point Name="Helo">-1652.7751+14544.911</Point>
      <Point Name="INTL 1-10">-1652.3542+14545.2752</Point>
      <Point Name="A">-2021.167+14856.9142</Point>
      <Point Name="B">-2021.2559+14856.9853</Point>
      <Point Name="C">-2021.3059+14857.0255</Point>
      <Point Name="D">-2021.2801+14856.9131</Point>
      <Point Name="E">-2021.1081+14856.8679</Point>
      <Point Name="A">-2110.5293+14911.0546</Point>
      <Point Name="B">-2110.441+14910.9927</Point>
      <Point Name="C">-2110.3466+14910.8468</Point>
      <Point Name="D">-2110.1662+14911.0349</Point>
      <Point Name="E">-2110.1715+14910.9358</Point>
      <Point Name="F">-2110.1322+14910.9103</Point>
      <Point Name="G">-2110.0641+14910.8654</Point>
      <Point Name="H">-2110.4167+14910.7255</Point>
      <Point Name="J">-2110.3479+14910.7797</Point>
      <Point Name="J">-2110.2822+14910.8916</Point>
      <Point Name="L">-2110.2109+14911.013</Point>
      <Point Name="A">-2724.7459+15144.0748</Point>
      <Point Name="A">-2724.5321+15144.2953</Point>
      <Point Name="B">-2724.7102+15143.9266</Point>
      <Point Name="B">-2724.667+15143.6419</Point>
      <Point Name="B">-2724.5817+15143.4818</Point>
      <Point Name="B1">-2724.7735+15144.2556</Point>
      <Point Name="B2">-2724.732+15143.9793</Point>
      <Point Name="B3">-2724.7105+15143.824</Point>
      <Point Name="C">-2724.9117+15144.7586</Point>
      <Point Name="D">-2724.6909+15143.696</Point>
      <Point Name="D">-2724.6253+15143.7095</Point>
      <Point Name="Military Apron">-2724.8481+15144.1425</Point>
      <Point Name="RSAF Apron">-2724.7641+15143.7481</Point>
      <Point Name="A">-2322.6036+15028.5116</Point>
      <Point Name="B">-2322.7214+15028.5559</Point>
      <Point Name="C">-2322.3731+15028.6593</Point>
      <Point Name="D">-2322.4172+15028.6201</Point>
      <Point Name="E">-2322.5028+15028.4801</Point>
      <Point Name="F">-2322.4827+15028.45</Point>
      <Point Name="G">-2322.4887+15028.5188</Point>
      <Point Name="H">-2322.5578+15028.5491</Point>
      <Point Name="J">-2322.9847+15028.7199</Point>
      <Point Name="K">-2322.786+15028.6455</Point>
      <Point Name="L">-2322.4703+15028.5954</Point>
      <Point Name="GA Apron">-2322.3887+15028.5709</Point>
      <Point Name="A">-1757.0627+12214.0286</Point>
      <Point Name="B">-1757.0805+12214.0766</Point>
      <Point Name="C">-1757.0005+12214.0459</Point>
      <Point Name="D">-1756.8122+12213.6641</Point>
      <Point Name="E">-1756.8896+12213.6133</Point>
      <Point Name="E">-1756.8389+12213.6294</Point>
      <Point Name="F">-1756.907+12213.7561</Point>
      <Point Name="F">-1756.8476+12213.5305</Point>
      <Point Name="F1">-1756.8501+12213.4609</Point>
      <Point Name="F2">-1756.8376+12213.4014</Point>
      <Point Name="G">-1756.9443+12213.8337</Point>
      <Point Name="G">-1756.9045+12213.8454</Point>
      <Point Name="Y">-1757.0315+12214.1624</Point>
      <Point Name="Z">-1757.0437+12214.2195</Point>
      <Point Name="F (DIRT)">-1756.7633+12213.2117</Point>
      <Point Name="F3 (DIRT)">-1756.7361+12213.0255</Point>
      <Point Name="A1">-1237.145+14204.5947</Point>
      <Point Name="A2">-1237.5214+14205.2164</Point>
      <Point Name="A3">-1237.8618+14205.7773</Point>
      <Point Name="B">-1237.0109+14204.5228</Point>
      <Point Name="C1">-1237.2141+14204.8589</Point>
      <Point Name="C2">-1237.2683+14204.4828</Point>
      <Point Name="D1">-1237.6716+14205.6112</Point>
      <Point Name="E">-1237.8762+14205.9439</Point>
      <Point Name="F">-1237.16+14204.3273</Point>
      <Point Name="G">-1237.3786+14204.2163</Point>
      <Point Name="H">-1237.3331+14204.3836</Point>
      <Point Name="J">-1237.2956+14204.6086</Point>
      <Point Name="K">-1237.4902+14204.3781</Point>
      <Point Name="L">-1237.4009+14204.4971</Point>
      <Point Name="M">-1237.4498+14204.6616</Point>
      <Point Name="N">-1237.3593+14204.8212</Point>
      <Point Name="Air Movs">-1237.5245+14204.893</Point>
      <Point Name="A">-2636.2712+15305.4287</Point>
      <Point Name="A">-2635.832+15305.0533</Point>
      <Point Name="A1">-2636.072+15305.325</Point>
      <Point Name="A2">-2635.6206+15304.9397</Point>
      <Point Name="B">-2636.4085+15305.4195</Point>
      <Point Name="B">-2636.2549+15305.3673</Point>
      <Point Name="B1">-2636.3088+15305.4425</Point>
      <Point Name="B2">-2636.2108+15305.3496</Point>
      <Point Name="C">-2636.5922+15305.3544</Point>
      <Point Name="D">-2636.4779+15305.3614</Point>
      <Point Name="E">-2636.1176+15305.2013</Point>
      <Point Name="F">-2636.4538+15305.4402</Point>
      <Point Name="F">-2636.2597+15305.4936</Point>
      <Point Name="G">-2636.447+15305.3762</Point>
      <Point Name="H">-2636.5333+15305.328</Point>
      <Point Name="J2">-2636.048+15305.1666</Point>
      <Point Name="J3">-2636.0879+15305.131</Point>
      <Point Name="M">-2636.2143+15305.2924</Point>
      <Point Name="M">-2636.1784+15305.3226</Point>
      <Point Name="A1">-1915.5135+14645.9441</Point>
      <Point Name="A2">-1915.4047+14646.0236</Point>
      <Point Name="A3">-1915.2989+14646.0818</Point>
      <Point Name="A4">-1915.1636+14646.1568</Point>
      <Point Name="A5">-1914.9667+14646.2654</Point>
      <Point Name="A6">-1914.7819+14646.3672</Point>
      <Point Name="A7">-1914.5041+14646.5074</Point>
      <Point Name="B1">-1915.3948+14645.3991</Point>
      <Point Name="B2">-1915.407+14645.522</Point>
      <Point Name="B3">-1915.4251+14645.7017</Point>
      <Point Name="C">-1915.0269+14646.173</Point>
      <Point Name="D1">-1915.2547+14646.1559</Point>
      <Point Name="D2">-1915.2116+14646.0732</Point>
      <Point Name="D3">-1915.1777+14645.9579</Point>
      <Point Name="E1">-1914.8534+14646.2607</Point>
      <Point Name="E2">-1914.778+14646.0835</Point>
      <Point Name="F">-1915.1394+14646.2083</Point>
      <Point Name="G1">-1914.6176+14646.368</Point>
      <Point Name="G2">-1914.5182+14646.21</Point>
      <Point Name="J">-1915.4219+14646.0639</Point>
      <Point Name="K">-1915.3856+14646.1046</Point>
      <Point Name="L">-1915.4887+14645.7585</Point>
      <Point Name="M">-1914.5136+14645.7149</Point>
      <Point Name="S">-1914.6737+14645.959</Point>
      <Point Name="T">-1914.5971+14645.9492</Point>
      <Point Name="U1">-1914.4875+14646.0353</Point>
      <Point Name="U2">-1914.4206+14646.0666</Point>
      <Point Name="V">-1914.3779+14646.0994</Point>
      <Point Name="W">-1914.2674+14646.307</Point>
      <Point Name="Z">-1914.2895+14646.1994</Point>
      <Point Name="Civil Apron">-1915.3489+14646.2817</Point>
      <Point Name="Heli Apron">-1915.4912+14645.5083</Point>
      <Point Name="Main Apron">-1915.5798+14645.9904</Point>
      <Point Name="A">-3019.963+15306.6594</Point>
      <Point Name="B">-3019.8605+15306.765</Point>
      <Point Name="C">-3019.4967+15307.1133</Point>
      <Point Name="D">-3019.3561+15307.1687</Point>
      <Point Name="E1">-3019.8651+15306.6843</Point>
      <Point Name="E2">-3019.5723+15306.9743</Point>
      <Point Name="E3">-3019.3917+15307.0677</Point>
      <Point Name="E4">-3019.1614+15307.162</Point>
      <Point Name="F">-3018.9552+15306.9944</Point>
      <Point Name="G">-3018.9036+15307.1227</Point>
      <Point Name="H">-3018.8411+15307.2122</Point>
      <Point Name="I">-3019.3502+15307.0692</Point>
      <Point Name="A">-1735.0269+12349.6332</Point>
      <Point Name="A1">-1734.8003+12348.9168</Point>
      <Point Name="A2">-1735.3001+12350.3354</Point>
      <Point Name="B">-1734.5908+12348.8188</Point>
      <Point Name="C">-1734.8183+12349.3131</Point>
      <Point Name="C1">-1734.8684+12349.2444</Point>
      <Point Name="D">-1735.052+12350.0145</Point>
      <Point Name="D1">-1735.1542+12350.0436</Point>
      <Point Name="E">-1735.209+12350.5528</Point>
      <Point Name="F">-1735.0498+12349.09</Point>
      <Point Name="G">-1735.384+12350.0448</Point>
      <Point Name="H">-1735.3912+12350.64</Point>
      <Point Name="J">-1735.7221+12350.6913</Point>
      <Point Name="K">-1735.4424+12350.4793</Point>
      <Point Name="L">-1734.6044+12349.3393</Point>
      <Point Name="Air Movs">-1735.5232+12349.7704</Point>
      <Point Name="Civil">-1734.5356+12349.3653</Point>
      <Point Name="A">-3128.0323+11551.4281</Point>
      <Point Name="A">-3127.8663+11552.1508</Point>
      <Point Name="B">-3128.0505+11551.2375</Point>
      <Point Name="C">-3127.7945+11552.3513</Point>
      <Point Name="D">-3128.0077+11551.6046</Point>
      <Point Name="E">-3128.0001+11551.6444</Point>
      <Point Name="F">-3127.9688+11551.591</Point>
      <Point Name="G">-3127.8749+11551.999</Point>
      <Point Name="A">-3802.958+14428.0708</Point>
      <Point Name="A">-3802.2188+14428.1933</Point>
      <Point Name="B">-3801.6936+14428.6777</Point>
      <Point Name="B">-3801.6466+14428.2335</Point>
      <Point Name="B">-3801.4711+14428.9195</Point>
      <Point Name="C">-3801.9474+14428.1853</Point>
      <Point Name="D">-3802.7916+14428.036</Point>
      <Point Name="E">-3801.8079+14428.7934</Point>
      <Point Name="A">-3604.1106+14657.2206</Point>
      <Point Name="B">-3604.2205+14657.0899</Point>
      <Point Name="C">-3604.0633+14657.5945</Point>
      <Point Name="D">-3604.1828+14657.1696</Point>
      <Point Name="E">-3604.095+14657.0906</Point>
      <Point Name="F">-3604.0728+14657.2735</Point>
      <Point Name="G">-3604.2465+14657.1271</Point>
      <Point Name="J">-3604.3288+14657.126</Point>
      <Point Name="GA">-3604.2213+14657.133</Point>
      <Point Name="MEDI">-3604.1242+14657.3965</Point>
      <Point Name="NORTHWEST">-3604.2552+14657.2144</Point>
      <Point Name="SOUTHEAST">-3604.3365+14657.2054</Point>
      <Point Name="SOUTHERN">-3604.3809+14657.1113</Point>
      <Point Name="B">-3743.7876+14454.0266</Point>
      <Point Name="C">-3743.4255+14454.0097</Point>
      <Point Name="D">-3743.2683+14453.9712</Point>
      <Point Name="E">-3743.3124+14453.9958</Point>
      <Point Name="H">-3743.8059+14453.6437</Point>
      <Point Name="J">-3743.5496+14454.0119</Point>
      <Point Name="K">-3743.9594+14454.0212</Point>
      <Point Name="N">-3743.7029+14454.5541</Point>
      <Point Name="N">-3743.6872+14454.0168</Point>
      <Point Name="P">-3743.6084+14454.0052</Point>
      <Point Name="R">-3743.3763+14453.984</Point>
      <Point Name="T">-3743.2181+14454.0107</Point>
      <Point Name="A1">-3805.851+14707.9572</Point>
      <Point Name="A1">-3805.8304+14707.7884</Point>
      <Point Name="A2">-3805.8882+14708.2543</Point>
      <Point Name="A3">-3805.9397+14708.6684</Point>
      <Point Name="A4">-3805.9678+14708.894</Point>
      <Point Name="A5">-3805.9909+14709.0867</Point>
      <Point Name="B1">-3806.2492+14708.2171</Point>
      <Point Name="B2">-3806.2642+14708.2329</Point>
      <Point Name="B3">-3806.1347+14708.4464</Point>
      <Point Name="B4">-3805.9855+14708.7036</Point>
      <Point Name="B5">-3805.927+14708.8034</Point>
      <Point Name="B6">-3805.7773+14709.0637</Point>
      <Point Name="B7">-3805.5788+14709.4079</Point>
      <Point Name="C1">-3805.781+14707.6976</Point>
      <Point Name="C2">-3805.8419+14707.6862</Point>
      <Point Name="D1">-3805.8312+14708.0922</Point>
      <Point Name="D2">-3805.8911+14708.0805</Point>
      <Point Name="E1">-3805.8716+14708.4317</Point>
      <Point Name="E2">-3805.9325+14708.4203</Point>
      <Point Name="F">-3805.8676+14707.883</Point>
      <Point Name="G">-3805.7247+14709.273</Point>
      <Point Name="H1">-3806.086+14708.573</Point>
      <Point Name="H2">-3806.1055+14708.5449</Point>
      <Point Name="H3">-3806.1434+14708.6064</Point>
      <Point Name="J">-3806.0542+14708.3171</Point>
      <Point Name="K1">-3806.3048+14708.2569</Point>
      <Point Name="K2">-3806.2124+14708.1374</Point>
      <Point Name="L">-3805.9747+14708.6386</Point>
      <Point Name="P">-3805.9309+14708.8353</Point>
      <Point Name="E APN">-3805.9413+14708.0767</Point>
      <Point Name="E CHK BAY">-3805.9512+14708.469</Point>
      <Point Name="South Apron">-3806.2255+14708.0407</Point>
      <Point Name="W APN">-3805.9202+14707.7561</Point>
      <Point Name="W CHK BAY">-3805.8826+14708.01</Point>
      <Point Name="A">-4250.2606+14730.6223</Point>
      <Point Name="A">-4250.086+14730.3861</Point>
      <Point Name="C">-4250.0186+14730.3676</Point>
      <Point Name="D">-4250.2776+14730.7258</Point>
      <Point Name="F">-4250.1417+14730.3921</Point>
      <Point Name="G">-4250.2036+14730.4797</Point>
      <Point Name="H">-4250.3559+14730.6249</Point>
      <Point Name="J">-4250.3307+14730.4896</Point>
      <Point Name="K">-4250.3931+14730.5414</Point>
      <Point Name="A">-4133.0965+14712.8787</Point>
      <Point Name="A">-4132.3482+14712.2391</Point>
      <Point Name="B">-4132.8423+14712.7085</Point>
      <Point Name="C">-4132.5854+14712.4908</Point>
      <Point Name="D">-4132.4292+14712.3635</Point>
      <Point Name="E">-4132.9767+14712.7514</Point>
      <Point Name="FREIGHT">-4132.9109+14712.6481</Point>
      <Point Name="GA">-4132.9912+14712.723</Point>
      <Point Name="RPT">-4132.5816+14712.4172</Point>
      <Point Name="A">-3758.8392+14505.7863</Point>
      <Point Name="A">-3758.5969+14505.788</Point>
      <Point Name="A1">-3758.3997+14505.8372</Point>
      <Point Name="A2">-3758.4614+14505.7948</Point>
      <Point Name="A3">-3758.5593+14505.7952</Point>
      <Point Name="A4">-3758.6735+14505.8038</Point>
      <Point Name="A5">-3758.7435+14505.8165</Point>
      <Point Name="A6">-3758.8044+14505.8167</Point>
      <Point Name="A7">-3758.9007+14505.8375</Point>
      <Point Name="A8">-3758.9774+14505.8422</Point>
      <Point Name="B">-3758.9827+14506.2824</Point>
      <Point Name="B">-3758.8434+14506.3378</Point>
      <Point Name="B">-3758.797+14506.0744</Point>
      <Point Name="B">-3758.5998+14505.8756</Point>
      <Point Name="B1">-3758.6386+14505.9577</Point>
      <Point Name="B2">-3758.8392+14506.1531</Point>
      <Point Name="B3">-3758.9358+14506.2579</Point>
      <Point Name="E">-3758.7516+14506.1724</Point>
      <Point Name="E">-3758.5093+14505.9369</Point>
      <Point Name="E1">-3758.4528+14505.933</Point>
      <Point Name="E2">-3758.5846+14506.0755</Point>
      <Point Name="E3">-3758.7763+14506.2595</Point>
      <Point Name="F">-3758.8535+14505.9163</Point>
      <Point Name="F">-3758.4876+14505.8891</Point>
      <Point Name="F1">-3758.8943+14505.9691</Point>
      <Point Name="G">-3758.3999+14505.6887</Point>
      <Point Name="G">-3758.2717+14505.8162</Point>
      <Point Name="G1">-3758.3344+14505.655</Point>
      <Point Name="G2">-3758.317+14505.7532</Point>
      <Point Name="G3">-3758.3248+14505.8978</Point>
      <Point Name="G4">-3758.3478+14505.7762</Point>
      <Point Name="J">-3758.7916+14505.6855</Point>
      <Point Name="J">-3758.5428+14505.7486</Point>
      <Point Name="J1">-3758.6079+14505.7676</Point>
      <Point Name="J2">-3758.6803+14505.7772</Point>
      <Point Name="A">-3740.8715+14450.6647</Point>
      <Point Name="A">-3740.4182+14450.5771</Point>
      <Point Name="A">-3739.8362+14450.4719</Point>
      <Point Name="A">-3739.6061+14450.4267</Point>
      <Point Name="B">-3739.1896+14450.1704</Point>
      <Point Name="C">-3739.352+14450.1995</Point>
      <Point Name="E">-3739.9115+14450.4321</Point>
      <Point Name="E">-3739.9045+14450.6884</Point>
      <Point Name="E">-3739.8982+14451.0968</Point>
      <Point Name="E">-3739.8864+14449.9724</Point>
      <Point Name="E">-3739.8527+14449.5112</Point>
      <Point Name="F">-3740.1004+14450.3489</Point>
      <Point Name="F">-3739.9803+14450.4136</Point>
      <Point Name="G">-3740.3213+14450.6217</Point>
      <Point Name="G">-3740.286+14450.3793</Point>
      <Point Name="J">-3740.724+14450.487</Point>
      <Point Name="J">-3740.697+14450.7003</Point>
      <Point Name="K">-3741.1312+14450.5741</Point>
      <Point Name="M">-3739.7449+14449.3328</Point>
      <Point Name="N">-3739.7476+14449.6533</Point>
      <Point Name="P">-3739.9142+14450.8756</Point>
      <Point Name="P">-3739.8186+14450.869</Point>
      <Point Name="Q">-3739.9075+14451.0277</Point>
      <Point Name="Q">-3739.8209+14450.9609</Point>
      <Point Name="R">-3739.92+14451.1703</Point>
      <Point Name="S">-3740.8805+14450.7966</Point>
      <Point Name="S">-3740.5696+14450.7369</Point>
      <Point Name="S">-3740.2678+14450.6735</Point>
      <Point Name="S">-3739.9578+14450.625</Point>
      <Point Name="T">-3740.0324+14450.456</Point>
      <Point Name="T">-3740.0143+14450.6257</Point>
      <Point Name="T">-3739.9984+14450.7654</Point>
      <Point Name="T">-3739.9544+14451.1501</Point>
      <Point Name="T">-3739.9382+14450.9526</Point>
      <Point Name="U">-3740.2519+14450.4833</Point>
      <Point Name="V">-3740.6228+14450.4926</Point>
      <Point Name="V">-3740.19+14450.4109</Point>
      <Point Name="V">-3739.9588+14450.3706</Point>
      <Point Name="V">-3739.805+14450.3431</Point>
      <Point Name="V">-3739.4878+14450.2834</Point>
      <Point Name="W">-3741.0333+14450.7548</Point>
      <Point Name="W1">-3741.0714+14450.9456</Point>
      <Point Name="W2">-3741.0848+14451.139</Point>
      <Point Name="W3">-3741.1023+14451.3774</Point>
      <Point Name="W4">-3741.109+14451.5443</Point>
      <Point Name="Y">-3740.4993+14450.5218</Point>
      <Point Name="Y">-3740.4845+14450.6361</Point>
      <Point Name="A2">-3456.3707+13831.7769</Point>
      <Point Name="A3">-3456.5709+13831.7507</Point>
      <Point Name="A4">-3456.6736+13831.8698</Point>
      <Point Name="A5">-3456.7118+13831.9689</Point>
      <Point Name="A6">-3456.6+13832.1597</Point>
      <Point Name="A6">-3456.5107+13832.2872</Point>
      <Point Name="A6">-3456.4114+13832.4314</Point>
      <Point Name="B1">-3456.3394+13832.4847</Point>
      <Point Name="B2">-3456.395+13832.5413</Point>
      <Point Name="D1">-3456.7177+13832.0717</Point>
      <Point Name="D2">-3456.9082+13832.2497</Point>
      <Point Name="E2">-3456.8546+13831.8266</Point>
      <Point Name="F1">-3456.5818+13831.8312</Point>
      <Point Name="F2">-3456.6817+13831.7879</Point>
      <Point Name="F3">-3456.8984+13831.584</Point>
      <Point Name="F4">-3457.0826+13831.4783</Point>
      <Point Name="F5">-3457.2202+13831.319</Point>
      <Point Name="F6">-3457.3471+13831.0703</Point>
      <Point Name="G1">-3456.4489+13831.5744</Point>
      <Point Name="H">-3456.5455+13831.7972</Point>
      <Point Name="J1">-3456.2727+13831.806</Point>
      <Point Name="K">-3456.5422+13832.1883</Point>
      <Point Name="L">-3456.4409+13832.337</Point>
      <Point Name="R">-3457.0622+13831.3803</Point>
      <Point Name="T1">-3456.284+13832.5175</Point>
      <Point Name="T2">-3456.3677+13832.3926</Point>
      <Point Name="T3">-3456.4693+13832.2451</Point>
      <Point Name="T4">-3456.5498+13832.1276</Point>
      <Point Name="A1">-1224.7732+13052.0255</Point>
      <Point Name="A1">-1224.6223+13051.9033</Point>
      <Point Name="A2">-1224.8339+13052.1998</Point>
      <Point Name="A3">-1224.8754+13052.3287</Point>
      <Point Name="A4">-1224.9601+13052.5872</Point>
      <Point Name="A5">-1225.0561+13052.8667</Point>
      <Point Name="A6">-1225.1686+13053.1979</Point>
      <Point Name="B1">-1224.8326+13052.478</Point>
      <Point Name="B2">-1224.7006+13052.5252</Point>
      <Point Name="C1">-1225.2911+13052.2129</Point>
      <Point Name="C2">-1225.0252+13052.1715</Point>
      <Point Name="C2">-1224.9369+13052.1651</Point>
      <Point Name="C3">-1224.7382+13052.1603</Point>
      <Point Name="C4">-1224.538+13052.1936</Point>
      <Point Name="D">-1225.0338+13053.0469</Point>
      <Point Name="E1">-1224.9265+13052.767</Point>
      <Point Name="E2">-1224.7874+13052.8134</Point>
      <Point Name="G">-1224.8003+13051.909</Point>
      <Point Name="H">-1224.8208+13051.9706</Point>
      <Point Name="J">-1224.9069+13052.0691</Point>
      <Point Name="M">-1225.1193+13052.1779</Point>
      <Point Name="R">-1224.9659+13052.4544</Point>
      <Point Name="S">-1225.0521+13052.6922</Point>
      <Point Name="T">-1225.0761+13052.7805</Point>
      <Point Name="U1">-1224.6728+13052.9329</Point>
      <Point Name="U2">-1224.6764+13052.9982</Point>
      <Point Name="V1">-1224.4069+13052.3451</Point>
      <Point Name="V2">-1224.645+13052.3398</Point>
      <Point Name="W1">-1224.6321+13051.8406</Point>
      <Point Name="W2">-1224.6427+13051.758</Point>
      <Point Name="W3">-1224.6264+13051.8836</Point>
      <Point Name="X1">-1224.6981+13051.8371</Point>
      <Point Name="X2">-1224.6915+13051.7532</Point>
      <Point Name="Y1">-1224.3735+13052.2793</Point>
      <Point Name="Y2">-1224.5358+13052.2642</Point>
      <Point Name="Z">-1224.6213+13052.4252</Point>
      <Point Name="BRA">-1225.1127+13052.8808</Point>
      <Point Name="FRA">-1225.2838+13053.3944</Point>
      <Point Name="GA Apron">-1224.2327+13052.4507</Point>
      <Point Name="INTL">-1224.4272+13052.6572</Point>
      <Point Name="MHS">-1225.2529+13052.1265</Point>
      <Point Name="A1">-3140.0731+11601.2871</Point>
      <Point Name="A2">-3139.9035+11601.0987</Point>
      <Point Name="A3">-3139.745+11600.9201</Point>
      <Point Name="B1">-3140.3797+11601.315</Point>
      <Point Name="B2">-3141.0404+11601.0962</Point>
      <Point Name="B2">-3140.8031+11601.2151</Point>
      <Point Name="B3">-3141.0557+11600.9475</Point>
      <Point Name="C1">-3140.7098+11601.1234</Point>
      <Point Name="C2">-3140.7039+11600.9087</Point>
      <Point Name="D1">-3139.8363+11601.2313</Point>
      <Point Name="D2">-3140.0082+11601.032</Point>
      <Point Name="D3">-3140.1735+11600.8441</Point>
      <Point Name="D4">-3140.3862+11600.597</Point>
      <Point Name="E1">-3140.3147+11601.139</Point>
      <Point Name="E2">-3140.3173+11600.8589</Point>
      <Point Name="Z">-3139.8805+11601.2151</Point>
      <Point Name="MAIN">-3140.0537+11601.4251</Point>
      <Point Name="OLA">-3140.6166+11601.3554</Point>
      <Point Name="RSAF">-3140.3846+11601.4088</Point>
      <Point Name="WASH">-3140.8872+11601.2346</Point>
      <Point Name="A">-3442.587+13837.5809</Point>
      <Point Name="B">-3443.0467+13836.8829</Point>
      <Point Name="B">-3442.9079+13837.1396</Point>
      <Point Name="B">-3442.68+13837.389</Point>
      <Point Name="B">-3442.5145+13837.6273</Point>
      <Point Name="C">-3442.7541+13837.0248</Point>
      <Point Name="D">-3442.443+13837.3927</Point>
      <Point Name="D">-3442.2634+13837.196</Point>
      <Point Name="E">-3441.9181+13837.1419</Point>
      <Point Name="F">-3442.1621+13837.0297</Point>
      <Point Name="L">-3443.0676+13837.0566</Point>
      <Point Name="W">-3442.5545+13837.4278</Point>
      <Point Name="Air Movements">-3442.8512+13837.3274</Point>
      <Point Name="Main Apron">-3442.6908+13837.8553</Point>
      <Point Name="OLA">-3442.2837+13837.3163</Point>
      <Point Name="OLA">-3442.2+13837.2202</Point>
      <Point Name="B">-3205.8965+11552.5299</Point>
      <Point Name="B">-3205.6947+11552.8383</Point>
      <Point Name="B">-3205.5751+11553.0579</Point>
      <Point Name="B1">-3205.9649+11552.4621</Point>
      <Point Name="B2">-3205.8758+11552.6227</Point>
      <Point Name="B3">-3205.7872+11552.7728</Point>
      <Point Name="B4">-3205.6928+11552.9269</Point>
      <Point Name="B5">-3205.627+11553.0383</Point>
      <Point Name="B6">-3205.5798+11553.1134</Point>
      <Point Name="C">-3205.6469+11553.1699</Point>
      <Point Name="Central Helo">-3205.8269+11552.6771</Point>
      <Point Name="E">-3205.76+11552.983</Point>
      <Point Name="East Helo">-3205.5492+11553.1317</Point>
      <Point Name="F">-3205.8512+11552.8263</Point>
      <Point Name="G">-3205.9691+11552.6362</Point>
      <Point Name="K">-3206.3161+11553.0299</Point>
      <Point Name="K">-3206.148+11552.5955</Point>
      <Point Name="K">-3206.0844+11552.3981</Point>
      <Point Name="K1">-3206.0195+11552.3307</Point>
      <Point Name="K2">-3206.1618+11552.694</Point>
      <Point Name="K3">-3206.2439+11552.9046</Point>
      <Point Name="K4">-3206.3597+11553.2044</Point>
      <Point Name="S">-3206.1049+11552.7866</Point>
      <Point Name="S">-3206.0122+11552.5465</Point>
      <Point Name="S1">-3206.0405+11552.5317</Point>
      <Point Name="S2">-3206.114+11552.7193</Point>
      <Point Name="S3">-3206.1482+11552.811</Point>
      <Point Name="S4">-3206.1923+11552.9329</Point>
      <Point Name="A">-2042.6521+11646.3382</Point>
      <Point Name="B">-2042.7452+11646.2432</Point>
      <Point Name="B">-2042.6656+11646.2326</Point>
      <Point Name="C">-2042.6709+11646.0793</Point>
      <Point Name="C">-2042.6226+11646.0751</Point>
      <Point Name="D">-2042.6772+11646.0394</Point>
      <Point Name="D">-2042.6296+11646.0331</Point>
      <Point Name="E">-2042.6714+11646.9083</Point>
      <Point Name="F">-2042.7148+11646.0629</Point>
      <Point Name="F">-2042.6477+11646.6747</Point>
      <Point Name="G">-2042.6925+11645.9273</Point>
      <Point Name="G">-2042.6384+11645.9213</Point>
      <Point Name="H">-2042.6376+11645.9887</Point>
      <Point Name="J">-2042.6404+11645.9548</Point>
      <Point Name="K">-2042.6606+11645.8671</Point>
      <Point Name="K">-2042.6533+11645.9407</Point>
      <Point Name="L">-2042.7926+11645.8798</Point>
      <Point Name="Bristow">-2042.6036+11645.9626</Point>
      <Point Name="Western">-2042.6184+11645.7896</Point>
      <Point Name="Woodside">-2042.5959+11646.0333</Point>
      <Point Name="A">-2214.7888+11405.1894</Point>
      <Point Name="A">-2214.351+11405.2209</Point>
      <Point Name="B">-2214.8343+11405.2615</Point>
      <Point Name="C">-2213.1971+11405.3799</Point>
      <Point Name="E">-2214.4889+11405.2954</Point>
      <Point Name="F">-2213.519+11405.3518</Point>
      <Point Name="G">-2214.0987+11405.3147</Point>
      <Point Name="H">-2214.9083+11405.2647</Point>
      <Point Name="K">-2213.1238+11405.3941</Point>
      <Point Name="L">-2213.407+11405.1377</Point>
      <Point Name="M">-2213.5692+11405.111</Point>
      <Point Name="R">-2213.9582+11405.0547</Point>
      <Point Name="S">-2214.0435+11405.1056</Point>
      <Point Name="T">-2214.1787+11405.0186</Point>
      <Point Name="U">-2213.9371+11405.2048</Point>
      <Point Name="V">-2214.1609+11405.1876</Point>
      <Point Name="W">-2214.4077+11405.4684</Point>
      <Point Name="Air Movs">-2214.7833+11404.9836</Point>
      <Point Name="Civil">-2214.3876+11405.6745</Point>
      <Point Name="Northern Apns">-2213.2553+11405.1319</Point>
      <Point Name="A">-3447.9811+13838.0765</Point>
      <Point Name="A">-3447.716+13838.249</Point>
      <Point Name="A1">-3448.1011+13838.0311</Point>
      <Point Name="A2">-3447.946+13838.1391</Point>
      <Point Name="A3">-3447.8286+13838.2169</Point>
      <Point Name="A4">-3447.6727+13838.3207</Point>
      <Point Name="A5">-3447.6022+13838.2914</Point>
      <Point Name="B">-3447.9913+13837.9096</Point>
      <Point Name="B">-3447.5351+13838.2078</Point>
      <Point Name="B1">-3448.1168+13837.866</Point>
      <Point Name="B2">-3447.9391+13837.9905</Point>
      <Point Name="B3">-3447.7525+13838.1115</Point>
      <Point Name="B4">-3447.6164+13838.1903</Point>
      <Point Name="B5">-3447.5737+13838.2276</Point>
      <Point Name="F">-3447.4753+13838.3436</Point>
      <Point Name="G">-3447.7089+13838.0453</Point>
      <Point Name="H">-3447.6588+13837.6287</Point>
      <Point Name="H">-3447.6347+13837.9476</Point>
      <Point Name="H1">-3447.7096+13837.3991</Point>
      <Point Name="H2">-3447.6467+13837.4928</Point>
      <Point Name="H3">-3447.6853+13837.7196</Point>
      <Point Name="H4">-3447.6121+13837.8012</Point>
      <Point Name="H5">-3447.6608+13838.0403</Point>
      <Point Name="H6">-3447.5887+13838.1104</Point>
      <Point Name="J">-3447.5465+13837.6368</Point>
      <Point Name="J">-3447.5119+13837.9346</Point>
      <Point Name="J1">-3447.5872+13837.4864</Point>
      <Point Name="J2">-3447.5643+13837.7955</Point>
      <Point Name="J3">-3447.5409+13838.1051</Point>
      <Point Name="S">-3447.3968+13838.0425</Point>
      <Point Name="U">-3447.4166+13837.8358</Point>
      <Point Name="Y">-3447.3037+13837.8862</Point>
      <Point Name="700 Lane">-3155.7384+11557.8883</Point>
      <Point Name="A">-3157.2126+11557.5292</Point>
      <Point Name="A">-3156.854+11557.6384</Point>
      <Point Name="A">-3156.5052+11557.7347</Point>
      <Point Name="A">-3156.1912+11557.827</Point>
      <Point Name="A11">-3157.5028+11557.5035</Point>
      <Point Name="A6">-3156.6562+11557.7638</Point>
      <Point Name="A7">-3156.7652+11557.7324</Point>
      <Point Name="A9">-3157.0279+11557.656</Point>
      <Point Name="Apron Twy">-3156.1375+11557.7217</Point>
      <Point Name="B">-3155.8516+11557.8594</Point>
      <Point Name="B">-3155.736+11557.9597</Point>
      <Point Name="C">-3156.5581+11558.073</Point>
      <Point Name="C">-3156.2887+11558.1515</Point>
      <Point Name="C">-3155.8869+11558.2695</Point>
      <Point Name="C11">-3157.5415+11557.6874</Point>
      <Point Name="C6">-3156.6951+11557.9463</Point>
      <Point Name="C9">-3157.0657+11557.8259</Point>
      <Point Name="D">-3156.0935+11557.9034</Point>
      <Point Name="H3">-3155.9977+11557.8346</Point>
      <Point Name="H4">-3155.8488+11557.7407</Point>
      <Point Name="J1">-3156.32+11557.7352</Point>
      <Point Name="LINK 4">-3156.5172+11558.1468</Point>
      <Point Name="LINK 5">-3156.6099+11558.1189</Point>
      <Point Name="LINK 6">-3156.725+11558.0918</Point>
      <Point Name="LINK 7">-3156.8637+11558.0609</Point>
      <Point Name="N">-3156.0608+11558.0828</Point>
      <Point Name="P">-3156.4009+11558.0695</Point>
      <Point Name="R">-3155.6141+11557.8697</Point>
      <Point Name="S">-3156.2062+11558.3414</Point>
      <Point Name="S">-3156.07+11558.2474</Point>
      <Point Name="T LANE">-3156.3595+11558.2089</Point>
      <Point Name="V">-3156.5517+11557.6271</Point>
      <Point Name="V">-3156.4064+11557.5245</Point>
      <Point Name="W">-3155.8079+11558.4798</Point>
      <Point Name="W">-3155.7191+11558.059</Point>
      <Point Name="TERM 1">-3156.4783+11558.4433</Point>
      <Point Name="TERM 2">-3156.6715+11558.3878</Point>
      <Point Name="TERM 3">-3156.0826+11557.5488</Point>
      <Point Name="TERM 4">-3155.9945+11557.5444</Point>
      <Point Name="A">-1431.644+13223.0701</Point>
      <Point Name="A">-1431.2063+13222.6794</Point>
      <Point Name="A">-1430.7787+13222.2958</Point>
      <Point Name="B">-1431.8156+13223.1702</Point>
      <Point Name="C">-1431.447+13222.8397</Point>
      <Point Name="D">-1430.8838+13222.3348</Point>
      <Point Name="E">-1430.7726+13222.0953</Point>
      <Point Name="F">-1430.7048+13222.1734</Point>
      <Point Name="G">-1431.1005+13223.3475</Point>
      <Point Name="H">-1431.1981+13223.3346</Point>
      <Point Name="J">-1431.7674+13223.3072</Point>
      <Point Name="K">-1431.7078+13223.4969</Point>
      <Point Name="K">-1431.6102+13223.7097</Point>
      <Point Name="K">-1431.567+13223.2986</Point>
      <Point Name="L">-1431.4994+13223.6005</Point>
      <Point Name="L">-1431.4472+13223.4795</Point>
      <Point Name="L">-1431.3445+13223.3304</Point>
      <Point Name="M">-1431.8321+13223.5427</Point>
      <Point Name="P">-1431.53+13223.4048</Point>
      <Point Name="R">-1430.8838+13223.0327</Point>
      <Point Name="R">-1430.866+13222.5877</Point>
      <Point Name="S">-1431.653+13223.2458</Point>
      <Point Name="S">-1430.9965+13223.3099</Point>
      <Point Name="U">-1430.9246+13222.3744</Point>
      <Point Name="V1">-1431.5025+13222.892</Point>
      <Point Name="V2">-1431.5363+13223.1178</Point>
      <Point Name="W">-1430.8339+13222.7985</Point>
      <Point Name="X1">-1430.8221+13223.229</Point>
      <Point Name="X2">-1430.8715+13223.2594</Point>
      <Point Name="Civil Apron">-1430.8253+13221.9025</Point>
      <Point Name="RAAF Apron">-1430.7633+13222.3778</Point>
      <Point Name="A">-3109.3742+13648.6087</Point>
      <Point Name="B">-3108.7623+13648.681</Point>
      <Point Name="C">-3109.2552+13648.5506</Point>
      <Point Name="C">-3109.0634+13648.5227</Point>
      <Point Name="C">-3108.8874+13648.5128</Point>
      <Point Name="D">-3109.1342+13648.634</Point>
      <Point Name="Air Movs">-3109.4634+13648.4325</Point>
      <Point Name="H1 Apron">-3108.9805+13648.3531</Point>
      <Point Name="H2 Apron">-3108.8279+13648.4554</Point>
      <Point Name="H3 Apron">-3108.7345+13648.3102</Point>
      <Point Name="A">-3355.4331+15059.6867</Point>
      <Point Name="A">-3355.3292+15059.5052</Point>
      <Point Name="A">-3355.1981+15059.2699</Point>
      <Point Name="A1">-3355.1076+15059.0494</Point>
      <Point Name="A2">-3355.1616+15059.0942</Point>
      <Point Name="A3">-3355.2561+15059.3322</Point>
      <Point Name="A4">-3355.3473+15059.3854</Point>
      <Point Name="A4">-3355.32+15059.4505</Point>
      <Point Name="A5">-3355.3796+15059.551</Point>
      <Point Name="A6">-3355.4497+15059.5786</Point>
      <Point Name="A6">-3355.4276+15059.6317</Point>
      <Point Name="A7">-3355.5356+15059.7226</Point>
      <Point Name="A7">-3355.4967+15059.7553</Point>
      <Point Name="A8">-3355.5699+15059.7826</Point>
      <Point Name="A8">-3355.5244+15059.7993</Point>
      <Point Name="B">-3355.7083+15059.8321</Point>
      <Point Name="B">-3355.4699+15059.3457</Point>
      <Point Name="B">-3355.3157+15059.0353</Point>
      <Point Name="B1">-3355.1879+15058.9717</Point>
      <Point Name="B2">-3355.2795+15059.0955</Point>
      <Point Name="B3">-3355.4215+15059.2817</Point>
      <Point Name="B3">-3355.3788+15059.3162</Point>
      <Point Name="B4">-3355.5187+15059.4535</Point>
      <Point Name="B4">-3355.4811+15059.508</Point>
      <Point Name="B5">-3355.6244+15059.6502</Point>
      <Point Name="B5">-3355.5883+15059.6807</Point>
      <Point Name="B6">-3355.648+15059.7623</Point>
      <Point Name="C">-3355.3845+15059.2158</Point>
      <Point Name="C">-3355.3239+15059.2151</Point>
      <Point Name="C">-3355.253+15059.2144</Point>
      <Point Name="C">-3355.198+15059.2123</Point>
      <Point Name="C">-3355.1071+15059.2102</Point>
      <Point Name="E">-3355.3771+15058.9448</Point>
      <Point Name="E">-3355.0374+15058.9735</Point>
      <Point Name="F">-3355.2118+15058.8774</Point>
      <Point Name="G">-3355.3609+15058.9933</Point>
      <Point Name="G1">-3355.4064+15058.9741</Point>
      <Point Name="H">-3355.0027+15059.2569</Point>
      <Point Name="J">-3354.9633+15059.1121</Point>
      <Point Name="K">-3355.1277+15059.3576</Point>
      <Point Name="K">-3355.047+15059.246</Point>
      <Point Name="L">-3355.2608+15059.4199</Point>
      <Point Name="L">-3355.1902+15059.5966</Point>
      <Point Name="M">-3355.2813+15059.5712</Point>
      <Point Name="M1">-3355.2236+15059.6327</Point>
      <Point Name="N">-3355.1431+15059.7786</Point>
      <Point Name="N">-3355.0581+15059.7992</Point>
      <Point Name="N1">-3355.0995+15059.7517</Point>
      <Point Name="P">-3355.217+15059.761</Point>
      <Point Name="A">-3517.9369+14911.7575</Point>
      <Point Name="A">-3517.5517+14911.7566</Point>
      <Point Name="B">-3519.0222+14911.5451</Point>
      <Point Name="B">-3518.7928+14911.5447</Point>
      <Point Name="B">-3518.5253+14911.5446</Point>
      <Point Name="B">-3518.2184+14911.545</Point>
      <Point Name="B">-3517.921+14911.5449</Point>
      <Point Name="B">-3517.5578+14911.5451</Point>
      <Point Name="C">-3518.5598+14911.7642</Point>
      <Point Name="C">-3518.3711+14911.4811</Point>
      <Point Name="C">-3518.2111+14911.2557</Point>
      <Point Name="C1">-3518.0717+14911.0914</Point>
      <Point Name="C2">-3518.1527+14911.1499</Point>
      <Point Name="C3">-3518.1952+14911.2123</Point>
      <Point Name="C4">-3518.2375+14911.275</Point>
      <Point Name="C5">-3518.6482+14911.916</Point>
      <Point Name="D">-3518.1336+14911.7161</Point>
      <Point Name="D">-3518.1068+14911.6199</Point>
      <Point Name="E">-3517.4464+14911.7281</Point>
      <Point Name="E">-3517.442+14911.6046</Point>
      <Point Name="F">-3517.7578+14911.7161</Point>
      <Point Name="F">-3517.7487+14911.6033</Point>
      <Point Name="G">-3518.4137+14911.595</Point>
      <Point Name="H">-3518.2848+14911.4026</Point>
      <Point Name="J">-3518.1622+14911.4753</Point>
      <Point Name="K">-3518.2543+14911.3562</Point>
      <Point Name="M">-3518.5826+14911.6238</Point>
      <Point Name="N">-3518.8826+14911.6073</Point>
      <Point Name="P">-3519.2041+14911.5949</Point>
      <Point Name="A">-3402.4395+15041.0499</Point>
      <Point Name="A">-3402.4366+15041.1392</Point>
      <Point Name="A1">-3402.4679+15040.9007</Point>
      <Point Name="B">-3402.4093+15041.0819</Point>
      <Point Name="C">-3402.5145+15041.2488</Point>
      <Point Name="C">-3402.463+15041.1919</Point>
      <Point Name="C">-3402.4015+15041.1856</Point>
      <Point Name="D">-3402.4969+15041.2712</Point>
      <Point Name="D">-3402.3162+15041.2224</Point>
      <Point Name="E">-3402.3054+15041.3189</Point>
      <Point Name="F">-3402.5311+15041.1897</Point>
      <Point Name="G">-3402.4995+15041.1239</Point>
      <Point Name="A1">-3456.9099+15032.8864</Point>
      <Point Name="A2">-3456.7825+15032.7648</Point>
      <Point Name="B1">-3456.2211+15033.1431</Point>
      <Point Name="B2">-3456.4033+15032.9252</Point>
      <Point Name="B3">-3456.608+15032.6903</Point>
      <Point Name="B4">-3456.8215+15032.4476</Point>
      <Point Name="B5">-3456.8954+15032.3971</Point>
      <Point Name="C1">-3456.8321+15031.6096</Point>
      <Point Name="C2">-3456.8422+15031.8572</Point>
      <Point Name="C3">-3456.8578+15032.125</Point>
      <Point Name="C4">-3456.8658+15032.3377</Point>
      <Point Name="D">-3456.305+15033.0012</Point>
      <Point Name="E1">-3456.5557+15032.6965</Point>
      <Point Name="E2">-3456.6084+15032.7591</Point>
      <Point Name="F">-3456.8927+15032.9293</Point>
      <Point Name="G">-3456.7692+15031.6852</Point>
      <Point Name="H">-3457.0629+15032.358</Point>
      <Point Name="J1">-3456.8772+15032.0305</Point>
      <Point Name="J2">-3456.782+15032.0385</Point>
      <Point Name="CENTRAL">-3456.3861+15032.9793</Point>
      <Point Name="CIVIL">-3456.8164+15031.797</Point>
      <Point Name="EASTERN">-3456.7664+15032.7924</Point>
      <Point Name="ROMEO">-3456.6593+15032.098</Point>
      <Point Name="WESTERN">-3456.7852+15031.9408</Point>
      <Point Name="A">-3336.3957+15047.5976</Point>
      <Point Name="B">-3336.3715+15047.4781</Point>
      <Point Name="C">-3336.2396+15046.9956</Point>
      <Point Name="D">-3336.1281+15046.5621</Point>
      <Point Name="E">-3336.06+15046.299</Point>
      <Point Name="F">-3336.2535+15047.247</Point>
      <Point Name="G">-3336.3179+15047.5432</Point>
      <Point Name="H">-3336.3266+15047.6263</Point>
      <Point Name="V">-3336.1997+15047.0369</Point>
      <Point Name="W">-3336.1203+15046.8014</Point>
      <Point Name="X">-3336.0714+15046.6162</Point>
      <Point Name="Z1">-3336.3541+15047.5516</Point>
      <Point Name="Z2">-3336.2959+15047.3161</Point>
      <Point Name="Z3">-3336.167+15046.814</Point>
      <Point Name="Z4">-3336.0739+15046.4531</Point>
      <Point Name="A">-3357.3771+15110.592</Point>
      <Point Name="A">-3356.9233+15110.4738</Point>
      <Point Name="A">-3356.5562+15110.3796</Point>
      <Point Name="A">-3356.3163+15110.3167</Point>
      <Point Name="A">-3355.8914+15110.1587</Point>
      <Point Name="A1">-3355.7765+15110.2462</Point>
      <Point Name="A2">-3356.6597+15110.4805</Point>
      <Point Name="A3">-3356.8485+15110.5314</Point>
      <Point Name="A4">-3357.0718+15110.5689</Point>
      <Point Name="A5">-3357.5358+15110.703</Point>
      <Point Name="A6">-3357.8589+15110.7826</Point>
      <Point Name="B">-3356.8566+15110.7143</Point>
      <Point Name="B">-3356.6434+15110.6551</Point>
      <Point Name="B">-3356.5063+15110.6128</Point>
      <Point Name="B">-3356.3829+15110.5773</Point>
      <Point Name="B">-3356.2769+15110.5508</Point>
      <Point Name="B">-3356.1333+15110.5116</Point>
      <Point Name="B">-3355.9315+15110.4772</Point>
      <Point Name="B1">-3355.752+15110.3352</Point>
      <Point Name="B1">-3355.7476+15110.4809</Point>
      <Point Name="B10">-3357.0879+15110.7135</Point>
      <Point Name="B10">-3357.0432+15110.9593</Point>
      <Point Name="B10">-3356.9924+15111.2431</Point>
      <Point Name="B2">-3355.7733+15110.344</Point>
      <Point Name="B3">-3356.0942+15110.4374</Point>
      <Point Name="B4">-3356.2399+15110.6489</Point>
      <Point Name="B4">-3356.1918+15110.4641</Point>
      <Point Name="B5">-3356.2588+15110.4734</Point>
      <Point Name="B6">-3356.3038+15110.4863</Point>
      <Point Name="B7">-3356.6577+15110.5761</Point>
      <Point Name="B8">-3356.7218+15110.5863</Point>
      <Point Name="B9">-3356.7772+15110.5912</Point>
      <Point Name="C">-3356.8482+15110.7641</Point>
      <Point Name="C">-3356.4894+15110.7061</Point>
      <Point Name="C">-3356.3639+15110.6742</Point>
      <Point Name="C">-3356.2645+15110.6165</Point>
      <Point Name="C">-3356.1277+15110.5667</Point>
      <Point Name="C">-3355.9182+15110.5307</Point>
      <Point Name="C1">-3355.8437+15110.4838</Point>
      <Point Name="C2">-3356.1953+15110.6356</Point>
      <Point Name="D">-3356.3175+15110.9626</Point>
      <Point Name="E">-3356.2189+15111.3774</Point>
      <Point Name="F">-3356.0597+15110.3083</Point>
      <Point Name="F">-3356.0395+15110.4269</Point>
      <Point Name="G">-3356.5017+15109.8259</Point>
      <Point Name="G">-3356.4665+15109.9771</Point>
      <Point Name="G">-3356.4121+15110.2075</Point>
      <Point Name="G">-3356.3684+15110.397</Point>
      <Point Name="G">-3356.3443+15110.495</Point>
      <Point Name="G">-3356.2802+15110.7652</Point>
      <Point Name="G">-3356.2045+15111.0844</Point>
      <Point Name="G1">-3356.5944+15109.8173</Point>
      <Point Name="G2">-3356.5722+15109.8983</Point>
      <Point Name="G4">-3356.234+15111.2996</Point>
      <Point Name="H">-3356.5534+15109.8447</Point>
      <Point Name="H">-3356.5177+15109.9968</Point>
      <Point Name="H">-3356.46+15110.2293</Point>
      <Point Name="J">-3356.619+15110.3157</Point>
      <Point Name="K">-3356.6182+15110.5947</Point>
      <Point Name="K">-3356.5933+15110.6909</Point>
      <Point Name="K">-3356.5517+15110.8122</Point>
      <Point Name="L">-3357.1551+15110.5966</Point>
      <Point Name="L">-3357.1308+15110.7227</Point>
      <Point Name="L">-3357.0861+15110.9709</Point>
      <Point Name="L">-3357.0357+15111.254</Point>
      <Point Name="S">-3357.0399+15111.1061</Point>
      <Point Name="T">-3358.1902+15111.4657</Point>
      <Point Name="T">-3357.6934+15111.3616</Point>
      <Point Name="T">-3357.1301+15111.1947</Point>
      <Point Name="T1">-3357.2399+15111.3269</Point>
      <Point Name="T1">-3357.1853+15111.2542</Point>
      <Point Name="T2">-3357.4923+15111.3816</Point>
      <Point Name="T3">-3357.9802+15111.5199</Point>
      <Point Name="T4">-3358.1667+15111.574</Point>
      <Point Name="T5">-3358.225+15111.5905</Point>
      <Point Name="T6">-3358.2646+15111.5951</Point>
      <Point Name="U">-3357.357+15111.3222</Point>
      <Point Name="U">-3357.18+15111.2758</Point>
      <Point Name="U1">-3357.1938+15111.3257</Point>
      <Point Name="U1">-3357.1043+15111.237</Point>
      <Point Name="Y">-3356.6184+15110.1392</Point>
      <Point Name="Y">-3356.474+15110.0966</Point>
      <Point Name="DOM1">-3355.8441+15110.7314</Point>
      <Point Name="DOM1A">-3355.8207+15110.9344</Point>
      <Point Name="DOM2">-3356.1242+15110.7071</Point>
      <Point Name="DOM3">-3356.1469+15110.8365</Point>
      <Point Name="DOM3A">-3356.1704+15110.9291</Point>
      <Point Name="DOM3B">-3356.175+15111.0392</Point>
      <Point Name="DOM4">-3356.1438+15111.1243</Point>
      <Point Name="DOM5">-3356.0517+15111.3297</Point>
      <Point Name="DOM6">-3356.1396+15111.4322</Point>
      <Point Name="HELI AREA">-3356.3177+15111.4462</Point>
      <Point Name="INTL1">-3356.0144+15110.1281</Point>
      <Point Name="INTL2">-3356.1082+15110.2084</Point>
      <Point Name="INTL3">-3356.2289+15110.2463</Point>
      <Point Name="INTL4">-3356.297+15110.2339</Point>
      <Point Name="INTL5">-3356.3322+15110.054</Point>
      <Point Name="INTL6">-3356.4045+15109.7726</Point>
      <Point Name="A">-3104.9706+15051.0152</Point>
      <Point Name="A1">-3105.0523+15051.0147</Point>
      <Point Name="A2">-3105.1023+15051.0756</Point>
      <Point Name="B">-3105.1006+15051.1782</Point>
      <Point Name="B">-3104.8747+15050.8029</Point>
      <Point Name="B">-3104.7887+15050.6947</Point>
      <Point Name="B">-3104.6113+15050.4748</Point>
      <Point Name="C">-3104.7091+15050.6717</Point>
      <Point Name="D">-3105.1842+15050.8126</Point>
      <Point Name="D">-3104.9721+15050.8688</Point>
      <Point Name="F">-3105.2711+15050.7604</Point>
      <Point Name="G">-3105.1396+15050.7906</Point>
      <Point Name="G">-3105.0344+15050.8264</Point>
      <Point Name="G1">-3105.0977+15050.8143</Point>
      <Point Name="H">-3105.1835+15050.7371</Point>
      <Point Name="J">-3105.2395+15050.6536</Point>
      <Point Name="J">-3105.1385+15050.4512</Point>
      <Point Name="J">-3105.0152+15050.2968</Point>
      <Point Name="J">-3104.8717+15050.1172</Point>
      <Point Name="J">-3104.8485+15050.0072</Point>
      <Point Name="K">-3105.2663+15050.6749</Point>
      <Point Name="K">-3105.1403+15050.4124</Point>
      <Point Name="L">-3105.2571+15050.5138</Point>
      <Point Name="L">-3105.2277+15050.5465</Point>
      <Point Name="L">-3105.2002+15050.5531</Point>
      <Point Name="M">-3105.1067+15050.3414</Point>
      <Point Name="N">-3104.9972+15050.2028</Point>
      <Point Name="A">-3248.0142+15150.6261</Point>
      <Point Name="A">-3247.6941+15150.1795</Point>
      <Point Name="A">-3247.3558+15149.707</Point>
      <Point Name="A1">-3248.2482+15150.8899</Point>
      <Point Name="A2">-3248.1318+15150.7208</Point>
      <Point Name="A3">-3247.5+15149.8291</Point>
      <Point Name="A4">-3247.2901+15149.5389</Point>
      <Point Name="A5">-3247.2009+15149.3917</Point>
      <Point Name="B">-3247.8804+15150.3722</Point>
      <Point Name="B">-3247.8417+15150.4367</Point>
      <Point Name="B">-3247.7246+15150.6284</Point>
      <Point Name="B1">-3247.8284+15150.5004</Point>
      <Point Name="B2">-3247.7718+15150.5938</Point>
      <Point Name="B3">-3247.718+15150.6877</Point>
      <Point Name="B4">-3247.7699+15150.5041</Point>
      <Point Name="B5">-3247.7029+15150.6333</Point>
      <Point Name="C1">-3248.1653+15150.8928</Point>
      <Point Name="C2">-3248.1023+15150.8028</Point>
      <Point Name="C3">-3247.9341+15150.5557</Point>
      <Point Name="C4">-3247.8713+15150.4882</Point>
      <Point Name="C5">-3247.5473+15150.0056</Point>
      <Point Name="C6">-3247.4828+15149.9156</Point>
      <Point Name="C7">-3247.2185+15149.5564</Point>
      <Point Name="D">-3247.7349+15150.2961</Point>
      <Point Name="D">-3247.6984+15150.308</Point>
      <Point Name="D">-3247.5712+15150.5637</Point>
      <Point Name="D1">-3247.6821+15150.4285</Point>
      <Point Name="D2">-3247.6561+15150.4725</Point>
      <Point Name="E">-3247.5539+15150.6799</Point>
      <Point Name="E1">-3247.6376+15150.7281</Point>
      <Point Name="E2">-3247.6191+15150.7107</Point>
      <Point Name="E3">-3247.6418+15150.778</Point>
      <Point Name="E4">-3247.6104+15150.7504</Point>
      <Point Name="F">-3247.6884+15150.5596</Point>
      <Point Name="G">-3248.199+15150.2654</Point>
      <Point Name="H">-3248.0282+15150.2991</Point>
      <Point Name="J">-3248.238+15150.6181</Point>
      <Point Name="K">-3247.5257+15150.2173</Point>
      <Point Name="K1">-3247.5561+15150.1612</Point>
      <Point Name="L">-3247.5082+15150.187</Point>
      <Point Name="M">-3247.0409+15149.4799</Point>
      <Point Name="M1">-3247.1428+15149.4792</Point>
      <Point Name="M2">-3247.1225+15149.501</Point>
      <Point Name="N">-3246.971+15149.4503</Point>
      <Point Name="N">-3246.8849+15149.566</Point>
      <Point Name="Civil Term">-3248.2915+15150.4033</Point>
      <Point Name="FRA">-3247.4976+15149.9776</Point>
    </Label>
  </Map>
</Maps>