<?xml version="1.0" encoding="utf-8"?>
<Maps>
    <Map Type="Ground_INF" Name="BAY_NUMBERS" Priority="0" Center="-2380.8+13390.1">
        <Label HasLeader="false" Alignment="Center" VerticalAlignment="Middle">
            <!--ADELAIDE (YPAD)-->
            <!--APRON CHART - TERMINAL ONE PAGE 1 | 23-May-2019 (Am 159)-->
            <Point Name="1">-345615.86+1383232.96</Point>
            <Point Name="2">-345614.66+1383233.22</Point>
            <Point Name="2A">-345614.40+1383233.56</Point>
            <Point Name="3">-345615.71+1383234.30</Point>
            <Point Name="3A">-345615.49+1383234.66</Point>
            <Point Name="4">-345616.98+1383232.45</Point>
            <Point Name="4A">-345616.82+1383232.69</Point>
            <Point Name="10A">-345612.16+1383228.60</Point>
            <Point Name="10B">-345614.01+1383228.10</Point>
            <Point Name="10C">-345613.60+1383229.52</Point>
            <Point Name="10D">-345613.96+1383230.43</Point>
            <Point Name="12L">-345614.86+1383227.34</Point>
            <Point Name="13">-345615.77+1383226.02</Point>
            <Point Name="14L">-345616.67+1383224.70</Point>
            <Point Name="15">-345617.57+1383223.39</Point>
            <Point Name="16L">-345618.50+1383222.07</Point>
            <Point Name="16R">-345617.55+1383222.08</Point>
            <Point Name="17">-345619.38+1383220.76</Point>
            <Point Name="18L">-345620.25+1383219.49</Point>
            <Point Name="18R">-345619.31+1383219.61</Point>
            <Point Name="19">-345621.16+1383218.17</Point>
            <Point Name="20L">-345622.06+1383216.85</Point>
            <Point Name="20R">-345621.04+1383217.10</Point>
            <Point Name="21">-345622.97+1383215.54</Point>
            <Point Name="22L">-345623.96+1383214.10</Point>
            <Point Name="22R">-345622.93+1383214.35</Point>
            <Point Name="23">-345624.86+1383212.79</Point>
            <Point Name="24L">-345625.77+1383211.47</Point>
            <Point Name="25">-345626.67+1383210.15</Point>
            <Point Name="26L">-345627.57+1383208.84</Point>
            <Point Name="27">-345628.48+1383207.52</Point>
            <Point Name="28L">-345629.39+1383206.19</Point>
            <Point Name="28R">-345628.43+1383206.34</Point>
            <Point Name="29">-345630.30+1383204.87</Point>
            <!--APRON CHART - TERMINAL ONE PAGE 2 | 24-Mar-2022 (Am 170)-->
            <Point Name="50A">-345622.91+1383209.77</Point>
            <Point Name="50B">-345623.75+1383208.50</Point>
            <Point Name="50C">-345624.55+1383207.31</Point>
            <Point Name="50D">-345625.58+1383206.38</Point>
            <Point Name="50E">-345626.31+1383205.77</Point>
            <Point Name="50F">-345627.95+1383203.77</Point>
            <Point Name="50G">-345628.52+1383203.00</Point>
            <!--APRON CHART - TERMINAL TWO | 23-May-2019 (Am 159)-->
            <Point Name="80">-345630.88+1383149.07</Point>
            <Point Name="81">-345630.04+1383148.46</Point>
            <Point Name="82">-345628.65+1383149.17</Point>
            <Point Name="83">-345629.04+1383148.41</Point>
            <Point Name="84">-345627.94+1383148.62</Point>
            <Point Name="85">-345626.58+1383148.69</Point>
            <Point Name="86">-345625.24+1383147.50</Point>
            <Point Name="87">-345623.13+1383149.17</Point>
            <Point Name="88">-345624.36+1383149.19</Point>
            <Point Name="101">-345618.43+1383159.50</Point>

            <!--ALICE SPRINGS (YBAS)-->
            <!--APRON CHART | 24-Mar-2022 (Am 170)-->
            <Point Name="2">-234814.06+1335412.59</Point>
            <Point Name="3">-234813.03+1335410.66</Point>
            <Point Name="4">-234812.00+1335408.74</Point>
            <Point Name="5">-234810.96+1335406.82</Point>
            <Point Name="6">-234809.93+1335404.90</Point>
            <Point Name="7">-234808.90+1335402.97</Point>
            <Point Name="8">-234808.05+1335401.40</Point>
            <Point Name="9">-234808.04+1335359.12</Point>
            <Point Name="10">-234814.66+1335417.89</Point>
            <Point Name="10C">-234815.73+1335416.55</Point>
            <Point Name="10D">-234816.26+1335417.56</Point>
            <Point Name="22">-234814.37+1335412.24</Point>
            <Point Name="26">-234810.48+1335403.35</Point>
            <Point Name="28">-234809.26+1335401.08</Point>

            <!--AVALON (YMAV)-->
            <!--APRON CHART | 2-Dec-2021 (Am 169)-->
            <Point Name="1">-380137.31+1442819.78</Point>
            <Point Name="2">-380137.51+1442821.65</Point>
            <Point Name="3">-380137.70+1442823.44</Point>
            <Point Name="4">-380137.92+1442825.48</Point>
            <Point Name="5">-380138.24+1442827.26</Point>
            <Point Name="6">-380138.16+1442829.78</Point>
            <Point Name="E1">-380146.27+1442830.53</Point>
            <Point Name="E2">-380147.10+1442830.37</Point>

            <!--BRISBANE (YBBN)-->
            <!--APRON CHART - DOMESTIC PAGE 2 | 24-Mar-2022 (Am 170)-->
            <Point Name="1A">-272252.73+1530721.17</Point>
            <Point Name="1B">-272252.35+1530719.90</Point>
            <Point Name="1C">-272251.59+1530718.54</Point>
            <Point Name="1D">-272251.70+1530716.97</Point>
            <Point Name="3">-272252.59+1530715.59</Point>
            <Point Name="4">-272253.99+1530716.46</Point>
            <Point Name="5">-272257.83+1530715.34</Point>
            <Point Name="5A">-272257.57+1530716.17</Point>
            <Point Name="5B">-272256.36+1530716.86</Point>
            <Point Name="6">-272258.36+1530716.79</Point>
            <Point Name="15">-272254.04+1530725.74</Point>
            <Point Name="15A">-272253.37+1530724.50</Point>
            <Point Name="15B">-272252.57+1530723.18</Point>
            <Point Name="15C">-272253.81+1530725.76</Point>
            <Point Name="16">-272257.10+1530718.42</Point>
            <Point Name="17">-272256.90+1530719.86</Point>
            <Point Name="18">-272257.52+1530721.00</Point>
            <Point Name="19">-272258.50+1530721.72</Point>
            <Point Name="20">-272259.67+1530721.80</Point>
            <Point Name="21">-272300.84+1530721.04</Point>
            <Point Name="22">-272301.70+1530716.58</Point>
            <Point Name="22B">-272301.28+1530718.96</Point>
            <Point Name="23">-272303.50+1530716.74</Point>
            <Point Name="24">-272304.81+1530716.28</Point>
            <Point Name="25">-272307.06+1530716.10</Point>
            <Point Name="25B">-272307.85+1530717.94</Point>
            <Point Name="26">-272308.19+1530720.22</Point>
            <Point Name="26A">-272308.34+1530720.22</Point>
            <Point Name="27">-272308.74+1530721.65</Point>
            <Point Name="28">-272309.92+1530720.94</Point>
            <Point Name="29">-272311.09+1530720.28</Point>
            <Point Name="30">-272312.25+1530719.70</Point>
            <Point Name="31">-272313.46+1530718.93</Point>
            <Point Name="32">-272312.59+1530717.82</Point>
            <Point Name="38">-272309.98+1530714.47</Point>
            <Point Name="38B">-272311.27+1530716.21</Point>
            <Point Name="39">-272311.38+1530713.17</Point>
            <Point Name="40">-272312.62+1530711.55</Point>
            <Point Name="40A">-272312.53+1530712.09</Point>
            <Point Name="40B">-272313.42+1530711.57</Point>
            <Point Name="41">-272313.49+1530709.87</Point>
            <Point Name="41B">-272315.81+1530710.70</Point>
            <Point Name="43">-272316.98+1530711.78</Point>
            <Point Name="44">-272318.07+1530711.40</Point>
            <Point Name="44A">-272318.19+1530711.76</Point>
            <Point Name="44B">-272319.20+1530711.44</Point>
            <Point Name="45A">-272319.69+1530710.42</Point>
            <Point Name="46">-272319.20+1530709.09</Point>
            <Point Name="47">-272318.82+1530707.84</Point>
            <Point Name="48">-272317.96+1530706.94</Point>
            <Point Name="49">-272316.45+1530707.28</Point>
            <Point Name="50">-272314.54+1530706.80</Point>
            <Point Name="50A">-272314.48+1530706.21</Point>
            <Point Name="53">-272319.25+1530702.42</Point>
            <Point Name="54">-272320.48+1530701.71</Point>
            <Point Name="55">-272321.71+1530701.01</Point>
            <Point Name="56">-272322.94+1530700.31</Point>
            <Point Name="57">-272324.17+1530659.60</Point>
            <Point Name="57B">-272324.87+1530702.05</Point>
            <Point Name="60">-272324.44+1530704.96</Point>
            <Point Name="61">-272325.07+1530706.34</Point>
            <Point Name="62">-272325.69+1530707.72</Point>
            <Point Name="63">-272326.32+1530709.10</Point>
            <Point Name="63A">-272325.05+1530709.48</Point>
            <Point Name="64">-272326.95+1530710.47</Point>
            <Point Name="64A">-272325.92+1530711.39</Point>
            <Point Name="100">-272252.92+1530727.71</Point>
            <Point Name="100B">-272252.07+1530724.61</Point>
            <Point Name="101">-272251.59+1530728.47</Point>
            <Point Name="102">-272250.26+1530729.23</Point>
            <Point Name="103">-272248.93+1530729.99</Point>
            <Point Name="108">-272249.49+1530731.22</Point>
            <Point Name="109">-272250.82+1530730.45</Point>
            <Point Name="110">-272252.15+1530729.69</Point>
            <Point Name="111">-272253.49+1530728.93</Point>
            <!--APRON CHART - INTERNATIONAL PAGE 2 | 27-Feb-2020 (Am 162)-->
            <Point Name="69">-272357.54+1530644.65</Point>
            <Point Name="69A">-272357.33+1530644.07</Point>
            <Point Name="70">-272355.32+1530645.78</Point>
            <Point Name="70A">-272355.71+1530645.69</Point>
            <Point Name="70B">-272354.63+1530645.16</Point>
            <Point Name="71">-272353.75+1530646.63</Point>
            <Point Name="71A">-272353.46+1530646.09</Point>
            <Point Name="71B">-272352.63+1530647.15</Point>
            <Point Name="72">-272355.07+1530649.14</Point>
            <Point Name="72A">-272354.69+1530649.27</Point>
            <Point Name="72B">-272355.10+1530650.78</Point>
            <Point Name="73">-272356.46+1530650.79</Point>
            <Point Name="73A">-272356.33+1530651.02</Point>
            <Point Name="73B">-272357.56+1530651.60</Point>
            <Point Name="74">-272358.91+1530649.60</Point>
            <Point Name="74A">-272358.69+1530649.74</Point>
            <Point Name="74B">-272359.95+1530650.30</Point>
            <Point Name="75">-272401.48+1530648.03</Point>
            <Point Name="75A">-272401.27+1530648.11</Point>
            <Point Name="75B">-272402.62+1530648.78</Point>
            <Point Name="76">-272403.55+1530646.10</Point>
            <Point Name="76A">-272403.41+1530646.40</Point>
            <Point Name="76B">-272404.66+1530646.53</Point>
            <Point Name="77">-272405.69+1530643.66</Point>
            <Point Name="78">-272407.86+1530642.40</Point>
            <Point Name="79">-272410.02+1530641.16</Point>
            <Point Name="80">-272412.20+1530639.92</Point>
            <Point Name="81">-272414.38+1530638.70</Point>
            <Point Name="82">-272416.53+1530637.43</Point>
            <Point Name="83">-272418.46+1530636.21</Point>
            <Point Name="84">-272419.94+1530634.62</Point>
            <Point Name="85">-272421.17+1530632.43</Point>
            <Point Name="86">-272422.42+1530630.09</Point>
            <Point Name="86B">-272423.49+1530628.95</Point>
            <Point Name="87">-272423.73+1530627.66</Point>
            <Point Name="87B">-272423.91+1530627.31</Point>
            <!--APRON CHART - LOGISTICS - PAGE 2 | 8-Sep-2022 (Am 172)-->
            <Point Name="L1">-272504.44+1530603.29</Point>
            <Point Name="L1A">-272505.64+1530601.77</Point>
            <Point Name="L1B">-272502.19+1530606.29</Point>
            <Point Name="L3A">-272506.90+1530600.58</Point>
            <Point Name="L3B">-272506.13+1530559.30</Point>
            <Point Name="L3">-272507.10+1530600.34</Point>
            <Point Name="L4">-272508.59+1530558.60</Point>
            <Point Name="L5">-272510.29+1530556.61</Point>
            <Point Name="L6">-272512.04+1530554.55</Point>
            <Point Name="P1">-272449.63+1530550.44</Point>
            <Point Name="P2">-272451.03+1530548.75</Point>
            <Point Name="P3">-272452.30+1530547.23</Point>
            <Point Name="P4">-272451.75+1530546.44</Point>
            <Point Name="P4A">-272450.74+1530547.62</Point>
            <Point Name="P4B">-272449.73+1530548.80</Point>
            <Point Name="P4C">-272448.72+1530549.98</Point>
            <Point Name="P5">-272439.51+1530615.81</Point>
            <Point Name="P6">-272440.76+1530614.35</Point>
            <Point Name="P7">-272456.63+1530553.01</Point>
            <Point Name="P7B">-272457.50+1530551.99</Point>
            <Point Name="P8">-272446.94+1530553.55</Point>
            <Point Name="P9">-272445.46+1530555.27</Point>
            <Point Name="P10">-272443.99+1530557.00</Point>
            <Point Name="P11">-272442.52+1530558.72</Point>
            <Point Name="P12">-272441.04+1530600.45</Point>
            <Point Name="P13">-272439.57+1530602.18</Point>
            <Point Name="P14">-272438.10+1530603.90</Point>
            <Point Name="P15">-272436.62+1530605.63</Point>
            <Point Name="P16">-272435.15+1530607.35</Point>
            <Point Name="P16A">-272435.76+1530606.19</Point>
            <Point Name="P17">-272433.42+1530609.39</Point>
            <Point Name="P18">-272436.83+1530613.03</Point>
            <!--APRON CHART - NORTH REMOTE APRON | 15-Jun-2023 (Am 175)-->
            <Point Name="R1">-272148.94+1530747.61</Point>
            <Point Name="R2">-272147.91+1530746.83</Point>
            <Point Name="R3">-272146.33+1530745.61</Point>
            <Point Name="R4">-272145.31+1530744.82</Point>
            <Point Name="R5">-272143.95+1530743.90</Point>
            <!--APRON CHART - GENERAL AVIATION | 16-Jun-2022 (Am 171)-->
            <Point Name="G2">-272229.17+1530733.71</Point>
            <Point Name="G3">-272228.20+1530734.27</Point>
            <Point Name="G4">-272227.26+1530734.97</Point>
            <Point Name="G5">-272226.24+1530735.56</Point>
            <Point Name="G6">-272225.21+1530736.15</Point>
            <Point Name="G7">-272223.77+1530732.48</Point>
            <Point Name="G8">-272223.24+1530731.33</Point>
            <Point Name="G9">-272222.72+1530730.18</Point>
            <Point Name="G10">-272222.19+1530729.03</Point>
            <Point Name="G11">-272221.67+1530727.88</Point>
            <Point Name="G12">-272223.63+1530726.10</Point>
            <Point Name="G13">-272224.44+1530727.89</Point>
            <Point Name="G14">-272225.27+1530730.30</Point>
            <Point Name="G15">-272225.87+1530731.63</Point>
            <Point Name="G16">-272225.75+1530730.86</Point>
            <Point Name="G17">-272224.81+1530728.80</Point>
            <Point Name="G18">-272224.00+1530727.01</Point>
            <Point Name="G19">-272225.76+1530724.85</Point>
            <Point Name="G20">-272226.20+1530725.82</Point>
            <Point Name="G21">-272226.64+1530726.78</Point>
            <Point Name="G22">-272227.08+1530727.74</Point>
            <Point Name="G23">-272227.52+1530728.71</Point>
            <Point Name="G23A">-272227.96+1530729.67</Point>
            <Point Name="G23B">-272228.40+1530730.64</Point>
            <Point Name="G24">-272225.06+1530724.09</Point>
            <Point Name="G25">-272224.65+1530723.13</Point>
            <Point Name="G26">-272224.26+1530723.79</Point>
            <Point Name="G27">-272223.54+1530723.84</Point>
            <Point Name="G28">-272222.84+1530724.22</Point>
            <Point Name="G29">-272222.27+1530724.55</Point>

            <!--BROOME/INTL (YBRM)-->
            <!--APRON CHART - RPT | 9-Sep-2021 (Am 168)-->
            <Point Name="1">-175711.24+1221359.88</Point>
            <Point Name="2">-175709.25+1221359.88</Point>
            <Point Name="3">-175707.85+1221400.36</Point>
            <Point Name="4">-175707.00+1221400.88</Point>
            <Point Name="5">-175707.64+1221404.36</Point>

            <!--CAIRNS/CAIRNS INTL (YBCS)-->
            <!--APRON CHART - GA | 21-May-2020 (Am 163)-->
            <Point Name="1">-165245.89+1454454.37</Point>
            <Point Name="2">-165246.73+1454454.89</Point>
            <Point Name="3">-165247.56+1454455.40</Point>
            <Point Name="4">-165309.77+1454505.37</Point>
            <Point Name="5">-165310.55+1454505.73</Point>
            <Point Name="6">-165311.32+1454506.08</Point>
            <Point Name="7">-165312.09+1454506.43</Point>
            <Point Name="8">-165312.87+1454506.78</Point>
            <Point Name="9">-165315.77+1454506.09</Point>
            <Point Name="10">-165316.55+1454506.44</Point>
            <Point Name="11">-165317.32+1454506.79</Point>
            <Point Name="12">-165318.10+1454507.14</Point>
            <Point Name="13">-165319.61+1454507.73</Point>
            <Point Name="14">-165320.25+1454509.63</Point>
            <!--APRON CHART - DOMESTIC | 21-May-2020 (Am 163)-->
            <Point Name="10">-165225.63+1454504.81</Point>
            <Point Name="10A">-165225.05+1454504.54</Point>
            <Point Name="10B">-165225.81+1454503.87</Point>
            <Point Name="11">-165226.59+1454504.93</Point>
            <Point Name="11A">-165227.01+1454503.94</Point>
            <Point Name="12">-165227.80+1454505.47</Point>
            <Point Name="12A">-165227.80+1454505.47</Point>
            <Point Name="13">-165229.01+1454506.03</Point>
            <Point Name="13A">-165229.42+1454505.03</Point>
            <Point Name="14">-165230.18+1454506.66</Point>
            <Point Name="14A">-165230.63+1454505.57</Point>
            <Point Name="15">-165231.38+1454507.22</Point>
            <Point Name="15A">-165231.81+1454506.11</Point>
            <Point Name="16">-165232.80+1454507.92</Point>
            <Point Name="17">-165234.00+1454508.50</Point>
            <Point Name="18">-165235.78+1454509.21</Point>
            <Point Name="18A">-165235.86+1454509.00</Point>
            <Point Name="19">-165237.85+1454510.15</Point>
            <Point Name="19A">-165237.95+1454509.91</Point>
            <Point Name="20">-165237.95+1454509.91</Point>
            <Point Name="20A">-165240.01+1454510.88</Point>
            <Point Name="21">-165241.64+1454511.65</Point>
            <Point Name="21A">-165241.70+1454511.49</Point>
            <Point Name="22">-165242.76+1454512.39</Point>
            <Point Name="22A">-165242.83+1454512.24</Point>
            <Point Name="23">-165244.31+1454513.19</Point>
            <!--APRON CHART - INTERNATIONAL | 24-Mar-2022 (Am 170)-->
            <Point Name="1">-165217.90+1454523.66</Point>
            <Point Name="1A">-165217.30+1454523.00</Point>
            <Point Name="1B">-165216.88+1454523.23</Point>
            <Point Name="1C">-165217.75+1454525.54</Point>
            <Point Name="1D">-165216.80+1454526.83</Point>
            <Point Name="1E">-165215.73+1454526.25</Point>
            <Point Name="2">-165219.08+1454521.51</Point>
            <Point Name="2B">-165218.08+1454521.09</Point>
            <Point Name="3">-165220.01+1454519.28</Point>
            <Point Name="3B">-165219.01+1454518.86</Point>
            <Point Name="4">-165220.95+1454517.05</Point>
            <Point Name="4B">-165219.94+1454516.63</Point>
            <Point Name="5">-165221.94+1454514.69</Point>
            <Point Name="5B">-165220.94+1454514.26</Point>
            <Point Name="6">-165222.88+1454512.45</Point>
            <Point Name="6B">-165221.88+1454512.00</Point>
            <Point Name="7">-165223.99+1454510.25</Point>
            <Point Name="7B">-165223.18+1454509.92</Point>
            <Point Name="8">-165224.69+1454508.13</Point>
            <Point Name="8B">-165223.16+1454507.38</Point>
            <Point Name="9">-165225.35+1454506.24</Point>
            <Point Name="HELI TRAINING">-165209.76+1454525.91</Point>

            <!--CANBERRA (YSCB)-->
            <!--APRON CHART - RPT - PAGE 2 | 27-Feb-2020 (Am 162)-->
            <Point Name="2">-351819.33+1491117.87</Point>
            <Point Name="2A">-351818.64+1491118.47</Point>
            <Point Name="2B">-351818.10+1491119.03</Point>
            <Point Name="3">-351820.23+1491119.19</Point>
            <Point Name="3A">-351819.59+1491120.14</Point>
            <Point Name="3B">-351819.05+1491120.70</Point>
            <Point Name="4">-351821.15+1491120.82</Point>
            <Point Name="4A">-351820.97+1491121.21</Point>
            <Point Name="4B">-351820.38+1491121.54</Point>
            <Point Name="4C">-351819.68+1491121.72</Point>
            <Point Name="4D">-351821.09+1491120.45</Point>
            <Point Name="5">-351821.66+1491122.63</Point>
            <Point Name="5A">-351821.96+1491122.10</Point>
            <Point Name="6">-351822.75+1491124.57</Point>
            <Point Name="6A">-351822.34+1491125.05</Point>
            <Point Name="7">-351823.63+1491125.94</Point>
            <Point Name="7A">-351823.34+1491126.65</Point>
            <Point Name="8">-351824.68+1491127.12</Point>
            <Point Name="8A">-351824.38+1491127.84</Point>
            <Point Name="8B">-351823.72+1491127.80</Point>
            <Point Name="9">-351825.93+1491128.00</Point>
            <Point Name="10">-351827.30+1491128.60</Point>
            <Point Name="11">-351828.71+1491128.83</Point>
            <Point Name="12">-351830.26+1491128.41</Point>
            <Point Name="13">-351831.65+1491127.85</Point>
            <Point Name="13A">-351831.88+1491127.94</Point>
            <Point Name="14">-351833.20+1491127.69</Point>
            <Point Name="14A">-351833.68+1491127.76</Point>
            <Point Name="14B">-351833.50+1491128.78</Point>
            <Point Name="14C">-351833.50+1491129.64</Point>
            <Point Name="15">-351834.77+1491127.81</Point>
            <!--APRON CHART - GENERAL AVIATION (HARDSTAND) | 23-May-2019 (Am 159)-->
            <Point Name="51">-351815.26+1491116.14</Point>
            <Point Name="52">-351816.08+1491115.10</Point>
            <Point Name="53">-351814.66+1491113.34</Point>
            <Point Name="54">-351813.99+1491114.01</Point>
            <Point Name="55">-351813.70+1491111.62</Point>
            <Point Name="56">-351813.19+1491112.14</Point>
            <Point Name="57">-351812.67+1491112.66</Point>
            <Point Name="58">-351812.64+1491109.74</Point>
            <Point Name="59">-351812.10+1491110.30</Point>
            <Point Name="60">-351811.59+1491110.81</Point>
            <!--APRON CHART - FAIRBAIRN AND 34 SQN | 23-May-2019 (Am 159)-->
            <Point Name="21">-351805.41+1491147.90</Point>
            <Point Name="22">-351806.45+1491148.91</Point>
            <Point Name="23">-351808.01+1491148.01</Point>
            <Point Name="24">-351807.57+1491149.67</Point>
            <Point Name="25">-351806.92+1491150.15</Point>
            <Point Name="26">-351808.38+1491151.02</Point>
            <Point Name="27">-351808.55+1491152.90</Point>
            <Point Name="27A">-351809.17+1491152.34</Point>
            <Point Name="28">-351810.00+1491153.74</Point>
            <Point Name="29">-351809.31+1491152.62</Point>
            <Point Name="30">-351809.94+1491155.22</Point>
            <Point Name="31">-351810.19+1491155.71</Point>

            <!--COFFS HARBOUR (YCFS)-->
            <!--APRON CHART - RPT | 9-Sep-2021 (Am 168)-->
            <Point Name="1">-301925.95+1530655.67</Point>
            <Point Name="2">-301924.42+1530657.18</Point>
            <Point Name="3">-301922.89+1530658.68</Point>
            <Point Name="4">-301921.36+1530700.19</Point>
            <Point Name="5">-301919.79+1530701.65</Point>

            <!--DARWIN (YPDN)-->
            <!--APRON CHART | 24-Mar-2022 (Am 170)-->
            <Point Name="1">-122429.85+1305234.59</Point>
            <Point Name="1E">-122430.34+1305234.46</Point>
            <Point Name="1W">-122430.26+1305233.44</Point>
            <Point Name="1WA">-122430.60+1305232.88</Point>
            <Point Name="2">-122430.88+1305236.77</Point>
            <Point Name="3">-122431.58+1305238.75</Point>
            <Point Name="3A">-122432.24+1305238.67</Point>
            <Point Name="4">-122432.16+1305240.48</Point>
            <Point Name="4A">-122432.82+1305240.25</Point>
            <Point Name="5">-122432.61+1305242.02</Point>
            <Point Name="5A">-122433.15+1305241.85</Point>
            <Point Name="6">-122432.96+1305243.41</Point>
            <Point Name="6A">-122433.32+1305243.12</Point>
            <Point Name="7">-122433.35+1305244.77</Point>
            <Point Name="7A">-122433.78+1305244.49</Point>
            <Point Name="8">-122433.79+1305246.00</Point>
            <Point Name="9">-122434.24+1305247.35</Point>
            <Point Name="10">-122434.70+1305248.69</Point>
            <Point Name="11">-122435.19+1305249.96</Point>
            <Point Name="11A">-122434.62+1305249.35</Point>
            <Point Name="12">-122435.52+1305251.06</Point>
            <Point Name="21">-122429.27+1305232.40</Point>
            <Point Name="21A">-122429.89+1305232.15</Point>
            <Point Name="22">-122428.42+1305231.42</Point>
            <Point Name="23">-122427.08+1305231.12</Point>
            <!--Gate 23A adjusted as incorrect in DAP-->
            <Point Name="23A">-122426.80+1305230.60</Point>
            <Point Name="24">-122425.67+1305231.10</Point>
            <Point Name="24A">-122425.47+1305230.55</Point>
            <Point Name="25">-122424.26+1305231.10</Point>
            <Point Name="25A">-122424.00+1305230.54</Point>
            <Point Name="H1">-122430.97+1305234.20</Point>
            <Point Name="H2">-122431.68+1305236.32</Point>
            <Point Name="H21">-122429.72+1305231.58</Point>

            <!--GOLD COAST (YBCG)-->
            <!--APRON CHART - PAGE 2 | 24-Mar-2022 (Am 170)-->
            <Point Name="1L">-280951.45+1533042.57</Point>
            <Point Name="1">-280952.03+1533041.13</Point>
            <Point Name="1R">-280952.17+1533041.13</Point>
            <Point Name="2">-280953.16+1533039.53</Point>
            <Point Name="3L">-280953.72+1533038.45</Point>
            <Point Name="3">-280953.99+1533038.95</Point>
            <Point Name="3R">-280954.75+1533038.45</Point>
            <Point Name="4L">-280955.87+1533038.97</Point>
            <Point Name="4">-280956.25+1533040.46</Point>
            <Point Name="4R">-280956.68+1533040.65</Point>
            <Point Name="5L">-280958.36+1533040.56</Point>
            <Point Name="5">-280958.74+1533042.04</Point>
            <Point Name="5R">-280959.17+1533042.23</Point>
            <Point Name="6L">-281000.85+1533042.14</Point>
            <Point Name="6">-281001.23+1533043.62</Point>
            <Point Name="6R">-281001.66+1533043.82</Point>
            <Point Name="7L">-281003.34+1533043.73</Point>
            <Point Name="7">-281003.75+1533045.16</Point>
            <Point Name="7R">-281004.15+1533045.40</Point>
            <Point Name="8L">-281005.83+1533045.31</Point>
            <Point Name="8">-281006.14+1533046.75</Point>
            <Point Name="8R">-281006.64+1533046.99</Point>
            <Point Name="9L">-281008.68+1533047.12</Point>
            <Point Name="9">-281009.04+1533048.60</Point>
            <Point Name="9R">-281009.75+1533048.23</Point>
            <Point Name="10L">-281011.16+1533048.70</Point>
            <Point Name="10">-281011.52+1533050.17</Point>
            <Point Name="10R">-281011.96+1533050.37</Point>
            <Point Name="30L">-280948.40+1533034.82</Point>
            <Point Name="30">-280947.79+1533035.35</Point>
            <Point Name="30R">-280947.75+1533036.11</Point>
            <Point Name="G1">-280940.53+1533030.86</Point>

            <!--HOBART (YMHB)-->
            <!--APRON CHART | 8-Sep-2022 (Am 172)-->
            <Point Name="2">-425009.85+1473017.50</Point>
            <Point Name="3">-425010.81+1473019.13</Point>
            <Point Name="4">-425011.81+1473020.63</Point>
            <Point Name="5">-425012.87+1473022.07</Point>
            <Point Name="6">-425013.93+1473023.49</Point>
            <Point Name="7">-425015.05+1473024.61</Point>
            <Point Name="8">-425015.93+1473025.26</Point>
            <Point Name="9">-425021.54+1473026.48</Point>
            <Point Name="10">-425021.50+1473026.31</Point>
            <Point Name="11">-425023.31+1473024.01</Point>
            <Point Name="12">-425024.81+1473023.84</Point>
            <Point Name="13">-425024.30+1473023.16</Point>
            <Point Name="21">-425007.33+1473017.72</Point>
            <Point Name="22">-425008.62+1473016.36</Point>
            <Point Name="31">-425020.22+1473034.10</Point>
            <Point Name="32">-425021.38+1473035.69</Point>

            <!--KARRATHA (YPKA)-->
            <!--APRON CHART | 24-Mar-2022 (Am 170)-->
            <Point Name="1">-204233.75+1164614.89</Point>
            <Point Name="2">-204233.97+1164612.83</Point>
            <Point Name="3">-204234.09+1164610.68</Point>
            <Point Name="4">-204234.31+1164608.67</Point>
            <Point Name="5">-204237.35+1164610.60</Point>
            <Point Name="5A">-204237.61+1164611.33</Point>
            <Point Name="6">-204237.57+1164608.47</Point>
            <Point Name="6A">-204237.89+1164609.15</Point>
            <Point Name="7">-204238.13+1164609.57</Point>
            <Point Name="8">-204235.49+1164616.18</Point>
            <Point Name="15">-204234.34+1164616.52</Point>
            <Point Name="15A">-204234.59+1164616.84</Point>
            <Point Name="16">-204233.28+1164616.40</Point>
            <Point Name="16A">-204233.52+1164616.71</Point>
            <Point Name="17">-204232.18+1164616.27</Point>
            <Point Name="17A">-204232.43+1164616.60</Point>
            <Point Name="18">-204231.89+1164617.72</Point>
            <Point Name="18A">-204231.83+1164618.33</Point>
            <Point Name="19">-204231.70+1164620.39</Point>
            <Point Name="19A">-204231.66+1164620.86</Point>
            <Point Name="20">-204235.78+1164618.32</Point>
            <Point Name="20A">-204235.72+1164618.87</Point>
            
            <!--LAUNCESTON-->
            <!--GoogleEarth\YMLT Parking Coordinates | 27 JUN 23-->
            <Point Name="1">-41.5416632+147.2051955</Point>
            <Point Name="2">-41.5420539+147.2057071</Point>
            <Point Name="3">-41.5425847+147.2061535</Point>
            <Point Name="4">-41.5430984+147.206595</Point>
            <Point Name="5">-41.5436299+147.2070531</Point>
            <Point Name="6">-41.5441508+147.2075122</Point>
            <Point Name="6A">-41.5441408+147.20756</Point>
            <Point Name="7">-41.5481004+147.2100474</Point>
            <Point Name="8">-41.5487294+147.2106253</Point>
            <Point Name="9">-41.5492509+147.2110867</Point>

            <!--MACKAY (YBMK)-->
            <!--APRON CHART - RPT | 17-Jun-2021 (Am 167)-->
            <Point Name="1">-211035.70+1491058.54</Point>
            <Point Name="1A">-211034.69+1491058.63</Point>
            <Point Name="1B">-211035.81+1491100.35</Point>
            <Point Name="1C">-211035.96+1491059.57</Point>
            <Point Name="2">-211034.22+1491057.76</Point>
            <Point Name="3">-211032.43+1491056.56</Point>
            <Point Name="4">-211030.64+1491055.37</Point>
            <Point Name="5">-211028.49+1491055.17</Point>
            <Point Name="5A">-211029.34+1491054.38</Point>
            <Point Name="6">-211028.28+1491054.14</Point>
            <Point Name="6A">-211027.32+1491055.22</Point>
            <Point Name="21">-211030.62+1491040.29</Point>
            <Point Name="21A">-211030.28+1491040.87</Point>
            <Point Name="22">-211031.50+1491038.80</Point>
            <Point Name="22A">-211031.22+1491039.28</Point>
            <Point Name="HELIPAD NORTH">-211023.98+1491051.18</Point>
            <Point Name="HELIPAD SOUTH">-211025.40+1491052.14</Point>

            <!--MELBOURNE (YMML)-->
            <!--APRON CHART PAGE 2 | 8-Sep-2022 (Am 172)-->
            <Point Name="B21">-374004.63+1445109.19</Point>
            <Point Name="B22">-374005.36+1445106.55</Point>
            <Point Name="B23">-374002.38+1445108.78</Point>
            <Point Name="B24">-374003.86+1445106.41</Point>
            <Point Name="B25">-374000.33+1445108.78</Point>
            <Point Name="B25A">-373959.71+1445108.38</Point>
            <Point Name="B26">-374002.31+1445106.21</Point>
            <Point Name="B26A">-374002.43+1445105.95</Point>
            <Point Name="B27">-373958.95+1445108.60</Point>
            <Point Name="B27A">-373958.86+1445108.40</Point>
            <Point Name="B28">-374000.94+1445105.91</Point>
            <Point Name="B30">-373959.54+1445105.64</Point>
            <Point Name="C1">-374005.80+1445100.25</Point>
            <Point Name="C2">-374006.00+1445058.04</Point>
            <Point Name="C3">-374003.56+1445059.75</Point>
            <Point Name="C4">-374004.58+1445057.77</Point>
            <Point Name="C6">-374003.19+1445057.52</Point>
            <Point Name="C7">-374000.97+1445059.37</Point>
            <Point Name="C8">-374001.74+1445057.24</Point>
            <Point Name="C9">-373959.47+1445059.09</Point>
            <Point Name="C10">-374000.35+1445056.97</Point>
            <Point Name="C11">-373958.89+1445057.99</Point>
            <Point Name="C11A">-373958.71+1445058.19</Point>
            <Point Name="C12">-373959.37+1445056.39</Point>
            <Point Name="D2">-374009.84+1445051.06</Point>
            <Point Name="D3">-374006.58+1445050.12</Point>
            <Point Name="D4">-374008.36+1445048.46</Point>
            <Point Name="D4A">-374008.92+1445048.81</Point>
            <Point Name="D5">-374003.94+1445049.37</Point>
            <Point Name="D6">-374008.81+1445045.13</Point>
            <Point Name="D7">-374002.65+1445049.14</Point>
            <Point Name="D8">-374007.98+1445042.69</Point>
            <Point Name="D9">-374003.54+1445047.31</Point>
            <Point Name="D9A">-374002.51+1445048.19</Point>
            <Point Name="D9B">-374003.21+1445046.85</Point>
            <Point Name="D10">-374004.57+1445040.53</Point>
            <Point Name="D11">-374003.94+1445043.71</Point>
            <Point Name="D11A">-374003.06+1445044.52</Point>
            <Point Name="D11B">-374003.49+1445043.62</Point>
            <Point Name="D12">-374009.36+1445038.65</Point>
            <Point Name="D12A">-374009.36+1445039.05</Point>
            <Point Name="D13">-373956.09+1445041.41</Point>
            <Point Name="D13A">-373957.01+1445040.67</Point>
            <Point Name="D13B">-373956.80+1445042.45</Point>
            <Point Name="D14">-374009.84+1445037.97</Point>
            <Point Name="D14A">-374009.97+1445037.52</Point>
            <Point Name="D15">-373955.70+1445044.94</Point>
            <Point Name="D15A">-373956.58+1445044.19</Point>
            <Point Name="D15B">-373956.37+1445045.97</Point>
            <Point Name="D16">-374008.18+1445037.49</Point>
            <Point Name="D16A">-374007.62+1445036.17</Point>
            <Point Name="D16B">-374008.36+1445037.31</Point>
            <Point Name="D17">-373956.22+1445047.66</Point>
            <Point Name="D18">-374005.62+1445037.02</Point>
            <Point Name="D18A">-374004.94+1445035.71</Point>
            <Point Name="D18B">-374005.38+1445036.94</Point>
            <Point Name="D18C">-374005.72+1445036.65</Point>
            <Point Name="D19">-373956.08+1445049.05</Point>
            <Point Name="D20">-374003.30+1445036.58</Point>
            <Point Name="D20A">-374003.18+1445035.82</Point>
            <Point Name="E1">-374014.43+1445050.13</Point>
            <Point Name="E2">-374016.72+1445051.60</Point>
            <Point Name="E3">-374014.62+1445048.34</Point>
            <Point Name="E4">-374015.94+1445050.01</Point>
            <Point Name="E5">-374014.83+1445046.56</Point>
            <Point Name="E6">-374015.93+1445046.77</Point>
            <Point Name="E7">-374015.03+1445044.74</Point>
            <Point Name="E8">-374016.31+1445045.02</Point>
            <Point Name="E8A">-374016.49+1445045.03</Point>
            <Point Name="E9">-374015.15+1445042.95</Point>
            <Point Name="E10">-374016.51+1445043.39</Point>
            <Point Name="F11">-374021.63+1445051.66</Point>
            <Point Name="F12">-374023.71+1445052.72</Point>
            <Point Name="F13">-374021.72+1445049.79</Point>
            <Point Name="F14">-374023.63+1445049.90</Point>
            <Point Name="F15">-374021.88+1445047.84</Point>
            <Point Name="F16">-374024.05+1445048.32</Point>
            <!--APRON CHART PAGE 3 | 8-Sep-2022 (Am 172)-->
            <Point Name="F17">-374022.08+1445046.15</Point>
            <Point Name="F18">-374024.25+1445046.61</Point>
            <Point Name="F19">-374022.28+1445044.46</Point>
            <Point Name="F20">-374024.44+1445044.95</Point>
            <Point Name="F21">-374022.51+1445042.46</Point>
            <Point Name="F21A">-374023.42+1445042.04</Point>
            <Point Name="F22">-374024.71+1445042.18</Point>
            <Point Name="F22A">-374024.75+1445042.75</Point>
            <Point Name="F22B">-374025.49+1445041.62</Point>
            <Point Name="F23">-374022.30+1445040.75</Point>
            <Point Name="F24">-374025.06+1445039.45</Point>
            <Point Name="F24A">-374024.91+1445038.62</Point>
            <Point Name="F24B">-374025.40+1445039.37</Point>
            <Point Name="F25">-374023.27+1445039.49</Point>
            <Point Name="F25A">-374022.31+1445038.42</Point>
            <Point Name="F25B">-374023.17+1445038.95</Point>
            <Point Name="G41">-374030.93+1445054.18</Point>
            <Point Name="G41A">-374031.04+1445053.10</Point>
            <Point Name="G42">-374033.88+1445054.36</Point>
            <Point Name="G43">-374031.44+1445052.57</Point>
            <Point Name="G44">-374034.26+1445052.74</Point>
            <Point Name="G45">-374031.13+1445050.77</Point>
            <Point Name="G45A">-374031.34+1445049.67</Point>
            <Point Name="G46">-374034.17+1445051.03</Point>
            <Point Name="G47">-374031.65+1445049.12</Point>
            <Point Name="G48">-374034.93+1445049.47</Point>
            <Point Name="G49">-374031.17+1445047.05</Point>
            <Point Name="G50">-374035.06+1445048.28</Point>
            <Point Name="G51">-374032.51+1445048.12</Point>
            <Point Name="G52">-374033.86+1445048.37</Point>
            <Point Name="G54">-374038.81+1445041.95</Point>
            <Point Name="G54A">-374037.58+1445042.11</Point>
            <Point Name="G56">-374037.42+1445041.69</Point>
            <Point Name="G57">-374031.97+1445040.48</Point>
            <Point Name="G57A">-374032.60+1445041.16</Point>
            <Point Name="G57B">-374032.87+1445040.64</Point>
            <Point Name="G57C">-374033.22+1445040.26</Point>
            <Point Name="G57D">-374031.83+1445040.63</Point>
            <Point Name="G57E">-374031.36+1445040.33</Point>
            <Point Name="G57F">-374031.61+1445039.30</Point>
            <Point Name="G57G">-374031.11+1445039.21</Point>
            <Point Name="G58">-374035.84+1445041.39</Point>
            <Point Name="G59">-374033.05+1445040.87</Point>
            <Point Name="G60">-374034.44+1445041.13</Point>
            <Point Name="G60A">-374036.28+1445041.85</Point>
            <Point Name="G60B">-374034.43+1445040.54</Point>
            <Point Name="G60C">-374034.16+1445039.90</Point>
            <Point Name="G60D">-374035.63+1445041.46</Point>
            <Point Name="G60E">-374035.19+1445041.37</Point>
            <Point Name="G60F">-374036.19+1445040.10</Point>
            <Point Name="G60G">-374036.27+1445039.47</Point>
            <Point Name="H1">-374041.90+1445055.39</Point>
            <Point Name="H1A">-374041.24+1445055.65</Point>
            <Point Name="H1B">-374040.90+1445053.91</Point>
            <Point Name="H2">-374042.03+1445052.50</Point>
            <Point Name="H2A">-374042.04+1445052.43</Point>
            <Point Name="H3">-374042.09+1445050.58</Point>
            <Point Name="H3A">-374041.15+1445050.21</Point>
            <Point Name="H3B">-374042.33+1445049.55</Point>

            <!--MELBOURNE/ESSENDON (YMEN)-->
            <!--APRON CHART | 8-Sep-2022 (Am 172)-->
            <Point Name="20">-374336.22+1445356.93</Point>
            <Point Name="21">-374337.27+1445355.86</Point>
            <Point Name="22">-374337.03+1445354.38</Point>
            <Point Name="23">-374337.09+1445352.69</Point>
            <Point Name="24">-374338.53+1445352.11</Point>
            <Point Name="25">-374340.22+1445352.40</Point>
            <Point Name="26">-374340.74+1445354.35</Point>
            <Point Name="27">-374340.50+1445355.42</Point>
            <Point Name="28">-374341.28+1445357.34</Point>
            <Point Name="30">-374343.18+1445355.79</Point>
            <Point Name="31">-374343.11+1445354.86</Point>
            <Point Name="32">-374342.98+1445353.97</Point>
            <Point Name="33">-374342.88+1445353.06</Point>
            <Point Name="34">-374342.79+1445352.15</Point>
            <Point Name="35">-374344.50+1445354.52</Point>
            <Point Name="36">-374344.21+1445351.72</Point>

            <!--PERTH (YPPH)-->
            <!--APRON CHART - TERMINAL 1&2 PAGE 2 | 8-Sep-2022 (Am 172)-->
            <Point Name="143">-315630.66+1155817.96</Point>
            <Point Name="144">-315629.88+1155815.90</Point>
            <Point Name="145">-315629.50+1155814.11</Point>
            <Point Name="146">-315629.16+1155812.50</Point>
            <Point Name="147">-315627.97+1155810.27</Point>
            <Point Name="147A">-315628.13+1155810.60</Point>
            <Point Name="147B">-315628.43+1155809.15</Point>
            <Point Name="148">-315625.37+1155810.47</Point>
            <Point Name="148A">-315625.63+1155810.21</Point>
            <Point Name="148B">-315624.55+1155811.11</Point>
            <Point Name="149">-315625.97+1155813.10</Point>
            <Point Name="149A">-315625.90+1155812.78</Point>
            <Point Name="149B">-315625.00+1155814.15</Point>
            <Point Name="150">-315626.64+1155816.10</Point>
            <Point Name="150A">-315626.79+1155815.95</Point>
            <Point Name="150B">-315625.89+1155817.16</Point>
            <Point Name="151">-315627.17+1155820.15</Point>
            <Point Name="151A">-315627.37+1155819.92</Point>
            <Point Name="151B">-315625.94+1155820.60</Point>
            <Point Name="152">-315626.22+1155823.68</Point>
            <Point Name="153">-31.940331+115.973842</Point>
            <Point Name="154">-315624.90+1155828.19</Point>
            <Point Name="155">-315624.77+1155830.58</Point>
            <Point Name="156">-315624.90+1155833.04</Point>
            <Point Name="156A">-315624.26+1155833.08</Point>
            <Point Name="156B">-315624.58+1155834.17</Point>
            <Point Name="160">-315619.04+1155830.28</Point>
            <Point Name="160A">-315619.33+1155829.59</Point>
            <Point Name="160B">-315619.38+1155831.13</Point>
            <Point Name="160C">-315617.50+1155830.26</Point>
            <Point Name="160D">-315617.44+1155828.28</Point>
            <Point Name="160R">-315617.13+1155830.37</Point>
            <Point Name="161">-315619.12+1155827.47</Point>
            <Point Name="161A">-315617.87+1155827.98</Point>
            <Point Name="161R">-315618.55+1155827.50</Point>
            <Point Name="162">-315617.35+1155820.13</Point>
            <Point Name="162A">-315617.76+1155821.15</Point>
            <Point Name="162B">-315618.23+1155819.65</Point>
            <Point Name="163">-315620.42+1155818.12</Point>
            <Point Name="163A">-315619.76+1155818.61</Point>
            <Point Name="163B">-315620.26+1155816.99</Point>
            <!--APRON CHART - TERMINAL 1&2 PAGE 3 | 8-Sep-2022 (Am 172)-->
            <Point Name="201">-315633.70+1155816.14</Point>
            <Point Name="202">-315635.02+1155815.75</Point>
            <Point Name="203">-315636.39+1155815.35</Point>
            <Point Name="204">-315637.77+1155814.96</Point>
            <Point Name="205">-315639.28+1155814.49</Point>
            <Point Name="206">-315640.05+1155810.94</Point>
            <Point Name="207">-315639.71+1155809.34</Point>
            <Point Name="208">-315639.37+1155807.73</Point>
            <Point Name="209">-315639.03+1155806.12</Point>
            <Point Name="210">-315641.01+1155805.55</Point>
            <Point Name="211">-315641.35+1155807.16</Point>
            <Point Name="212">-315641.69+1155808.76</Point>
            <Point Name="213">-315642.03+1155810.37</Point>
            <Point Name="214">-315644.09+1155813.11</Point>
            <Point Name="215">-315645.62+1155812.66</Point>
            <Point Name="216">-315646.99+1155812.27</Point>
            <Point Name="217">-315648.36+1155811.87</Point>
            <Point Name="218">-315649.73+1155811.47</Point>
            <Point Name="219">-315651.10+1155811.07</Point>
            <Point Name="220">-315652.47+1155810.67</Point>
            <Point Name="250">-315633.76+1155807.83</Point>
            <Point Name="250A">-315634.35+1155808.40</Point>
            <Point Name="251">-315634.10+1155809.44</Point>
            <Point Name="252">-315634.44+1155811.04</Point>
            <Point Name="253">-315635.34+1155810.79</Point>
            <Point Name="254">-315635.00+1155809.18</Point>
            <Point Name="255">-315634.66+1155807.57</Point>
            <Point Name="260">-315645.75+1155804.20</Point>
            <Point Name="261">-315646.09+1155805.78</Point>
            <Point Name="262">-315646.43+1155807.37</Point>
            <Point Name="263">-315647.32+1155806.27</Point>
            <Point Name="264">-315646.82+1155803.89</Point>
            <Point Name="265">-315648.69+1155805.87</Point>
            <Point Name="266">-315648.19+1155803.49</Point>
            <Point Name="267">-315649.93+1155806.36</Point>
            <Point Name="268">-315649.60+1155804.77</Point>
            <Point Name="269">-315649.26+1155803.18</Point>
            <Point Name="270">-315654.06+1155802.11</Point>
            <Point Name="270A">-315653.74+1155801.74</Point>
            <Point Name="271">-315654.42+1155803.85</Point>
            <Point Name="271A">-315654.01+1155803.16</Point>
            <Point Name="271B">-315654.29+1155804.36</Point>
            <!--APRON CHART - TERMINAL 3&4 - PAGE 2 | 8-Sep-2022 (Am 172)-->
            <Point Name="7">-315553.68+1155736.59</Point>
            <Point Name="8">-315554.72+1155738.15</Point>
            <Point Name="9">-315555.49+1155739.35</Point>
            <Point Name="10">-315555.86+1155741.02</Point>
            <Point Name="12">-315557.23+1155742.03</Point>
            <Point Name="13">-315558.61+1155742.87</Point>
            <Point Name="13A">-315557.83+1155743.94</Point>
            <Point Name="13B">-315558.63+1155743.09</Point>
            <Point Name="14">-315600.10+1155742.77</Point>
            <Point Name="14A">-315600.11+1155742.72</Point>
            <Point Name="14B">-315600.70+1155743.42</Point>
            <Point Name="14C">-315600.03+1155742.80</Point>
            <Point Name="15">-315601.62+1155742.23</Point>
            <Point Name="15A">-315601.97+1155742.14</Point>
            <Point Name="16">-315603.57+1155741.96</Point>
            <Point Name="16R">-315603.67+1155742.14</Point>
            <Point Name="17">-315604.57+1155740.85</Point>
            <Point Name="17A">-315604.36+1155740.88</Point>
            <Point Name="17R">-315604.67+1155741.05</Point>
            <Point Name="18">-315606.01+1155740.29</Point>
            <Point Name="18A">-315605.89+1155739.75</Point>
            <Point Name="18R">-315606.01+1155740.29</Point>
            <Point Name="19">-315607.08+1155739.18</Point>
            <Point Name="19R">-315607.19+1155739.40</Point>
            <Point Name="20">-315608.71+1155739.21</Point>
            <Point Name="20A">-315608.49+1155739.16</Point>
            <Point Name="20R">-315608.70+1155739.20</Point>
            <Point Name="21">-315610.01+1155738.46</Point>
            <Point Name="22">-315610.72+1155737.52</Point>
            <Point Name="23">-315611.45+1155736.11</Point>
            <Point Name="24">-315612.11+1155735.06</Point>
            <Point Name="901">-315622.15+1155724.58</Point>
            <Point Name="902">-315621.38+1155726.07</Point>
            <Point Name="903">-315620.62+1155727.56</Point>
            <Point Name="904">-315619.79+1155729.02</Point>
            <Point Name="905">-315618.91+1155730.32</Point>
            <Point Name="906">-315618.19+1155731.74</Point>
            <Point Name="907">-315617.31+1155733.16</Point>
            <Point Name="908">-315616.65+1155734.73</Point>
            <Point Name="909">-315615.87+1155736.23</Point>
            <Point Name="910">-315615.10+1155737.73</Point>
            <Point Name="911">-315614.33+1155739.23</Point>
            <Point Name="915">-315611.19+1155746.58</Point>
            <Point Name="916">-315609.06+1155747.19</Point>
            <Point Name="917">-315607.75+1155747.62</Point>
            <Point Name="918">-315606.43+1155748.07</Point>
            <Point Name="SO914">-315612.87+1155745.73</Point>
            <!--APRON CHART - GA NORTHERN | 8-Sep-2022 (Am 172)-->
            <Point Name="NJ1">-315533.02+1155745.60</Point>
            <Point Name="NJ2">-315532.73+1155744.20</Point>
            <Point Name="NJ3">-315532.43+1155742.81</Point>
            <Point Name="NJ4">-315531.92+1155741.48</Point>
            <Point Name="NJ4R">-315532.82+1155741.22</Point>
            <Point Name="NJ5">-315534.33+1155743.10</Point>
            <Point Name="NJ6">-315534.64+1155744.56</Point>
            <Point Name="SA6">-315532.89+1155737.01</Point>
            <Point Name="SA7">-315532.64+1155735.83</Point>
            <Point Name="SA7A">-315532.85+1155735.80</Point>
            <Point Name="SA8">-315532.36+1155734.59</Point>
            <Point Name="SA8A">-315532.60+1155734.62</Point>
            <Point Name="SA9">-315531.95+1155733.77</Point>
            <Point Name="SA9A">-315532.35+1155733.45</Point>
            <Point Name="SA10">-315530.86+1155732.22</Point>
            <Point Name="SA11">-315530.22+1155733.30</Point>
            <Point Name="SA12">-315530.38+1155734.07</Point>
            <Point Name="SA13">-315530.50+1155734.85</Point>
            <Point Name="SA14">-315530.66+1155735.62</Point>
            <Point Name="SA15">-315530.88+1155736.63</Point>
            <Point Name="SA15A">-315530.88+1155736.34</Point>
            <Point Name="SA16">-315531.11+1155737.94</Point>
            <Point Name="SA16A">-315531.14+1155737.37</Point>
            <Point Name="SA17">-315531.37+1155738.97</Point>
            <Point Name="SA18">-315531.57+1155740.08</Point>
            <Point Name="NA1">-315531.13+1155751.34</Point>
            <Point Name="NA2">-315530.07+1155751.83</Point>
            <Point Name="NA6">-315528.71+1155752.20</Point>
            <Point Name="NA7">-315527.58+1155752.03</Point>
            <Point Name="NA8">-315526.60+1155752.59</Point>
            <Point Name="SO3">-315534.11+1155755.46</Point>
            <Point Name="SO4">-315533.06+1155755.77</Point>
            <Point Name="SO5">-315532.00+1155756.08</Point>
            <Point Name="SO6">-315530.94+1155756.38</Point>
            <Point Name="SO7">-315529.89+1155756.69</Point>
            <Point Name="SO8">-315528.83+1155757.00</Point>
            <Point Name="SO9">-315527.78+1155757.30</Point>
            <Point Name="SO10">-315526.72+1155757.61</Point>
            <Point Name="SO11">-315525.67+1155757.92</Point>
            <Point Name="SO12">-315524.61+1155758.22</Point>
            <Point Name="SO13">-315523.55+1155758.53</Point>
            <Point Name="SO14">-315522.50+1155758.84</Point>
            <Point Name="AB1">-315519.95+1155755.91</Point>
            <Point Name="AB2">-315519.81+1155755.25</Point>
            <Point Name="AB3">-315519.64+1155754.14</Point>
            <Point Name="AF1">-315520.54+1155755.83</Point>
            <Point Name="AF2">-315521.35+1155753.69</Point>
            <Point Name="AF3">-315519.94+1155754.08</Point>
            <Point Name="AF4">-315522.54+1155754.65</Point>
            <!--APRON CHART - CENTRAL DOMESTIC AND GA SOUTHERN | 8-Sep-2022 (Am 172)-->
            <Point Name="MAR1">-315540.77+1155721.46</Point>
            <Point Name="MAR1A">-315541.10+1155721.53</Point>
            <Point Name="MAR2">-315540.20+1155722.07</Point>
            <Point Name="MAR3A">-315539.54+1155720.20</Point>
            <Point Name="MAR4">-315539.23+1155721.47</Point>
            <Point Name="MAR5">-315538.10+1155721.89</Point>
            <Point Name="MAR5A">-315538.52+1155722.25</Point>
            <Point Name="MAR6">-315539.41+1155723.78</Point>
            <Point Name="MAR7">-315538.96+1155723.26</Point>
            <Point Name="MAR8">-315538.50+1155722.74</Point>
            <Point Name="501">-315537.97+1155727.87</Point>
            <Point Name="502">-315538.90+1155728.95</Point>
            <Point Name="503">-315539.83+1155730.03</Point>
            <Point Name="504">-315540.76+1155731.11</Point>
            <Point Name="505">-315541.68+1155732.20</Point>
            <Point Name="506">-315542.61+1155733.28</Point>
            <Point Name="507">-315543.54+1155734.36</Point>
            <Point Name="508">-315544.55+1155735.35</Point>
            <Point Name="509">-315546.66+1155736.97</Point>
            <Point Name="510">-315545.30+1155737.37</Point>
            <Point Name="511">-315544.05+1155737.73</Point>
            <Point Name="512">-315542.91+1155738.07</Point>
            <Point Name="601">-315542.02+1155747.87</Point>
            <Point Name="601A">-315541.67+1155746.95</Point>
            <Point Name="601B">-315542.62+1155747.71</Point>
            <Point Name="602">-315544.27+1155747.02</Point>
            <Point Name="602A">-315543.58+1155746.92</Point>
            <Point Name="603">-315545.88+1155746.32</Point>
            <Point Name="603A">-315545.37+1155746.68</Point>
            <Point Name="603B">-315546.59+1155746.53</Point>
            <Point Name="604">-315547.29+1155746.06</Point>
            <Point Name="604A">-315547.17+1155746.43</Point>
            <Point Name="701">-315542.52+1155749.32</Point>
            <Point Name="701A">-315542.23+1155750.04</Point>
            <Point Name="701B">-315543.42+1155749.27</Point>
            <Point Name="702">-315544.65+1155748.70</Point>
            <Point Name="703">-315546.79+1155748.07</Point>
            <Point Name="703A">-315545.97+1155748.53</Point>
            <Point Name="703B">-315547.34+1155748.56</Point>
            <Point Name="PF1">-315548.39+1155732.19</Point>
            <Point Name="PF1A">-315548.63+1155731.37</Point>
            <Point Name="PF1B">-315548.52+1155731.96</Point>
            <Point Name="PF3">-315547.48+1155731.13</Point>
            <Point Name="PF3A">-315548.13+1155730.57</Point>
            <Point Name="PF3B">-315547.67+1155731.11</Point>
            <Point Name="PF4">-315547.03+1155730.60</Point>
            <Point Name="RE1">-315541.38+1155722.18</Point>
            <Point Name="RE2">-315542.37+1155723.32</Point>
            <Point Name="REM1">-315544.48+1155726.08</Point>
            <Point Name="REM1A">-315544.61+1155725.69</Point>
            <Point Name="REM2">-315543.93+1155725.51</Point>

            <!--ROCKHAMPTON (YBRK)-->
            <!--APRON CHART | 17-Jun-2021 (Am 167)-->
            <Point Name="1">-232238.35+1502838.11</Point>
            <Point Name="1A">-232238.04+1502837.79</Point>
            <Point Name="1B">-232238.88+1502838.42</Point>
            <Point Name="1C">-232238.43+1502837.32</Point>
            <Point Name="1D">-232236.70+1502837.40</Point>
            <Point Name="2">-232240.31+1502838.98</Point>
            <Point Name="2A">-232240.71+1502839.23</Point>
            <Point Name="2B">-232240.39+1502838.20</Point>
            <Point Name="3">-232242.26+1502839.86</Point>
            <Point Name="3A">-232242.64+1502840.18</Point>
            <Point Name="3B">-232242.36+1502839.03</Point>
            <Point Name="4">-232244.20+1502840.56</Point>
            <Point Name="5A">-232244.63+1502842.01</Point>
            <Point Name="5B">-232245.73+1502841.97</Point>
            <Point Name="5C">-232246.80+1502843.50</Point>
            <Point Name="5D">-232247.58+1502840.76</Point>
            <Point Name="6">-232245.47+1502841.47</Point>

            <!--SUNSHINE COAST (YBSU)-->
            <!--APRON CHART - PAGE 2 | 25-Mar-2021 (Am 166)-->
            <Point Name="1">-263636.12+1530517.36</Point>
            <Point Name="2">-263634.23+1530517.89</Point>
            <Point Name="3">-263633.81+1530519.06</Point>
            <Point Name="10">-263624.33+1530521.49</Point>
            <Point Name="11">-263623.28+1530520.77</Point>
            <Point Name="12">-263622.72+1530520.84</Point>
            <Point Name="13">-263621.35+1530521.22</Point>
            <Point Name="14">-263619.98+1530521.60</Point>
            <Point Name="15">-263618.94+1530521.73</Point>
            <Point Name="16">-263617.37+1530520.51</Point>
            <Point Name="17">-263616.19+1530519.49</Point>
            <Point Name="18">-263615.15+1530518.41</Point>

            <!--SYDNEY/KINGSFORD SMITH (YSSY)-->
            <!--APRON CHART - INTERNATIONAL PAGE 2 | 2-Dec-2021 (Am 169)-->
            <Point Name="1">-335543.16+1511005.74</Point>
            <Point Name="2">-335547.53+1511002.09</Point>
            <Point Name="2A">-335546.96+1511003.52</Point>
            <Point Name="3">-335549.83+1511002.69</Point>
            <Point Name="3A">-335549.63+1511003.02</Point>
            <Point Name="3B">-335549.26+1511004.10</Point>
            <Point Name="4">-335552.13+1511003.28</Point>
            <Point Name="4A">-335551.56+1511004.69</Point>
            <Point Name="5">-335554.43+1511003.89</Point>
            <Point Name="5A">-335554.65+1511004.02</Point>
            <Point Name="6">-335556.87+1511004.27</Point>
            <Point Name="6A">-335556.82+1511004.53</Point>
            <Point Name="6B">-335558.77+1511004.54</Point>
            <Point Name="8">-335602.67+1511002.80</Point>
            <Point Name="9">-335605.47+1511003.38</Point>
            <Point Name="10">-335608.74+1511004.54</Point>
            <Point Name="11">-335603.01+1511011.67</Point>
            <Point Name="12">-335602.06+1511011.27</Point>
            <Point Name="24">-335611.39+1511009.11</Point>
            <Point Name="25">-335610.99+1511012.59</Point>
            <Point Name="30">-335615.33+1511006.36</Point>
            <Point Name="31">-335614.58+1511008.91</Point>
            <Point Name="32">-335617.60+1511007.13</Point>
            <Point Name="33">-335616.89+1511009.45</Point>
            <Point Name="34">-335619.86+1511007.90</Point>
            <Point Name="35">-335619.25+1511009.81</Point>
            <Point Name="36">-335622.11+1511008.86</Point>
            <Point Name="37">-335621.51+1511010.59</Point>
            <Point Name="50">-335618.85+1510955.22</Point>
            <Point Name="51">-335617.97+1510957.48</Point>
            <Point Name="53">-335620.24+1510958.25</Point>
            <Point Name="54">-335622.31+1510953.12</Point>
            <Point Name="55">-335621.66+1511000.11</Point>
            <Point Name="56">-335622.77+1510951.20</Point>
            <Point Name="57">-335622.60+1510959.32</Point>
            <Point Name="58">-335623.64+1510957.78</Point>
            <Point Name="59">-335624.12+1510955.01</Point>
            <Point Name="60">-335624.82+1510952.28</Point>
            <Point Name="61">-335625.50+1510950.61</Point>
            <Point Name="63">-335623.84+1510950.42</Point>
            <Point Name="71">-335639.20+1511020.25</Point>
            <Point Name="72">-335639.80+1511017.16</Point>
            <Point Name="73">-335643.36+1511014.90</Point>
            <Point Name="73A">-335641.27+1511014.13</Point>
            <Point Name="74">-335644.19+1511011.56</Point>
            <Point Name="74A">-335642.11+1511010.56</Point>
            <Point Name="75">-335644.83+1511008.85</Point>
            <Point Name="75A">-335642.88+1511007.29</Point>
            <Point Name="76">-335645.46+1511006.13</Point>
            <Point Name="77">-335646.07+1511003.41</Point>
            <Point Name="77A">-335644.03+1511002.41</Point>
            <Point Name="83B">-335538.29+1511028.90</Point>
            <Point Name="84">-335539.43+1511030.13</Point>
            <Point Name="85">-335541.74+1511030.70</Point>
            <Point Name="85A">-335540.98+1511029.56</Point>
            <Point Name="85B">-335542.26+1511030.53</Point>
            <Point Name="20">-335542.47+1511030.54</Point>
            <Point Name="21">-335542.43+1511028.99</Point>
            <Point Name="22">-335539.21+1511028.99</Point>
            <!--APRON CHART - DOMESTIC PAGE 2 | 16-Jun-2022 (Am 171)-->
            <Point Name="1">-335555.04+1511050.57</Point>
            <Point Name="2">-335554.76+1511048.81</Point>
            <Point Name="3">-335554.49+1511046.85</Point>
            <Point Name="4">-335554.37+1511044.77</Point>
            <Point Name="5">-335553.97+1511042.76</Point>
            <Point Name="6">-335553.79+1511040.78</Point>
            <Point Name="7">-335552.98+1511039.12</Point>
            <Point Name="7A">-335553.60+1511038.91</Point>
            <Point Name="8">-335552.50+1511037.62</Point>
            <Point Name="9">-335551.95+1511036.17</Point>
            <Point Name="10">-335552.08+1511034.68</Point>
            <Point Name="11">-335554.03+1511035.58</Point>
            <Point Name="64">-335545.74+1511057.73</Point>
            <Point Name="65">-335547.12+1511057.71</Point>
            <Point Name="66">-335548.57+1511057.39</Point>
            <Point Name="67">-335549.88+1511057.11</Point>
            <Point Name="68">-335551.18+1511056.83</Point>
            <Point Name="69">-335552.49+1511056.55</Point>
            <Point Name="70">-335552.21+1511057.97</Point>
            <Point Name="12">-335555.12+1511035.41</Point>
            <Point Name="13">-335555.72+1511036.33</Point>
            <Point Name="14">-335555.93+1511036.70</Point>
            <Point Name="16">-335557.49+1511037.00</Point>
            <Point Name="17">-335558.99+1511037.52</Point>
            <Point Name="17A">-335559.17+1511037.28</Point>
            <Point Name="17B">-335558.98+1511036.12</Point>
            <Point Name="18">-335559.62+1511039.61</Point>
            <Point Name="18A">-335559.59+1511038.76</Point>
            <Point Name="19">-335601.64+1511038.88</Point>
            <Point Name="19A">-335600.68+1511036.77</Point>
            <Point Name="19B">-335600.67+1511035.95</Point>
            <Point Name="49">-335602.89+1511038.10</Point>
            <Point Name="48B">-335602.62+1511036.25</Point>
            <Point Name="53">-335604.73+1511037.72</Point>
            <Point Name="53B">-335604.46+1511035.86</Point>
            <Point Name="55">-335606.58+1511037.41</Point>
            <Point Name="55B">-335606.32+1511035.58</Point>
            <Point Name="57">-335608.21+1511037.15</Point>
            <Point Name="57A">-335608.13+1511036.50</Point>
            <Point Name="57B">-335607.71+1511035.85</Point>
            <Point Name="59">-335609.36+1511037.69</Point>
            <Point Name="120">-335635.21+1511048.72</Point>
            <Point Name="120A">-335637.00+1511047.88</Point>
            <Point Name="120B">-335636.64+1511049.39</Point>
            <Point Name="121">-335634.68+1511051.11</Point>
            <Point Name="121A">-335636.09+1511051.71</Point>
            <Point Name="121B">-335635.56+1511053.17</Point>
            <Point Name="31">-335605.15+1511045.65</Point>
            <Point Name="31A">-335605.33+1511044.69</Point>
            <Point Name="31B">-335604.93+1511044.15</Point>
            <Point Name="33">-335606.94+1511045.61</Point>
            <Point Name="33A">-335607.03+1511044.33</Point>
            <Point Name="33B">-335606.68+1511043.86</Point>
            <Point Name="35">-335608.82+1511044.97</Point>
            <Point Name="35A">-335608.61+1511043.46</Point>
            <Point Name="39">-335610.61+1511044.76</Point>
            <Point Name="39A">-335610.32+1511043.72</Point>
            <Point Name="39B">-335610.39+1511042.98</Point>
            <Point Name="41">-335611.82+1511044.23</Point>
            <Point Name="43">-335613.21+1511043.86</Point>
            <Point Name="45">-335613.73+1511045.29</Point>
            <Point Name="52">-335605.43+1511039.38</Point>
            <Point Name="54">-335606.83+1511039.09</Point>
            <Point Name="54A">-335606.91+1511039.99</Point>
            <Point Name="56">-335608.22+1511038.81</Point>
            <Point Name="58">-335609.39+1511038.66</Point>
            <Point Name="45A">-335613.84+1511045.33</Point>
            <Point Name="44">-335612.43+1511046.94</Point>
            <Point Name="44A">-335613.02+1511046.72</Point>
            <!--APRON CHART - DOMESTIC PAGE 3 | 13-Aug-2020 (Am 164)-->
            <Point Name="32">-335605.18+1511048.54</Point>
            <Point Name="32A">-335605.05+1511049.30</Point>
            <Point Name="34">-335606.27+1511047.71</Point>
            <Point Name="34A">-335606.33+1511048.46</Point>
            <Point Name="36">-335607.95+1511047.29</Point>
            <Point Name="38">-335609.44+1511046.85</Point>
            <Point Name="40">-335610.87+1511046.86</Point>
            <Point Name="42">-335612.29+1511046.92</Point>
            <Point Name="F1">-335605.87+1511052.53</Point>
            <Point Name="F2">-335607.11+1511052.27</Point>
            <Point Name="F3">-335607.86+1511052.34</Point>
            <Point Name="F3A">-335608.30+1511052.52</Point>
            <Point Name="F4">-335609.19+1511053.04</Point>
            <Point Name="F4A">-335609.41+1511052.52</Point>
            <Point Name="F4B">-335609.55+1511051.76</Point>
            <Point Name="F5">-335610.48+1511052.95</Point>
            <Point Name="F5A">-335610.77+1511052.35</Point>
            <Point Name="F5B">-335610.92+1511051.82</Point>
            <Point Name="F6">-335611.61+1511052.83</Point>
            <Point Name="F6A">-335612.22+1511052.36</Point>
            <Point Name="F6B">-335612.52+1511051.93</Point>
            <Point Name="F7">-335612.43+1511053.81</Point>
            <Point Name="F7A">-335612.08+1511054.02</Point>
            <Point Name="F8">-335610.89+1511054.08</Point>
            <Point Name="F9">-335609.31+1511054.62</Point>
            <Point Name="F10">-335609.57+1511057.18</Point>
            <Point Name="F11">-335610.77+1511056.94</Point>
            <Point Name="F12">-335611.86+1511056.84</Point>
            <Point Name="F13">-335610.20+1511100.94</Point>
            <Point Name="F13A">-335610.85+1511100.81</Point>
            <Point Name="F13B">-335609.55+1511100.61</Point>
            <Point Name="F14">-335609.51+1511101.84</Point>
            <Point Name="F15">-335609.72+1511102.68</Point>
            <Point Name="F15A">-335610.30+1511102.39</Point>
            <Point Name="F15B">-335609.76+1511103.27</Point>
            <Point Name="F15C">-335609.47+1511103.72</Point>
            <Point Name="F16">-335609.51+1511104.66</Point>
            <Point Name="F16A">-335610.03+1511104.18</Point>
            <Point Name="90">-335606.77+1511105.85</Point>
            <Point Name="90A">-335606.34+1511105.99</Point>
            <Point Name="90B">-335607.22+1511105.29</Point>
            <Point Name="90C">-335606.94+1511105.78</Point>
            <Point Name="91">-335606.97+1511107.25</Point>
            <Point Name="91A">-335606.56+1511107.54</Point>
            <Point Name="91B">-335607.60+1511107.42</Point>
            <Point Name="92">-335607.87+1511108.98</Point>
            <Point Name="92A">-335607.15+1511108.83</Point>
            <Point Name="92B">-335608.48+1511108.89</Point>
            <Point Name="93">-335606.90+1511110.08</Point>
            <Point Name="93A">-335606.49+1511111.78</Point>
            <Point Name="93B">-335607.49+1511110.15</Point>
            <Point Name="93C">-335607.95+1511110.27</Point>
            <Point Name="94">-335607.28+1511111.81</Point>
            <Point Name="94B">-335607.89+1511111.89</Point>
            <Point Name="96">-335606.58+1511116.20</Point>
            <Point Name="96A">-335606.72+1511116.28</Point>
            <Point Name="96B">-335606.91+1511116.50</Point>
            <Point Name="96C">-335605.57+1511117.14</Point>
            <Point Name="102">-335604.56+1511117.97</Point>
            <Point Name="103">-335604.44+1511117.16</Point>
            <Point Name="104">-335604.32+1511116.36</Point>
            <Point Name="105">-335603.00+1511118.60</Point>
            <Point Name="106">-335602.89+1511117.79</Point>
            <Point Name="107">-335602.77+1511116.99</Point>
            <Point Name="112">-335601.47+1511121.95</Point>
            <Point Name="112A">-335601.69+1511123.46</Point>
            <Point Name="97">-335607.73+1511122.58</Point>
            <Point Name="97A">-335606.38+1511122.53</Point>
            <Point Name="97B">-335606.44+1511120.79</Point>
            <Point Name="97C">-335606.65+1511123.30</Point>
            <Point Name="98">-335607.04+1511125.28</Point>
            <Point Name="98A">-335605.72+1511125.33</Point>
            <Point Name="98B">-335606.26+1511124.42</Point>
            <Point Name="99">-335606.32+1511127.97</Point>
            <Point Name="99A">-335605.13+1511127.82</Point>

            <!--TAMWORTH-->
            <!--GoogleEarth\YSTW Parking Coordinates | 27 JUN 23-->
            <Point Name="1">-31.0837551+150.8478554</Point>
            <Point Name="2">-31.0838929+150.8483893</Point>
            <Point Name="3">-31.0840232+150.8488694</Point>
            <Point Name="4">-31.0843609+150.8492929</Point>
            <Point Name="5">-31.0851721+150.8504671</Point>
            <Point Name="6">-31.0856978+150.8509905</Point>
            <Point Name="7">-31.0855197+150.851172</Point>
            <Point Name="8">-31.0860244+150.8513905</Point>
            <Point Name="9">-31.0858438+150.8515635</Point>

            <!--TINDAL (YPTN)-->
            <!--APRON CHART | 25-Mar-2021 (Am 166)-->
            <Point Name="1">-143047.370+1322156.230</Point>
            <Point Name="2">-143047.630+1322155.370</Point>

            <!--TOWNSVILLE/TOWNSVILLE INTL (YBTL)-->
            <!--APRON CHART | 7-Nov-2019 (Am 161)-->
            <Point Name="1">-191525.39+1464611.16</Point>
            <Point Name="1A">-191525.74+1464609.85</Point>
            <Point Name="1B">-191524.83+1464610.55</Point>
            <Point Name="2">-191523.60+1464611.58</Point>
            <Point Name="3">-191521.95+1464611.64</Point>
            <!--Gate 4 adjusted as DAP is incorrect-->
            <Point Name="4">-191520.61+1464612.20</Point>
            <Point Name="5">-191518.78+1464612.62</Point>
            <Point Name="6">-191517.33+1464612.56</Point>
            <Point Name="7">-191517.93+1464613.84</Point>
            <Point Name="8">-191518.61+1464615.66</Point>
            <Point Name="9">-191516.98+1464616.21</Point>
            <Point Name="10">-191515.36+1464614.15</Point>
            <Point Name="10A">-191515.24+1464614.25</Point>
            <Point Name="10B">-191514.15+1464614.60</Point>

            <!--WILLIAMTOWN (YWLM)-->
            <!--APRON CHART | 24-Mar-2022 (Am 170)-->
            <Point Name="1">-324811.57+1515021.97</Point>
            <Point Name="2">-324811.48+1515021.71</Point>
            <Point Name="3">-324812.51+1515023.17</Point>
            <Point Name="4">-324813.52+1515024.61</Point>
            <Point Name="5">-324814.63+1515026.41</Point>
            <Point Name="6">-324816.38+1515028.13</Point>
            <Point Name="7">-324818.03+1515028.89</Point>
            <Point Name="7A">-324817.72+1515028.47</Point>
            <Point Name="8">-324817.76+1515030.02</Point>
            <Point Name="9A">-324818.06+1515030.76</Point>
            <Point Name="9B">-324818.57+1515030.60</Point>
            <Point Name="9C">-324819.02+1515032.61</Point>
            <Point Name="10">-324820.17+1515031.69</Point>
            <Point Name="10A">-324819.93+1515031.35</Point>
            <Point Name="11">-324819.14+1515031.93</Point>
            <Point Name="12">-324819.16+1515032.18</Point>
            <Point Name="13">-324819.25+1515035.32</Point>
            <Point Name="13A">-324819.01+1515034.99</Point>
            <Point Name="14">-324819.01+1515034.99</Point>
            <Point Name="14A">-324820.06+1515033.94</Point>
            <Point Name="15">-324821.34+1515033.22</Point>
            <Point Name="15A">-324821.10+1515032.89</Point>

            <!--ALBURY (YMAY)-->
            <!--GoogleEarth\YMAY Parking Coordinates | 27 JUN 23-->
            <Point Name="1">-36.0690888+146.9533182</Point>
            <Point Name="1A">-36.0690004+146.9533099</Point>
            <Point Name="2">-36.0690074+146.9539275</Point>
            <Point Name="3">-36.0689323+146.9545303</Point>
            <Point Name="4">-36.0688554+146.9551309</Point>
            <Point Name="4A">-36.0687333+146.9553042</Point>
            <Point Name="5">-36.0687774+146.9557405</Point>

            <!--AMBERLEY (YAMB)-->
            <!--AERODROME CHART | 09 SEP 21-->
            <Point Name="1">-2737.54+15242.10</Point>
            <Point Name="2">-2737.53+15242.14</Point>
            <Point Name="3">-2737.52+15242.18</Point>
            <Point Name="4">-2737.50+15242.22</Point>
            <Point Name="5">-2737.47+15242.07</Point>
            <Point Name="6">-2737.45+15242.11</Point>
            <Point Name="7">-2737.44+15242.15</Point>
            <Point Name="8">-2737.43+15242.19</Point>
            <Point Name="9">-2737.38+15241.89</Point>
            <Point Name="10">-2737.36+15241.93</Point>
            <Point Name="11">-2737.35+15241.96</Point>
            <Point Name="12">-2737.34+15241.99</Point>
            <Point Name="13">-2737.33+15242.03</Point>
            <Point Name="14">-2737.32+15242.06</Point>
            <Point Name="15">-2737.30+15242.10</Point>
            <Point Name="16">-2737.29+15242.13</Point>
            <Point Name="1">-2738.21+15242.37</Point>
            <Point Name="2">-2738.20+15242.39</Point>
            <Point Name="3">-2738.19+15242.41</Point>
            <Point Name="4">-2738.19+15242.43</Point>
            <Point Name="5">-2738.18+15242.45</Point>
            <Point Name="6">-2738.17+15242.47</Point>
            <Point Name="7">-2738.16+15242.49</Point>
            <Point Name="8">-2738.16+15242.51</Point>
            <Point Name="9">-2738.13+15242.50</Point>
            <Point Name="10">-2738.14+15242.47</Point>

            <!--NOWRA (YSNW)-->
            <!--APRON CHART | 25 MAR 21-->
            <Point Name="EAST1">-3456.68+15032.75</Point>
            <Point Name="EAST2">-3456.67+15032.78</Point>
            <Point Name="EAST3">-3456.71+15032.77</Point>
            <Point Name="EAST4">-3456.70+15032.79</Point>
            <Point Name="EAST5">-3456.74+15032.78</Point>
            <Point Name="EAST6">-3456.73+15032.80</Point>
            <Point Name="EAST7">-3456.72+15032.81</Point>
            <Point Name="EAST8">-3456.77+15032.80</Point>
            <Point Name="EAST9">-3456.76+15032.82</Point>
            <Point Name="EAST10">-3456.75+15032.83</Point>
            <Point Name="EAST11">-3456.80+15032.82</Point>
            <Point Name="EAST12">-3456.79+15032.83</Point>
            <Point Name="EAST13">-3456.78+15032.85</Point>
            <Point Name="EAST14">-3456.82+15032.83</Point>
            <Point Name="EAST15">-3456.82+15032.85</Point>
            <Point Name="EAST16">-3456.81+15032.87</Point>
            <Point Name="EAST17">-3456.85+15032.85</Point>
            <Point Name="WEST1">-3456.78+15031.94</Point>
            <Point Name="WEST2">-3456.78+15031.98</Point>
            <Point Name="ROMEO1">-3456.61+15032.14</Point>
            <Point Name="ROMEO2">-3456.62+15032.16</Point>
            <Point Name="ROMEO3">-3456.63+15032.11</Point>
            <Point Name="ROMEO4">-3456.65+15032.13</Point>
            <Point Name="ROMEO5">-3456.66+15032.08</Point>
            <Point Name="ROMEO6">-3456.67+15032.10</Point>
            <Point Name="ROMEO7">-3456.71+15032.06</Point>
            <Point Name="ROMEO8">-3456.72+15032.05</Point>

            <!--RICHMOND (YSRI)-->
            <!--APRON CHART | 24 MAR 22-->
            <Point Name="1A">-3336.28+15047.68</Point>
            <Point Name="1B">-3336.27+15047.65</Point>
            <Point Name="2A">-3336.25+15047.62</Point>
            <Point Name="2B">-3336.25+15047.58</Point>
            <Point Name="3A">-3336.28+15047.62</Point>
            <Point Name="3B">-3336.28+15047.58</Point>
            <Point Name="4">-3336.25+15047.53</Point>
            <Point Name="7">-3336.23+15047.46</Point>
            <Point Name="8">-3336.22+15047.42</Point>
            <Point Name="9">-3336.21+15047.39</Point>
            <Point Name="10">-3336.20+15047.35</Point>
            <Point Name="11">-3336.19+15047.32</Point>
            <Point Name="12">-3336.32+15047.50</Point>
            <Point Name="13">-3336.31+15047.47</Point>
            <Point Name="14">-3336.30+15047.44</Point>
            <Point Name="15">-3336.29+15047.41</Point>
            <Point Name="16">-3336.29+15047.38</Point>
            <Point Name="17">-3336.28+15047.35</Point>
            <Point Name="18">-3336.27+15047.32</Point>
            <Point Name="19">-3336.26+15047.29</Point>
            <Point Name="20">-3336.24+15047.21</Point>
            <Point Name="21">-3336.23+15047.18</Point>
            <Point Name="22">-3336.22+15047.15</Point>
            <Point Name="23">-3336.21+15047.12</Point>
            <Point Name="24">-3336.21+15047.09</Point>
            <Point Name="25">-3336.19+15047.00</Point>
            <Point Name="26">-3336.18+15046.97</Point>
            <Point Name="27">-3336.17+15046.94</Point>
            <Point Name="28">-3336.11+15046.95</Point>
            <Point Name="30">-3336.07+15046.91</Point>
        </Label>
    </Map>
</Maps>