﻿<?xml version="1.0" encoding="utf-8"?>
<Maps>
  <Map Type="System" Name="ENR_LL_LABELS" Priority="2" Center="-2380.8+13390.1">
    <Label HasLeader="False" Alignment="Center" VerticalAlignment="Middle">
      <Point Name="A180">-3536.7571+13947.9085</Point>
      <Point Name="A180">-3423.8325+13705.5863</Point>
      <Point Name="A180">-3206.6123+11425.133</Point>
      <Point Name="A180">-3156.8818+11726.1677</Point>
      <Point Name="A180">-1831.8764+14752.6895</Point>
      <Point Name="A180">-1659.7199+14703.4839</Point>
      <Point Name="A180">-1658.3735+14424.4636</Point>
      <Point Name="A180">-1338.9284+13050.13</Point>
      <Point Name="A180">-1115.4333+13128.1352</Point>
      <Point Name="A245">-1150.4179+14607.9888</Point>
      <Point Name="C045">-3044.5287+15251.8752</Point>
      <Point Name="C045">-2959.747+15304.2061</Point>
      <Point Name="C045">-2641.7891+15332.1242</Point>
      <Point Name="C045">-2639.1323+15307.9018</Point>
      <Point Name="C045">-2637.9109+15324.9842</Point>
      <Point Name="C045">-2637.065+15321.1833</Point>
      <Point Name="C045">-2627.9184+15314.8148</Point>
      <Point Name="C045">-2625.974+15317.7384</Point>
      <Point Name="C045">-2613.6498+15302.3939</Point>
      <Point Name="C045">-2346.6388+15043.6357</Point>
      <Point Name="C045">-2259.5008+15010.2699</Point>
      <Point Name="C045">-2128.0167+14934.0667</Point>
      <Point Name="C045">-2059.2499+14854.2819</Point>
      <Point Name="C045">-2034.712+14840.0569</Point>
      <Point Name="C045">-2004.4673+14831.8732</Point>
      <Point Name="C055">-2953.4538+15308.2902</Point>
      <Point Name="C065">-2608.4095+15301.4729</Point>
      <Point Name="C085">-4217.3167+14656.4833</Point>
      <Point Name="C085">-4206.4491+14728.3793</Point>
      <Point Name="C085">-3633.0354+14631.6456</Point>
      <Point Name="C085">-3536.5462+14726.3146</Point>
      <Point Name="C085">-3143.5024+15056.784</Point>
      <Point Name="C085">-3054.1243+15243.8113</Point>
      <Point Name="C085">-2942.5383+15309.2077</Point>
      <Point Name="C085">-2357.7983+15052.2937</Point>
      <Point Name="C085">-2248.8372+15003.5899</Point>
      <Point Name="C085">-2143.916+14933.6188</Point>
      <Point Name="C085">-2053.1706+14923.9428</Point>
      <Point Name="C085">-2031.8198+14821.4379</Point>
      <Point Name="C085">-1956.2866+14823.3099</Point>
      <Point Name="C090">-1025.7775+14643.4073</Point>
      <Point Name="C125">-4207.2333+14645.2</Point>
      <Point Name="C125">-4045.7865+14647.3708</Point>
      <Point Name="C125">-3725.5565+14625.5027</Point>
      <Point Name="C125">-3709.8347+14345.6071</Point>
      <Point Name="C125">-3546.4015+14806.9892</Point>
      <Point Name="C125">-3525.4306+13931.5411</Point>
      <Point Name="C125">-3430.9784+13727.6909</Point>
      <Point Name="C125">-3409.0616+14949.6803</Point>
      <Point Name="C125">-3358.9174+15209.7576</Point>
      <Point Name="C125">-3328.6266+15020.5698</Point>
      <Point Name="C125">-3203.7171+11450.7877</Point>
      <Point Name="C125">-3156.308+11704.8613</Point>
      <Point Name="C125">-3153.3935+15059.4241</Point>
      <Point Name="C125">-3102.4902+15238.9449</Point>
      <Point Name="C125">-2922.1278+15309.6244</Point>
      <Point Name="C125">-2717.951+15410.4657</Point>
      <Point Name="C125">-2638.0367+15345.8919</Point>
      <Point Name="C125">-2405.3954+15056.052</Point>
      <Point Name="C125">-2241.0392+14958.757</Point>
      <Point Name="C125">-2156.4534+14938.8651</Point>
      <Point Name="C125">-2119.9359+14941.4502</Point>
      <Point Name="C125">-2118.1715+14900.4337</Point>
      <Point Name="C125">-1951.6537+14814.0615</Point>
      <Point Name="C125">-1826.9953+14628.9458</Point>
      <Point Name="C125">-1656.3315+14443.9843</Point>
      <Point Name="C125">-1655.6111+14643.1451</Point>
      <Point Name="C125">-1323.1648+13050.6669</Point>
      <Point Name="C125">-1133.0148+13119.171</Point>
      <Point Name="C145">-4200.9494+14757.3708</Point>
      <Point Name="C145">-4200.0196+14636.7601</Point>
      <Point Name="C150">-1054.4249+14634.4984</Point>
      <Point Name="C155">-4036.7569+14644.8549</Point>
      <Point Name="C155">-3326.1533+15000.8329</Point>
      <Point Name="C155">-3202.58+15102.0489</Point>
      <Point Name="C155">-3110.5421+15232.8969</Point>
      <Point Name="C155">-2413.3098+15103.947</Point>
      <Point Name="C155">-2232.5456+14952.8922</Point>
      <Point Name="C155">-1944.5114+14806.8433</Point>
      <Point Name="C200">-1121.8347+14618.6274</Point>
      <Point Name="E055">-2047.0512+11616.9151</Point>
      <Point Name="E055">-2025.7731+11709.3899</Point>
      <Point Name="E065">-3314.9167+15139.6833</Point>
      <Point Name="E065">-3229.6667+15214.6167</Point>
      <Point Name="E065">-3224.7667+15132.0833</Point>
      <Point Name="E065">-2049.2608+11609.4311</Point>
      <Point Name="E065">-2020.089+11715.7807</Point>
      <Point Name="E065">-1748.4352+12250.1193</Point>
      <Point Name="E085">-3734.1584+14623.1519</Point>
      <Point Name="E085">-3720.1436+14343.2042</Point>
      <Point Name="E085">-3611.2632+13855.2406</Point>
      <Point Name="E085">-3556.399+14804.9929</Point>
      <Point Name="E085">-3506.4215+15033.2204</Point>
      <Point Name="E085">-3417.0748+14947.7436</Point>
      <Point Name="E085">-3339.9037+13814.1192</Point>
      <Point Name="E085">-3331.4645+14959.484</Point>
      <Point Name="E085">-3316.3817+14922.4903</Point>
      <Point Name="E085">-3155.5399+11449.4386</Point>
      <Point Name="E085">-3152.1707+11426.9067</Point>
      <Point Name="E085">-3148.2445+11702.9099</Point>
      <Point Name="E085">-3147.9774+11730.9204</Point>
      <Point Name="E085">-3135.2165+15148.2817</Point>
      <Point Name="E085">-2842.2029+15206.2973</Point>
      <Point Name="E085">-2705.7033+15427.5433</Point>
      <Point Name="E085">-2552.6454+13050.4973</Point>
      <Point Name="E085">-2520.5864+15150.8874</Point>
      <Point Name="E085">-2419.7318+15048.4655</Point>
      <Point Name="E085">-2410.8522+15043.5029</Point>
      <Point Name="E085">-2236.0238+15012.5433</Point>
      <Point Name="E085">-2227.3372+15006.0582</Point>
      <Point Name="E085">-2051.3173+14731.4225</Point>
      <Point Name="E085">-2050.5612+11559.2439</Point>
      <Point Name="E085">-2013.6182+11722.4721</Point>
      <Point Name="E085">-1955.7895+14811.7009</Point>
      <Point Name="E085">-1951.1567+14802.0013</Point>
      <Point Name="E085">-1857.7196+14734.8126</Point>
      <Point Name="E085">-1854.3283+14745.6233</Point>
      <Point Name="E085">-1848.9532+14801.2727</Point>
      <Point Name="E085">-1843.1314+14604.6598</Point>
      <Point Name="E085">-1836.0332+14555.7956</Point>
      <Point Name="E085">-1808.8645+14537.9561</Point>
      <Point Name="E085">-1748.0789+14542.0813</Point>
      <Point Name="E085">-1746.335+12300.0805</Point>
      <Point Name="E085">-1601.7999+14614.6129</Point>
      <Point Name="E085">-1546.1041+14625.6654</Point>
      <Point Name="E085">-1140.3404+13058.7311</Point>
      <Point Name="E085">-1128.4214+13101.4072</Point>
      <Point Name="E085">-1106.9412+13106.4011</Point>
      <Point Name="E095">-1337.237+13123.4385</Point>
      <Point Name="E095">-1319.3173+13114.9892</Point>
      <Point Name="E115">-2605.1553+13048.27</Point>
      <Point Name="E115">-2051.6213+11548.3966</Point>
      <Point Name="E115">-2006.6828+11729.9936</Point>
      <Point Name="E115">-1743.8641+12309.8973</Point>
      <Point Name="E125">-4216.8247+15005.1816</Point>
      <Point Name="E125">-4147.2619+14422.5484</Point>
      <Point Name="E125">-3941.1363+14838.3866</Point>
      <Point Name="E125">-3842.6876+14314.7971</Point>
      <Point Name="E125">-3611.8323+15026.4585</Point>
      <Point Name="E125">-3558.7166+12901.9462</Point>
      <Point Name="E125">-3530.2623+14059.6252</Point>
      <Point Name="E125">-3431.5272+14553.3075</Point>
      <Point Name="E125">-3423.05+15323.6333</Point>
      <Point Name="E125">-3313.2167+11632.4</Point>
      <Point Name="E125">-3224.3+11821.6</Point>
      <Point Name="E125">-3112.9395+12822.3938</Point>
      <Point Name="E125">-3109.3372+13259.2613</Point>
      <Point Name="E125">-3057.2034+14107.3128</Point>
      <Point Name="E125">-3028.2167+11412.0</Point>
      <Point Name="E125">-2958.9526+14957.231</Point>
      <Point Name="E125">-2957.426+12240.7447</Point>
      <Point Name="E125">-2832.6142+14427.3442</Point>
      <Point Name="E125">-2802.9048+12708.7989</Point>
      <Point Name="E125">-2705.95+15518.1667</Point>
      <Point Name="E125">-2616.9532+14847.6659</Point>
      <Point Name="E125">-2541.3386+13313.1681</Point>
      <Point Name="E125">-2522.4209+15336.0489</Point>
      <Point Name="E125">-2431.3366+14209.2171</Point>
      <Point Name="E125">-2419.7+15247.3833</Point>
      <Point Name="E125">-2352.905+12146.8547</Point>
      <Point Name="E125">-2333.0696+13746.6372</Point>
      <Point Name="E125">-2237.95+11217.5667</Point>
      <Point Name="E125">-2230.0948+14638.2901</Point>
      <Point Name="E125">-1858.7+11902.7</Point>
      <Point Name="E125">-1834.9806+12932.8843</Point>
      <Point Name="E125">-1757.0856+14253.5601</Point>
      <Point Name="E125">-1756.6888+13646.0363</Point>
      <Point Name="E125">-1534.1+12319.25</Point>
      <Point Name="E125">-1525.2812+13930.8299</Point>
      <Point Name="E125">-1200.8334+14324.2587</Point>
      <Point Name="E125">-1022.0167+13748.0</Point>
      <Point Name="E125">-2456.2115+13407.1022</Point>
      <Point Name="C045">-2112.2716+14914.7074</Point>
      <Point Name="C045">-2325.0469+15031.1885</Point>
      <Point Name="E055">-1745.8433+12240.8635</Point>
      <Point Name="E007/045">-3807.9294+14431.8769</Point>
      <Point Name="E007/045">-3758.5117+14433.5193</Point>
      <Point Name="E015/045">-3812.3056+14431.0013</Point>
      <Point Name="E015/045">-3754.1315+14434.6098</Point>
    </Label>
  </Map>
</Maps>