﻿<?xml version="1.0" encoding="utf-8"?>
<Maps>
  <Map Type="System2" Name="UPPER_SECTOR_FREQS" Priority="1">
    <Label HasLeader="False" Alignment="Center" VerticalAlignment="Middle">
      <Point Name="TSN 124.65">-391942.004+1555835.755</Point>
      <Point Name="HWE 124.95">-290727.162+1591519.306</Point>
      <Point Name="FLD 132.85">-224551.262+1564423.467</Point>
      <Point Name="IND 129.25">-283843.854+1064439.077</Point>
      <Point Name="WOL 125.0">-353248.000+1511150.000</Point>
      <Point Name="GUN 128.4">-344257.420+1485238.712</Point>
      <Point Name="BLA 132.2">-351900.000+1474400.000</Point>
      <Point Name="HUO 122.6">-405652.215+1430320.462</Point>
      <Point Name="TBD 123.05">-334938.349+1402433.832</Point>
      <Point Name="MUN 132.6">-354500.000+1414600.000</Point>
      <Point Name="ASP 128.85">-245959.751+1362020.033</Point>
      <Point Name="HYD 118.2">-323100.000+1185300.000</Point>
      <Point Name="OLW 134.0">-204643.851+1140034.491</Point>
      <Point Name="INL 134.2">-290517.000+1533720.000</Point>
      <Point Name="ISA 125.7">-221951.800+1405419.162</Point>
      <Point Name="KEN 120.15">-170930.702+1435914.345</Point>
      <Point Name="TRT 123.85">-124644.792+1290319.841</Point>
      <Point Name="ARL 130.9">-310100.000+1512800.000</Point>
      <Point Name="KPL 125.9">-240200.000+1524200.000</Point>
    </Label>
  </Map>
  <Map Type="System" Name="LOWER_SECTOR_FREQS" Priority="1">
    <Label HasLeader="False" Alignment="Center" VerticalAlignment="Middle">
      <Point Name="WIL 127.6">-14.054167+147.570833</Point>
      <Point Name="COL 133.15">-153555.148+1541534.767</Point>
      <Point Name="INS 123.2">-500927.452+1400147.228</Point>
      <Point Name="INE 123.65">-142041.000+1054806.000</Point>
      <Point Name="BIK 129.8">-341253.297+1494334.513</Point>
      <Point Name="KAT 133.5">-331700.000+1490400.000</Point>
      <Point Name="GTH 122.75">-334900.000+1464100.000</Point>
      <Point Name="SNO 120.75">-370922.000+1491523.000</Point>
      <Point Name="YWE 134.325">-370054.794+1435021.954</Point>
      <Point Name="WON 135.3">-384607.000+1442611.000</Point>
      <Point Name="AUG 127.05">-320430.000+1355655.000</Point>
      <Point Name="OXL 128.5">-343900.000+1444600.000</Point>
      <Point Name="BKE 128.2">-302937.000+1443907.000</Point>
      <Point Name="ASW 131.8">-263809.000+1310516.000</Point>
      <Point Name="WAR 124.9">-273700.000+1254500.000</Point>
      <Point Name="FOR 132.7">-392002.000+1365637.000</Point>
      <Point Name="WRA 132.9">-272024.000+1372305.000</Point>
      <Point Name="ESP 123.95">-354427.000+1215735.000</Point>
      <Point Name="LEA 122.4">-303453.000+1142531.000</Point>
      <Point Name="GVE 133.8">-290800.000+1173200.000</Point>
      <Point Name="PIY 133.9">-315024.000+1170534.000</Point>
      <Point Name="CRS 135.8">-305600.000+1185800.000</Point>
      <Point Name="JAR 120.3">-341200.000+1163000.000</Point>
      <Point Name="MZI 134.3">-292152.000+1222828.000</Point>
      <Point Name="POT 127.0">-190637.000+1190021.000</Point>
      <Point Name="NEW 125.4">-223228.000+1233353.000</Point>
      <Point Name="GEL 134.2">-283523.000+1131211.000</Point>
      <Point Name="MEK 132.0">-241907.000+1124623.000</Point>
      <Point Name="MTK 133.7">-270106.000+1221337.000</Point>
      <Point Name="PAR 133.5">-225020.000+1171451.000</Point>
      <Point Name="DOS 135.6">-273233.000+1512057.000</Point>
      <Point Name="GOL 130.4">-283225.980+1531046.992</Point>
      <Point Name="BUR 123.0">-262404.104+1515543.716</Point>
      <Point Name="NSA 124.1">-261640.872+1530403.432</Point>
      <Point Name="SDY 134.3">-271100.000+1550900.000</Point>
      <Point Name="ARA 133.7">-122105.018+1384036.707</Point>
      <Point Name="WEG 132.45">-250600.000+1425900.000</Point>
      <Point Name="TBP 120.55">-182412.000+1491259.000</Point>
      <Point Name="BAR 123.8">-145700.000+1453500.000</Point>
      <Point Name="ELW 123.75">-373133.485+1461233.266</Point>
      <Point Name="SWY 133.2">-213100.000+1480000.000</Point>
      <Point Name="KIY 132.1">-191337.081+1282334.435</Point>
      <Point Name="STR 134.4">-183000.000+1342600.000</Point>
      <Point Name="MDE 133.0">-300718.000+1484202.000</Point>
      <Point Name="CVN 133.8">-245100.000+1483800.000</Point>
      <Point Name="CNK 123.4">-330156.424+1505757.132</Point>
      <Point Name="MNN 130.1">-314908.724+1521016.356</Point>
      <Point Name="MLD 132.35">-330354.396+1514429.040</Point>
      <Point Name="OCN 128.6">-343230.000+1540905.000</Point>
      <Point Name="ASH 133.4">-152604.515+1214654.285</Point>
      <Point Name="TRS 133.2">-143619.471+1333651.932</Point>
    </Label>
  </Map>
</Maps>