﻿<?xml version="1.0" encoding="utf-8"?>
<Maps>
  <Map Type="System" Name="TMA_LL_LABELS" Priority="2" Center="-2380.8+13390.1">
    <Label HasLeader="False" Alignment="Center" VerticalAlignment="Middle">
      <Point Name="C045">-2404.4612+13350.8565</Point>
      <Point Name="C045">-2359.6391+13351.2018</Point>
      <Point Name="C065">-2414.9289+13350.5872</Point>
      <Point Name="C065">-2414.9289+13350.5872</Point>
      <Point Name="C115">-2426.342+13348.903</Point>
      <Point Name="C145">-2439.2548+13349.0311</Point>
      <Point Name="C180">-2456.7051+13349.9334</Point>
      <Point Name="D SFC">-2346.4631+13401.2151</Point>
      <Point Name="D035">-2357.1171+13346.8792</Point>
      <Point Name="C007">-2727.2356+15301.1324</Point>
      <Point Name="C010">-2731.3565+15311.6151</Point>
      <Point Name="C010">-2714.5668+15310.9908</Point>
      <Point Name="C015">-2732.255+15259.5766</Point>
      <Point Name="C015">-2724.3274+15257.5781</Point>
      <Point Name="C015">-2712.8664+15302.65</Point>
      <Point Name="C020">-2736.0099+15309.9937</Point>
      <Point Name="C020">-2726.2476+15321.2617</Point>
      <Point Name="C020">-2712.0682+15315.677</Point>
      <Point Name="C025">-2729.804+15255.4946</Point>
      <Point Name="C025">-2709.5576+15305.0494</Point>
      <Point Name="C035">-2748.138+15312.6516</Point>
      <Point Name="C035">-2728.1031+15249.0267</Point>
      <Point Name="C035">-2720.018+15328.2072</Point>
      <Point Name="C035">-2704.4637+15300.1797</Point>
      <Point Name="C045">-2747.4231+15258.2408</Point>
      <Point Name="C045">-2717.8941+15336.5248</Point>
      <Point Name="C045">-2659.8012+15256.0549</Point>
      <Point Name="C045">-2651.8941+15328.8417</Point>
      <Point Name="C075">-2755.9238+15254.3883</Point>
      <Point Name="C075">-2718.1915+15346.8232</Point>
      <Point Name="C075">-2649.2728+15253.3516</Point>
      <Point Name="C085">-2717.5648+15357.9468</Point>
      <Point Name="C085">-2639.5497+15251.4368</Point>
      <Point Name="C015">-2814.4281+15341.5035</Point>
      <Point Name="C015">-2759.1768+15333.3579</Point>
      <Point Name="C025">-2821.3405+15329.6457</Point>
      <Point Name="C025">-2812.0732+15322.0026</Point>
      <Point Name="C035">-2826.328+15339.4825</Point>
      <Point Name="C035">-2808.3316+15350.1748</Point>
      <Point Name="C045">-2832.0317+15343.8196</Point>
      <Point Name="C045">-2827.9795+15327.8836</Point>
      <Point Name="C045">-2755.0444+15355.3786</Point>
      <Point Name="C065">-2835.1685+15327.0808</Point>
      <Point Name="C065">-2810.4841+15312.4206</Point>
      <Point Name="C085">-2845.4304+15347.0046</Point>
      <Point Name="C085">-2810.271+15257.2904</Point>
      <Point Name="C085">-2751.0863+15409.6849</Point>
      <Point Name="C085">-2725.0038+15217.3285</Point>
      <Point Name="C010">-1642.5729+14547.8452</Point>
      <Point Name="C015">-1700.0782+14550.5056</Point>
      <Point Name="C015">-1649.2667+14554.0692</Point>
      <Point Name="C025">-1651.4806+14559.9601</Point>
      <Point Name="C025">-1650.6785+14534.8933</Point>
      <Point Name="C025">-1634.8598+14537.792</Point>
      <Point Name="C035">-1656.9096+14537.1103</Point>
      <Point Name="C035">-1649.7759+14529.1681</Point>
      <Point Name="C035">-1647.1018+14604.6942</Point>
      <Point Name="C045">-1706.0926+14610.8578</Point>
      <Point Name="C045">-1704.8317+14535.1876</Point>
      <Point Name="C045">-1653.3531+14514.5015</Point>
      <Point Name="C055">-1718.8619+14549.5624</Point>
      <Point Name="C065">-1712.2598+14522.9106</Point>
      <Point Name="C065">-1657.0287+14459.3734</Point>
      <Point Name="C065">-1652.2213+14628.1513</Point>
      <Point Name="C085">-1725.6828+14518.7918</Point>
      <Point Name="D SFC">-2022.5086+14854.5296</Point>
      <Point Name="D010">-2015.1093+14851.6666</Point>
      <Point Name="D015">-2030.7962+14903.0495</Point>
      <Point Name="D015">-2013.4015+14849.7448</Point>
      <Point Name="D025">-2033.9868+14905.1108</Point>
      <Point Name="D025">-2010.6346+14848.4641</Point>
      <Point Name="D035">-2037.8342+14907.0175</Point>
      <Point Name="D035">-2006.6112+14845.7558</Point>
      <Point Name="C045">-2128.0167+14934.0667</Point>
      <Point Name="C045">-2123.4381+14925.7566</Point>
      <Point Name="C045">-2119.0552+14921.8707</Point>
      <Point Name="C045">-2115.3078+14918.2947</Point>
      <Point Name="C045">-2105.6998+14903.821</Point>
      <Point Name="C045">-2102.6655+14859.3647</Point>
      <Point Name="C045">-2059.2499+14854.2819</Point>
      <Point Name="D SFC">-2111.2145+14908.1675</Point>
      <Point Name="D010">-2117.2407+14915.9295</Point>
      <Point Name="D010">-2103.7972+14905.8643</Point>
      <Point Name="D025">-2121.8292+14918.2813</Point>
      <Point Name="D025">-2059.2893+14902.7601</Point>
      <Point Name="D035">-2126.7396+14920.8211</Point>
      <Point Name="D035">-2055.3047+14859.983</Point>
      <Point Name="C045">-2346.6388+15043.6357</Point>
      <Point Name="C045">-2336.1272+15045.57</Point>
      <Point Name="C045">-2334.1946+15043.1236</Point>
      <Point Name="C045">-2315.285+15018.6609</Point>
      <Point Name="C045">-2311.7111+15013.7254</Point>
      <Point Name="C045">-2309.6375+15011.1136</Point>
      <Point Name="C045">-2259.5008+15010.2699</Point>
      <Point Name="D SFC">-2320.6322+15027.6408</Point>
      <Point Name="D010">-2313.2197+15022.2993</Point>
      <Point Name="D025">-2338.4223+15037.3133</Point>
      <Point Name="D025">-2307.9074+15018.5458</Point>
      <Point Name="D035">-2341.1402+15038.9013</Point>
      <Point Name="D035">-2305.1894+15017.3909</Point>
      <Point Name="D SFC">-1752.5121+12215.0656</Point>
      <Point Name="D010">-1807.3758+12214.6145</Point>
      <Point Name="D025">-1812.1553+12215.616</Point>
      <Point Name="D035">-1818.1857+12216.1934</Point>
      <Point Name="E012">-1753.0062+12229.9082</Point>
      <Point Name="E012">-1751.6473+12235.6828</Point>
      <Point Name="E012(Twr)">-1750.1648+12242.4679</Point>
      <Point Name="C SFC">-1232.8167+14209.9833</Point>
      <Point Name="C040">-1220.1833+14224.0</Point>
      <Point Name="D SFC">-2635.3973+15308.6225</Point>
      <Point Name="D015">-2630.8763+15311.5946</Point>
      <Point Name="D025">-2630.3283+15316.9761</Point>
      <Point Name="D035">-2628.5802+15320.2048</Point>
      <Point Name="C015">-1906.1231+14642.5388</Point>
      <Point Name="C025">-1900.6735+14640.6446</Point>
      <Point Name="C035">-1854.1349+14638.4189</Point>
      <Point Name="C055">-1844.8683+14635.0689</Point>
      <Point Name="C085">-1835.3852+14631.7235</Point>
      <Point Name="C155">-1817.5121+14625.6004</Point>
      <Point Name="D SFC">-3016.8267+15306.8769</Point>
      <Point Name="D010">-3010.3408+15308.501</Point>
      <Point Name="D025">-3032.8872+15302.185</Point>
      <Point Name="D025">-3004.9358+15307.7791</Point>
      <Point Name="D035">-3037.5753+15259.3711</Point>
      <Point Name="D035">-3000.4574+15312.6515</Point>
      <Point Name="C SFC">-1750.2833+12349.8833</Point>
      <Point Name="C035">-1720.8667+12351.5333</Point>
      <Point Name="DSFC-025(TWR)">-3806.1084+14426.2507</Point>
      <Point Name="DSFC-025(TWR)">-3759.1143+14428.1067</Point>
      <Point Name="E015/045">-3812.3056+14431.0013</Point>
      <Point Name="E015/045">-3754.1315+14434.6098</Point>
      <Point Name="E025/045(TWR)">-3807.7994+14425.9061</Point>
      <Point Name="E025/045(TWR)">-3756.5533+14428.4828</Point>
      <Point Name="C045">-3622.0756+14640.0061</Point>
      <Point Name="C045">-3617.9104+14642.5867</Point>
      <Point Name="C045">-3550.0663+14710.437</Point>
      <Point Name="C045">-3545.2247+14715.6423</Point>
      <Point Name="C055">-3626.3515+14637.124</Point>
      <Point Name="D SFC">-3601.5617+14656.2235</Point>
      <Point Name="D020">-3556.7188+14654.4911</Point>
      <Point Name="D025">-3551.4943+14652.9395</Point>
      <Point Name="D035">-3620.8261+14650.6584</Point>
      <Point Name="D035">-3553.6468+14715.7419</Point>
      <Point Name="C045">-4245.5667+14741.3167</Point>
      <Point Name="C045">-4243.4667+14747.0167</Point>
      <Point Name="C045">-4241.0833+14752.4833</Point>
      <Point Name="C045">-4234.965+14701.0932</Point>
      <Point Name="C065">-4310.2495+14806.4011</Point>
      <Point Name="C065">-4231.6232+14656.968</Point>
      <Point Name="C085">-4217.3167+14656.4833</Point>
      <Point Name="C085">-4206.4491+14728.3793</Point>
      <Point Name="C125">-4207.2333+14645.2</Point>
      <Point Name="C145">-4200.9494+14757.3708</Point>
      <Point Name="C145">-4200.0196+14636.7601</Point>
      <Point Name="D SFC">-4253.8757+14731.833</Point>
      <Point Name="D015">-4258.7606+14742.0176</Point>
      <Point Name="D025">-4250.634+14749.3878</Point>
      <Point Name="D025">-4243.9538+14716.1163</Point>
      <Point Name="D035">-4303.0662+14749.2562</Point>
      <Point Name="D035">-4238.0175+14707.2997</Point>
      <Point Name="E125">-4258.2312+14706.163</Point>
      <Point Name="C045">-4153.4662+14722.6059</Point>
      <Point Name="C045">-4144.585+14730.1932</Point>
      <Point Name="C045">-4140.5109+14726.5486</Point>
      <Point Name="C045">-4137.342+14723.4446</Point>
      <Point Name="C045">-4127.1739+14702.4839</Point>
      <Point Name="C045">-4124.5906+14658.2354</Point>
      <Point Name="C045">-4121.5441+14653.0559</Point>
      <Point Name="C045">-4109.6324+14659.5989</Point>
      <Point Name="C065">-4158.6928+14723.8266</Point>
      <Point Name="C065">-4158.1796+14725.087</Point>
      <Point Name="C065">-4114.7447+14727.2002</Point>
      <Point Name="C075">-4102.05+14656.7333</Point>
      <Point Name="C085">-4054.9333+14652.8833</Point>
      <Point Name="C145">-4150.9432+14654.4101</Point>
      <Point Name="D SFC">-4134.5726+14707.9486</Point>
      <Point Name="D015">-4141.2934+14717.4189</Point>
      <Point Name="D015">-4123.6981+14707.8061</Point>
      <Point Name="D025">-4145.4444+14717.9964</Point>
      <Point Name="D025">-4119.8255+14705.7726</Point>
      <Point Name="D035">-4148.963+14720.3638</Point>
      <Point Name="D035">-4115.6674+14702.9631</Point>
      <Point Name="E125">-4136.5755+14647.0073</Point>
      <Point Name="E125">-4132.927+14741.4508</Point>
      <Point Name="C015">-3747.2278+14442.3457</Point>
      <Point Name="C015">-3737.7988+14504.3861</Point>
      <Point Name="C020">-3751.6705+14448.9328</Point>
      <Point Name="C020">-3728.7813+14450.6213</Point>
      <Point Name="C025">-3750.1714+14435.9871</Point>
      <Point Name="C025">-3748.893+14508.5055</Point>
      <Point Name="C025">-3737.183+14511.6298</Point>
      <Point Name="C025">-3736.5414+14434.4868</Point>
      <Point Name="C025">-3732.4571+14503.1038</Point>
      <Point Name="C035">-3721.8725+14452.59</Point>
      <Point Name="C045">-3803.1893+14447.046</Point>
      <Point Name="C045">-3725.1152+14424.9092</Point>
      <Point Name="C075">-3700.0685+14446.4455</Point>
      <Point Name="C085">-3714.2576+14525.8582</Point>
      <Point Name="C085">-3707.0369+14423.8355</Point>
      <Point Name="C015">-3448.816+13834.9793</Point>
      <Point Name="C015">-3446.885+13831.5791</Point>
      <Point Name="C025">-3502.1296+13847.4261</Point>
      <Point Name="C025">-3450.0824+13813.5815</Point>
      <Point Name="C045">-3508.9406+13858.878</Point>
      <Point Name="C045">-3443.9916+13758.2788</Point>
      <Point Name="C085">-3517.0674+13914.7919</Point>
      <Point Name="C085">-3437.7853+13740.9887</Point>
      <Point Name="C010">-1215.1104+13056.6011</Point>
      <Point Name="C025">-1245.0406+13053.0813</Point>
      <Point Name="C025">-1205.0865+13103.6711</Point>
      <Point Name="C065">-1300.348+13053.3252</Point>
      <Point Name="C065">-1153.2554+13109.0633</Point>
      <Point Name="C095">-1309.6524+13051.8488</Point>
      <Point Name="C095">-1143.8494+13113.5762</Point>
      <Point Name="D SFC">-2039.8848+11644.1577</Point>
      <Point Name="D010">-2052.8567+11654.6242</Point>
      <Point Name="D010">-2031.2368+11642.1727</Point>
      <Point Name="D020">-2045.4442+11624.4879</Point>
      <Point Name="D020">-2030.6191+11703.4665</Point>
      <Point Name="D025">-2100.2693+11659.1356</Point>
      <Point Name="D025">-2040.9658+11616.1869</Point>
      <Point Name="D025">-2030.1558+11712.4893</Point>
      <Point Name="D025">-2022.5889+11640.0072</Point>
      <Point Name="D035">-2106.1376+11702.9252</Point>
      <Point Name="D035">-2016.1029+11638.3831</Point>
      <Point Name="C015">-2231.1167+11353.9167</Point>
      <Point Name="C015">-2205.35+11420.7833</Point>
      <Point Name="C045">-2240.6833+11345.3167</Point>
      <Point Name="C045">-2153.7167+11433.0167</Point>
      <Point Name="C015">-3204.9242+11552.8309</Point>
      <Point Name="C015">-3153.1688+11546.9873</Point>
      <Point Name="C020">-3156.6818+11613.7796</Point>
      <Point Name="C020">-3148.5387+11542.5981</Point>
      <Point Name="C025">-3209.8859+11548.2989</Point>
      <Point Name="C035">-3211.9816+11548.5656</Point>
      <Point Name="C035">-3210.0031+11609.5349</Point>
      <Point Name="C035">-3148.3727+11535.8769</Point>
      <Point Name="C035">-3143.7077+11615.4435</Point>
      <Point Name="C045">-3200.3839+11523.9082</Point>
      <Point Name="C045">-3154.6006+11630.8081</Point>
      <Point Name="C085">-3201.7463+11507.4282</Point>
      <Point Name="C085">-3156.2086+11647.4504</Point>
      <Point Name="E125">-3221.9+11554.2333</Point>
      <Point Name="C015">-1443.4667+13214.8833</Point>
      <Point Name="C025">-1451.7833+13207.6333</Point>
      <Point Name="C035">-3505.8606+14916.3917</Point>
      <Point Name="C045">-3534.5253+14915.1945</Point>
      <Point Name="C045">-3515.2128+14855.547</Point>
      <Point Name="C045">-3508.7715+14925.3991</Point>
      <Point Name="C055">-3514.1844+14850.0254</Point>
      <Point Name="C055">-3505.7155+14929.4727</Point>
      <Point Name="C065">-3512.7059+14843.0827</Point>
      <Point Name="C065">-3500.4947+14936.8112</Point>
      <Point Name="C085">-3509.173+14828.9092</Point>
      <Point Name="C085">-3454.9599+14944.9378</Point>
      <Point Name="C005">-3401.7647+15115.4527</Point>
      <Point Name="C005">-3349.9116+15106.8424</Point>
      <Point Name="C007">-3347.1381+15106.3512</Point>
      <Point Name="C010">-3405.0979+15117.0256</Point>
      <Point Name="C010">-3346.5431+15115.918</Point>
      <Point Name="C015">-3412.6336+15122.9801</Point>
      <Point Name="C015">-3405.4064+15100.466</Point>
      <Point Name="C015">-3353.7167+15059.6667</Point>
      <Point Name="C020">-3350.6883+15100.8623</Point>
      <Point Name="C025">-3408.0009+15054.345</Point>
      <Point Name="C025">-3352.7212+15130.6087</Point>
      <Point Name="C025">-3339.6777+15114.7288</Point>
      <Point Name="C035">-3326.9353+15110.4064</Point>
      <Point Name="C045">-3414.3868+15132.2136</Point>
      <Point Name="C045">-3353.046+15041.8013</Point>
      <Point Name="C045">-3339.5626+15045.6149</Point>
      <Point Name="C045">-3336.5283+15128.4306</Point>
      <Point Name="C075">-3433.5574+15108.7081</Point>
      <Point Name="C075">-3401.647+15024.3828</Point>
      <Point Name="C075">-3322.5153+15130.015</Point>
      <Point Name="C085">-3425.2626+15021.3739</Point>
      <Point Name="C085">-3308.0545+15124.5222</Point>
      <Point Name="C045">-3121.7664+15053.2107</Point>
      <Point Name="C045">-3114.3491+15103.9465</Point>
      <Point Name="C065">-3132.7465+15055.1247</Point>
      <Point Name="D SFC">-3108.4042+15051.2689</Point>
      <Point Name="D035">-3111.1221+15104.4061</Point>
      <Point Name="C020">-3306.9+15157.2</Point>
      <Point Name="C020">-3250.45+15213.3167</Point>
      <Point Name="C020">-3232.8333+15138.6333</Point>
      <Point Name="C025">-3253.9333+15141.5667</Point>
      <Point Name="C025">-3244.75+15129.3</Point>
      <Point Name="C045">-3257.7667+15141.5667</Point>
      <Point Name="E065">-3314.9167+15139.6833</Point>
      <Point Name="E065">-3229.6667+15214.6167</Point>
      <Point Name="E065">-3224.7667+15132.0833</Point>
    </Label>
  </Map>
</Maps>