﻿<?xml version="1.0" encoding="utf-8"?>
<Maps>
  <Map Type="System" Name="KA_TCU" Priority="1" Center="-20.712222+116.773333">
    <!--YPKA-->
    <Runway Name="08/26">
      <Threshold Name="08" Position="-20.714025+116.764711" />
      <Threshold Name="26" Position="-20.711747+116.786472" />
    </Runway>
    <!--Airway Routes-->
    <Line>
      <!--J93-->
      LM VOR/
      ONSLO
    </Line>
    <Line>
      <!--J93-->
      PD VOR/
      VEMTO
    </Line>
    <Line>
      <!--W271-->
      PBO VOR/
      WEBBA
    </Line>
    <Line>
      <!--W758-->
      HOOLI/
      NWN VOR
    </Line>
    <Line>
      <!--Z55-->
      GUGRA/
      AVNOV
    </Line>
  </Map>
  <Map Type="System" Name="KA_TCU_NAMES" Priority="2" Center="-20.712222+116.773333">
    <Label>
      <Point>LM VOR</Point>
      <Point>ONSLO</Point>
      <Point>PD VOR</Point>
      <Point>VEMTO</Point>
      <Point>PBO VOR</Point>
      <Point>WEBBA</Point>
      <Point>HOOLI</Point>
      <Point>NWN VOR</Point>
      <Point>GUGRA</Point>
      <Point>AVNOV</Point>
    </Label>
  </Map>
  <Map Type="System2" Name="KA_VFR" Priority="1" Center="-20.712222+116.773333">
    <Symbol Type="HollowSquare">
      <Point>CMB</Point>
      <Point>COSS</Point>
      <Point>MIAR</Point>
      <Point>MWK</Point>
      <Point>WTHB</Point>
      <Point>WBK</Point>
    </Symbol>
    <Label HasLeader="True">
      <Point>CMB</Point>
      <Point>COSS</Point>
      <Point>MIAR</Point>
      <Point>MWK</Point>
      <Point>WTHB</Point>
      <Point>WBK</Point>
    </Label>
  </Map>
  <Map Type="System2" Name="KA_VFR_FULL_NAME" Priority="1" Center="-20.712222+116.773333">
    <Label HasLeader="True" LabelOrientation="SW">
      <Point Name="CAPE LAMBERT">CMB</Point>
      <Point Name="COSSACK">COSS</Point>
      <Point Name="MIAREE POOL BRIDGE">MIAR</Point>
      <Point Name="MOUNT WILKIE">MWK</Point>
      <Point Name="WITHNELL BAY">WTHB</Point>
      <Point Name="WOODBROOK">WBK</Point>
    </Label>
  </Map>
  <Map Type="System" Name="YPKA_ALLRWYS" Priority="2" Center="-20.712222+116.773333">
    <!--YPKA-->
    <Runway Name="08/26">
      <Threshold Name="08" Position="-20.714025+116.764711" ExtendedCentrelineTrack="263.65" ExtendedCentrelineLength="15" ExtendedCentrelineTickInterval="1" />
      <Threshold Name="26" Position="-20.711747+116.786472" ExtendedCentrelineTrack="83.66" ExtendedCentrelineLength="15" ExtendedCentrelineTickInterval="1" />
    </Runway>
  </Map>
</Maps>