﻿<?xml version="1.0" encoding="utf-8"?>
<Maps>
  <Map Type="System" Name="DN_RWY11" Priority="1" Center="-12.414722+130.876667">
    <!--YPDN-->
    <Runway Name="11/29">
      <Threshold Name="11" Position="-12.409403+130.865261" ExtendedCentrelineTrack="288.91" ExtendedCentrelineLength="10" ExtendedCentrelineTickInterval="1" />
      <Threshold Name="29" Position="-12.419228+130.894442" />
    </Runway>
    <!--SIDs-->
    <Line>
      <!--Rwy11 HELLI5-->
      -122509.220+1305339.990/
      LAPAR/
      KAMSO/
      OLSAN/
      UTTOX/
      BARNY/
      HELLI
    </Line>
    <Line>
      <!--Rwy11 JULIE5-->
      LAPAR/
      MENOB/
      TURGO/
      WUDOF/
      ARUPU/
      SADAR/
      JULIE
    </Line>
    <Line>
      <!--Rwy11 LAKUP5-->
      -122509.220+1305339.990/
      DN VOR/
      ONALI/
      OTGAX/
      LAKUP
    </Line>
    <Line>
      <!--Rwy11 OCTOB8-->
      WUDOF/
      VATPO/
      OCTOB
    </Line>
    <Line>
      <!--Rwy11 OLTAS1-->
      DN VOR/
      UPROX/
      PEBBL/
      UBDIG/
      OLTAS
    </Line>
    <Line>
      <!--Rwy11 RUPEG2-->
      LAPAR/
      SNICK/
      RUPEG
    </Line>
    <Line>
      <!--Rwy11 RUSKA6-->
      ONALI/
      PAGSO/
      VABLI/
      RUSKA
    </Line>
    <Line>
      <!--Rwy11 VANDI7-->
      DN VOR/
      PAMGA/
      BAXIB/
      VANDI
    </Line>
    <!--STARs-->
    <Line>
      <!--Rwy11 ANUP2A-->
      ANUPA/
      SUDAG/
      ENBAB/
      SADAR/
      NASUX
    </Line>
    <Line>
      <!--Rwy11 ANUP2X-->
    </Line>
    <Line>
      <!--Rwy11 GATO3A-->
      GATOR/
      KOOLI/
      VIKUV/
      ELGUM/
      NASUX
    </Line>
    <Line>
      <!--Rwy11 GATO3X-->
    </Line>
    <Line>
      <!--Rwy11 VEGP1A-->
      VEGPU/
      ITTSA/
      OLTEG/
      UPROX/
      KITTY/
      RELOK/
      RIVTO/
      NASUX
    </Line>
    <Line>
      <!--Rwy11 VEGP1W-->
    </Line>
    <Line>
      <!--Rwy11 VEGP1X-->
    </Line>
    <Line>
      <!--Rwy11 WANG5A-->
      WANGI/
      ANONA/
      KIGOS/
      SUDLU/
      RELOK
    </Line>
    <Line>
      <!--Rwy11 WANG5W-->
      SUDLU/
      UPSEN
    </Line>
    <Line>
      <!--Rwy11 WANG5X-->
    </Line>
    <Symbol Type="HollowTriangle">
      <Point>NASUX</Point>
      <Point>KITTY</Point>
      <Point>UPSEN</Point>
    </Symbol>
    <Symbol Type="Circle">
      <Point>DN VOR</Point>
    </Symbol>
    <Symbol Type="HollowStar">
      <Point>LAPAR</Point>
      <Point>KAMSO</Point>
      <Point>OLSAN</Point>
      <Point>UTTOX</Point>
      <Point>BARNY</Point>
      <Point>HELLI</Point>
      <Point>MENOB</Point>
      <Point>TURGO</Point>
      <Point>WUDOF</Point>
      <Point>ARUPU</Point>
      <Point>SADAR</Point>
      <Point>JULIE</Point>
      <Point>ONALI</Point>
      <Point>OTGAX</Point>
      <Point>LAKUP</Point>
      <Point>VATPO</Point>
      <Point>OCTOB</Point>
      <Point>UPROX</Point>
      <Point>PEBBL</Point>
      <Point>UBDIG</Point>
      <Point>OLTAS</Point>
      <Point>SNICK</Point>
      <Point>RUPEG</Point>
      <Point>PAGSO</Point>
      <Point>VABLI</Point>
      <Point>RUSKA</Point>
      <Point>PAMGA</Point>
      <Point>BAXIB</Point>
      <Point>VANDI</Point>
      <Point>ANUPA</Point>
      <Point>SUDAG</Point>
      <Point>ENBAB</Point>
      <Point>GATOR</Point>
      <Point>KOOLI</Point>
      <Point>VIKUV</Point>
      <Point>ELGUM</Point>
      <Point>VEGPU</Point>
      <Point>ITTSA</Point>
      <Point>OLTEG</Point>
      <Point>RELOK</Point>
      <Point>RIVTO</Point>
      <Point>WANGI</Point>
      <Point>ANONA</Point>
      <Point>KIGOS</Point>
      <Point>SUDLU</Point>
    </Symbol>
  </Map>
  <Map Type="System" Name="DN_RWY11_NAMES" Priority="2" Center="-12.414722+130.876667">
    <Label>
      <Point>LAPAR</Point>
      <Point>KAMSO</Point>
      <Point>OLSAN</Point>
      <Point>UTTOX</Point>
      <Point>BARNY</Point>
      <Point>HELLI</Point>
      <Point>MENOB</Point>
      <Point>TURGO</Point>
      <Point>WUDOF</Point>
      <Point>ARUPU</Point>
      <Point>SADAR</Point>
      <Point>JULIE</Point>
      <Point>DN VOR</Point>
      <Point>ONALI</Point>
      <Point>OTGAX</Point>
      <Point>LAKUP</Point>
      <Point>VATPO</Point>
      <Point>OCTOB</Point>
      <Point>UPROX</Point>
      <Point>PEBBL</Point>
      <Point>UBDIG</Point>
      <Point>OLTAS</Point>
      <Point>SNICK</Point>
      <Point>RUPEG</Point>
      <Point>PAGSO</Point>
      <Point>VABLI</Point>
      <Point>RUSKA</Point>
      <Point>PAMGA</Point>
      <Point>BAXIB</Point>
      <Point>VANDI</Point>
      <Point>ANUPA</Point>
      <Point>SUDAG</Point>
      <Point>ENBAB</Point>
      <Point>NASUX</Point>
      <Point>GATOR</Point>
      <Point>KOOLI</Point>
      <Point>VIKUV</Point>
      <Point>ELGUM</Point>
      <Point>VEGPU</Point>
      <Point>ITTSA</Point>
      <Point>OLTEG</Point>
      <Point>KITTY</Point>
      <Point>RELOK</Point>
      <Point>RIVTO</Point>
      <Point>WANGI</Point>
      <Point>ANONA</Point>
      <Point>KIGOS</Point>
      <Point>SUDLU</Point>
      <Point>UPSEN</Point>
      <Point>BELKI</Point>
      <Point>ZAARS</Point>
      <Point>BUTPA</Point>
      <Point>ADKUL</Point>
      <Point>MASRA</Point>
      <Point>IGOPO</Point>
      <Point>PAGMI</Point>
      <Point>DUKEP</Point>
      <Point>NOKUN</Point>
      <Point>SOCAR</Point>
      <Point>KU VOR</Point>
      <Point>JULUP</Point>
      <Point>TUSTU</Point>
      <Point>IBOMU</Point>
      <Point>IRPOM</Point>
      <Point>SUNPO</Point>
      <Point>ANGED</Point>
      <Point>TN VOR</Point>
      <Point>BONES</Point>
      <Point>LARAB</Point>
      <Point>JACKI</Point>
      <Point>AVMAN</Point>
      <Point>NOLEK</Point>
      <Point>STOES</Point>
      <Point>ALLEE</Point>
      <Point>HODDA</Point>
      <Point>DOSBO</Point>
      <Point>NUBKO</Point>
      <Point>NAILA</Point>
      <Point>EGUMI</Point>
      <Point>LEVRI</Point>
      <Point>OPUDA</Point>
      <Point>TRUKA</Point>
      <Point>WOOFA</Point>
      <Point>MGD NDB</Point>
      <Point>SAKEN</Point>
      <Point>DUMPA</Point>
      <Point>KIBET</Point>
      <Point>DAGAK</Point>
      <Point>OVMIS</Point>
      <Point>NUTTA</Point>
      <Point>JOSHU</Point>
      <Point>MILEM</Point>
      <Point>IKASO</Point>
      <Point>GUSNU</Point>
      <Point>BEDUG</Point>
      <Point>ENPUD</Point>
      <Point>ACKER</Point>
      <Point>PUNOT</Point>
      <Point>ADKIV</Point>
      <Point>OPEKO</Point>
      <Point>BEBUX</Point>
      <Point>JULES</Point>
      <Point>MOTRU</Point>
    </Label>
  </Map>
</Maps>