﻿<?xml version="1.0" encoding="utf-8"?>
<Maps>
  <Map Type="System" Name="NW_RWY0308" Priority="1" Center="-34.948889+150.536944">
    <!--YSNW-->
    <Runway Name="08/26">
      <Threshold Name="08" Position="-34.947867+150.526597" ExtendedCentrelineTrack="274.38" ExtendedCentrelineLength="5" ExtendedCentrelineTickInterval="5" />
      <Threshold Name="26" Position="-34.949247+150.548464" />
    </Runway>
    <!--SIDs-->
    <Line>
      <!--Rwy08 NWA5-->
      -345657.290+1503254.470/
      -345657.329+1503254.449/
      -345705.502+1503517.261
    </Line>
    <!--STARs-->
  </Map>
  <Map Type="System" Name="NW_RWY0308_NAMES" Priority="2" Center="-34.948889+150.536944">
    <Label>
      <Point>WLM NDB</Point>
      <Point>LIMLO</Point>
      <Point>OMGAB</Point>
      <Point>OMLAV</Point>
      <Point>ABASS</Point>
      <Point>RIC TAC</Point>
      <Point>RAKSO</Point>
      <Point>TONTO</Point>
      <Point>URBOB</Point>
      <Point>MER NDB</Point>
      <Point>OTKED</Point>
      <Point>JANGU</Point>
      <Point>AKMIR</Point>
      <Point>REVKI</Point>
      <Point>BTH NDB</Point>
      <Point>MUDGI</Point>
      <Point>GLB NDB</Point>
      <Point>AVBEG</Point>
    </Label>
  </Map>
</Maps>