﻿<?xml version="1.0" encoding="utf-8"?>
<Maps>
  <Map Type="System" Name="NW_RWY2126" Priority="1" Center="-34.948889+150.536944">
    <!--YSNW-->
    <Runway Name="03/21">
      <Threshold Name="03" Position="-34.948839+150.536464" />
      <Threshold Name="21" Position="-34.935658+150.552131" ExtendedCentrelineTrack="44.39" ExtendedCentrelineLength="15" ExtendedCentrelineTickInterval="1" />
    </Runway>
    <Runway Name="08/26">
      <Threshold Name="08" Position="-34.947867+150.526597" />
      <Threshold Name="26" Position="-34.949247+150.548464" ExtendedCentrelineTrack="94.39" ExtendedCentrelineLength="5" ExtendedCentrelineTickInterval="5" />
    </Runway>
    <!--SIDs-->
    <Line>
      <!--Rwy21 NWA5-->
      -345655.820+1503211.270/
      -345655.871+1503211.249/
      -345840.000+1503008.523
    </Line>
    <Line>
      <!--Rwy26 NWA5-->
      -345652.320+1503135.750/
      -345652.372+1503135.731/
      -345644.414+1502917.087
    </Line>
    <!--STARs-->
  </Map>
  <Map Type="System" Name="NW_RWY2126_NAMES" Priority="2" Center="-34.948889+150.536944">
    <Label>
      <Point>WLM NDB</Point>
      <Point>LIMLO</Point>
      <Point>OMGAB</Point>
      <Point>OMLAV</Point>
      <Point>ABASS</Point>
      <Point>RIC TAC</Point>
      <Point>RAKSO</Point>
      <Point>TONTO</Point>
      <Point>URBOB</Point>
      <Point>MER NDB</Point>
      <Point>OTKED</Point>
      <Point>JANGU</Point>
      <Point>AKMIR</Point>
      <Point>REVKI</Point>
      <Point>BTH NDB</Point>
      <Point>MUDGI</Point>
      <Point>GLB NDB</Point>
      <Point>AVBEG</Point>
    </Label>
  </Map>
</Maps>