﻿<?xml version="1.0" encoding="utf-8"?>
<Maps>
  <Map Type="System" Name="NW_TCU" Priority="1" Center="-34.948889+150.536944">
    <!--YSNW-->
    <Runway Name="03/21">
      <Threshold Name="03" Position="-34.948839+150.536464" />
      <Threshold Name="21" Position="-34.935658+150.552131" />
    </Runway>
    <Runway Name="08/26">
      <Threshold Name="08" Position="-34.947867+150.526597" />
      <Threshold Name="26" Position="-34.949247+150.548464" />
    </Runway>
    <!--Airway Routes-->
    <Line>
      <!--H536-->
      WLM NDB/
      LIMLO/
      OMGAB/
      OMLAV/
      ABASS
    </Line>
    <Line>
      <!--W144-->
      RIC TAC/
      RAKSO/
      TONTO
    </Line>
    <Line>
      <!--W436-->
      URBOB/
      MER NDB/
      OTKED/
      JANGU
    </Line>
    <Line>
      <!--W575-->
      AKMIR/
      REVKI/
      BTH NDB/
      MUDGI
    </Line>
    <Line>
      <!--W724-->
      GLB NDB/
      AVBEG
    </Line>
  </Map>
  <Map Type="System2" Name="NW_VFR" Priority="1" Center="-34.948889+150.536944">
    <Symbol Type="HollowSquare">
      <Point>APPN</Point>
      <Point>BATB</Point>
      <Point>BWL</Point>
      <Point>CONG</Point>
      <Point>FSHR</Point>
      <Point>KMA</Point>
      <Point>LBT</Point>
      <Point>MSV</Point>
      <Point>PIC</Point>
      <Point>SECF</Point>
      <Point>SLL</Point>
      <Point>TAGO</Point>
      <Point>UDA</Point>
      <Point>WDN</Point>
      <Point>WOI</Point>
    </Symbol>
    <Label HasLeader="True">
      <Point>APPN</Point>
      <Point>BATB</Point>
      <Point>BWL</Point>
      <Point>CONG</Point>
      <Point>FSHR</Point>
      <Point>KMA</Point>
      <Point>LBT</Point>
      <Point>MSV</Point>
      <Point>PIC</Point>
      <Point>SECF</Point>
      <Point>SLL</Point>
      <Point>TAGO</Point>
      <Point>UDA</Point>
      <Point>WDN</Point>
      <Point>WOI</Point>
    </Label>
  </Map>
  <Map Type="System2" Name="NW_VFR_FULL_NAME" Priority="1" Center="-34.948889+150.536944">
    <Label HasLeader="True" LabelOrientation="SW">
      <Point Name="APPIN">APPN</Point>
      <Point Name="BATEMANS BAY">BATB</Point>
      <Point Name="BOWRAL">BWL</Point>
      <Point Name="COMERONG ISLAND">CONG</Point>
      <Point Name="FISHERMANS PARADISE">FSHR</Point>
      <Point Name="KIAMA">KMA</Point>
      <Point Name="LAKE BATHURST">LBT</Point>
      <Point Name="MOSS VALE">MSV</Point>
      <Point Name="PICTON">PIC</Point>
      <Point Name="SEA CLIFF BRIDGE">SECF</Point>
      <Point Name="STANWELL PARK">SLL</Point>
      <Point Name="TARAGO">TAGO</Point>
      <Point Name="ULLADULLA">UDA</Point>
      <Point Name="WANDANDIAN">WDN</Point>
      <Point Name="WOOLLAMIA">WOI</Point>
    </Label>
  </Map>
  <Map Type="System" Name="YSNW_ALLRWYS" Priority="2" Center="-34.948889+150.536944">
    <!--YSNW-->
    <Runway Name="03/21">
      <Threshold Name="03" Position="-34.948839+150.536464" ExtendedCentrelineTrack="224.38" ExtendedCentrelineLength="10" ExtendedCentrelineTickInterval="5" />
      <Threshold Name="21" Position="-34.935658+150.552131" ExtendedCentrelineTrack="44.39" ExtendedCentrelineLength="15" ExtendedCentrelineTickInterval="1" />
    </Runway>
    <!--YSNW-->
    <Runway Name="08/26">
      <Threshold Name="08" Position="-34.947867+150.526597" ExtendedCentrelineTrack="274.38" ExtendedCentrelineLength="5" ExtendedCentrelineTickInterval="5" />
      <Threshold Name="26" Position="-34.949247+150.548464" ExtendedCentrelineTrack="94.39" ExtendedCentrelineLength="5" ExtendedCentrelineTickInterval="5" />
    </Runway>
  </Map>
</Maps>