﻿<?xml version="1.0" encoding="utf-8"?>
<Maps>
  <Map Type="System" Name="WR_TCU" Priority="1" Center="-31.144167+136.816944">
    <!--YPWR-->
    <Runway Name="18/36">
      <Threshold Name="18" Position="-31.135122+136.813869" />
      <Threshold Name="36" Position="-31.156411+136.811347" />
    </Runway>
    <!--Airway Routes-->
    <Line>
      <!--J251-->
      GOMUL/
      CARTS
    </Line>
    <Line>
      <!--J251-->
      OJJAY/
      WHA NDB
    </Line>
  </Map>
  <Map Type="System" Name="WR_TCU_NAMES" Priority="2" Center="-31.144167+136.816944">
    <Label>
      <Point>GOMUL</Point>
      <Point>CARTS</Point>
      <Point>OJJAY</Point>
      <Point>WHA NDB</Point>
    </Label>
  </Map>
  <Map Type="System" Name="YPWR_ALLRWYS" Priority="2" Center="-31.144167+136.816944">
    <!--YPWR-->
    <Runway Name="18/36">
      <Threshold Name="18" Position="-31.135122+136.813869" ExtendedCentrelineTrack="5.82" ExtendedCentrelineLength="15" ExtendedCentrelineTickInterval="1" />
      <Threshold Name="36" Position="-31.156411+136.811347" ExtendedCentrelineTrack="185.82" ExtendedCentrelineLength="5" ExtendedCentrelineTickInterval="5" />
    </Runway>
  </Map>
</Maps>