﻿<?xml version="1.0" encoding="utf-8"?>
<Maps>
  <Map Type="System" Name="BN_RWYSODPROPS" Priority="1" Center="-27.384167+153.117500">
    <!--YBBN-->
    <Runway Name="01R/19L">
      <Threshold Name="01R" Position="-27.402797+153.118219" />
      <Threshold Name="19L" Position="-27.374664+153.134306" />
    </Runway>
    <Runway Name="01L/19R">
      <Threshold Name="01L" Position="-27.383069+153.106803" />
      <Threshold Name="19R" Position="-27.356544+153.121969" ExtendedCentrelineTrack="27.05" ExtendedCentrelineLength="18" ExtendedCentrelineTickInterval="2" />
    </Runway>
    <!--SIDs-->
    <!--STARs-->
    <Line>
      <!--Rwy19R BLAK6A-->
      BLAKA/
      SUNUB/
      LAGOB/
      OVNEB/
      AMITY/
      ESLUB/
      OSEGU/
      PILIG/
      LAVIN/
      OSOKO
    </Line>
    <Line>
      <!--Rwy19R ENLI2A-->
      ENLIP/
      DULIN/
      ALBUB/
      RITVU/
      APUKU/
      DRAIN/
      PAMBU/
      ATRAX/
      LAVIN
    </Line>
    <Line>
      <!--Rwy19R ENLI2X-->
      DRAIN/
      LUVNA
    </Line>
    <Line>
      <!--Rwy19R GOMO4A-->
      GOMOL/
      IRMEL/
      AMITY
    </Line>
    <Line>
      <!--Rwy19R ISPON2.BLAKA-->
      BLAKA/
      DOGMU/
      LAGEV/
      PUBIV/
      ISPON
    </Line>
    <Line>
      <!--Rwy19R ISPON2.ENLIP-->
      ENLIP/
      ODUTO/
      ANSOR/
      PULEX/
      SORVA/
      RUTAT/
      PUBIV
    </Line>
    <Line>
      <!--Rwy19R ISPON2.GOMOL-->
      GOMOL/
      MEKUG/
      SALEL/
      SALGA/
      ISPON
    </Line>
    <Line>
      <!--Rwy19R ISPON2.UGTUG-->
      UGTUG/
      IPGAV/
      ISPON
    </Line>
    <Line>
      <!--Rwy19R ISPON2-->
      ISPON/
      OMGUV/
      LAVIN
    </Line>
    <Line>
      <!--Rwy19R MORB2A-->
      MORBI/
      REMOR/
      GAYLA/
      LUTKO/
      IGBON/
      PAMBU
    </Line>
    <Line>
      <!--Rwy19R MORB2V-->
      GAYLA/
      TOLAX
    </Line>
    <Line>
      <!--Rwy19R SMOK1A-->
      SMOKA/
      OTGAT/
      GARTH/
      BURPA/
      IGBON
    </Line>
    <Line>
      <!--Rwy19R SMOK1X-->
      GARTH/
      DAYBO/
      PAMGO/
      RUTAX/
      DRAIN
    </Line>
    <Line>
      <!--Rwy19R TEBO2A-->
      TEBOT/
      URBIN/
      DOLSU/
      PILIG
    </Line>
    <Line>
      <!--Rwy19R UGTU2A-->
      UGTUG/
      ENAID/
      DUBOM/
      OSEGU
    </Line>
    <Line>
      <!--Rwy19R WODY2A-->
      WOODY/
      ATVON/
      TEGIL/
      PAMGO/
      IGBON
    </Line>
    <Line>
      <!--Rwy19R WODY2V-->
    </Line>
    <Symbol Type="HollowTriangle">
      <Point>OSOKO</Point>
      <Point>LUVNA</Point>
      <Point>TOLAX</Point>
      <Point>PAMGO</Point>
    </Symbol>
    <Symbol Type="HollowStar">
      <Point>BLAKA</Point>
      <Point>SUNUB</Point>
      <Point>LAGOB</Point>
      <Point>OVNEB</Point>
      <Point>AMITY</Point>
      <Point>ESLUB</Point>
      <Point>OSEGU</Point>
      <Point>PILIG</Point>
      <Point>LAVIN</Point>
      <Point>ENLIP</Point>
      <Point>DULIN</Point>
      <Point>ALBUB</Point>
      <Point>RITVU</Point>
      <Point>APUKU</Point>
      <Point>DRAIN</Point>
      <Point>PAMBU</Point>
      <Point>ATRAX</Point>
      <Point>GOMOL</Point>
      <Point>IRMEL</Point>
      <Point>ISPON</Point>
      <Point>OMGUV</Point>
      <Point>DOGMU</Point>
      <Point>LAGEV</Point>
      <Point>PUBIV</Point>
      <Point>ODUTO</Point>
      <Point>ANSOR</Point>
      <Point>PULEX</Point>
      <Point>SORVA</Point>
      <Point>RUTAT</Point>
      <Point>MEKUG</Point>
      <Point>SALEL</Point>
      <Point>SALGA</Point>
      <Point>UGTUG</Point>
      <Point>IPGAV</Point>
      <Point>MORBI</Point>
      <Point>REMOR</Point>
      <Point>GAYLA</Point>
      <Point>LUTKO</Point>
      <Point>IGBON</Point>
      <Point>SMOKA</Point>
      <Point>OTGAT</Point>
      <Point>GARTH</Point>
      <Point>BURPA</Point>
      <Point>DAYBO</Point>
      <Point>RUTAX</Point>
      <Point>TEBOT</Point>
      <Point>URBIN</Point>
      <Point>DOLSU</Point>
      <Point>ENAID</Point>
      <Point>DUBOM</Point>
      <Point>WOODY</Point>
      <Point>ATVON</Point>
      <Point>TEGIL</Point>
    </Symbol>
  </Map>
  <Map Type="System" Name="BN_RWYSODPROPS_NAMES" Priority="2" Center="-27.384167+153.117500">
    <Label>
      <Point>BLAKA</Point>
      <Point>SUNUB</Point>
      <Point>LAGOB</Point>
      <Point>OVNEB</Point>
      <Point>AMITY</Point>
      <Point>ESLUB</Point>
      <Point>OSEGU</Point>
      <Point>PILIG</Point>
      <Point>LAVIN</Point>
      <Point>OSOKO</Point>
      <Point>ENLIP</Point>
      <Point>DULIN</Point>
      <Point>ALBUB</Point>
      <Point>RITVU</Point>
      <Point>APUKU</Point>
      <Point>DRAIN</Point>
      <Point>PAMBU</Point>
      <Point>ATRAX</Point>
      <Point>LUVNA</Point>
      <Point>GOMOL</Point>
      <Point>IRMEL</Point>
      <Point>DOGMU</Point>
      <Point>LAGEV</Point>
      <Point>PUBIV</Point>
      <Point>ISPON</Point>
      <Point>ODUTO</Point>
      <Point>ANSOR</Point>
      <Point>PULEX</Point>
      <Point>SORVA</Point>
      <Point>RUTAT</Point>
      <Point>MEKUG</Point>
      <Point>SALEL</Point>
      <Point>SALGA</Point>
      <Point>UGTUG</Point>
      <Point>IPGAV</Point>
      <Point>OMGUV</Point>
      <Point>MORBI</Point>
      <Point>REMOR</Point>
      <Point>GAYLA</Point>
      <Point>LUTKO</Point>
      <Point>IGBON</Point>
      <Point>TOLAX</Point>
      <Point>SMOKA</Point>
      <Point>OTGAT</Point>
      <Point>GARTH</Point>
      <Point>BURPA</Point>
      <Point>DAYBO</Point>
      <Point>PAMGO</Point>
      <Point>RUTAX</Point>
      <Point>TEBOT</Point>
      <Point>URBIN</Point>
      <Point>DOLSU</Point>
      <Point>ENAID</Point>
      <Point>DUBOM</Point>
      <Point>WOODY</Point>
      <Point>ATVON</Point>
      <Point>TEGIL</Point>
      <Point>MEPEM</Point>
      <Point>GUMKI</Point>
      <Point>ROM NDB</Point>
      <Point>RILGO</Point>
      <Point>LIKTO</Point>
      <Point>SAVER</Point>
      <Point>BONEY</Point>
      <Point>SANEG</Point>
      <Point>HUUGO</Point>
      <Point>APAGI</Point>
      <Point>TESSI</Point>
      <Point>ADMAR</Point>
      <Point>PONUX</Point>
      <Point>ATROP</Point>
      <Point>BANDA</Point>
      <Point>OMKAX</Point>
      <Point>SCOTT</Point>
      <Point>KIBAT</Point>
      <Point>ISKIM</Point>
      <Point>PAVBI</Point>
      <Point>OLKUR</Point>
      <Point>IDRAS</Point>
      <Point>ITIDE</Point>
      <Point>BIXAD</Point>
      <Point>GUDSO</Point>
      <Point>TAPET</Point>
      <Point>LOAFA</Point>
      <Point>GLA VOR</Point>
      <Point>RULUN</Point>
      <Point>BICKL</Point>
      <Point>SU VOR</Point>
      <Point>RUDEY</Point>
      <Point>MESED</Point>
      <Point>HARVS</Point>
      <Point>MISLY</Point>
      <Point>LAROS</Point>
      <Point>IGUPI</Point>
      <Point>COOLA</Point>
      <Point>IBUNA</Point>
      <Point>LEBIT</Point>
      <Point>ATVIL</Point>
      <Point>UNVAT</Point>
      <Point>MILTY</Point>
      <Point>SUSGI</Point>
      <Point>OTLEB</Point>
      <Point>AKOBA</Point>
      <Point>SAGLI</Point>
      <Point>MAGPI</Point>
      <Point>OLDIB</Point>
      <Point>DADBO</Point>
      <Point>TW VOR</Point>
      <Point>SANAD</Point>
      <Point>CFS VOR</Point>
      <Point>TUCAB</Point>
      <Point>TUCKI</Point>
      <Point>JEDDA</Point>
      <Point>BNA NDB</Point>
      <Point>KADSI</Point>
      <Point>UGPOT</Point>
      <Point>IDNER</Point>
      <Point>RUROX</Point>
      <Point>BUD NDB</Point>
      <Point>SOSTU</Point>
      <Point>BUGNU</Point>
      <Point>RIDVO</Point>
      <Point>OK VOR</Point>
      <Point>MATVI</Point>
      <Point>SHIKO</Point>
      <Point>ALDAR</Point>
      <Point>ARM NDB</Point>
      <Point>SPARK</Point>
      <Point>GOPVO</Point>
      <Point>AVBOS</Point>
      <Point>EMTID</Point>
      <Point>SUKTU</Point>
      <Point>EDPEG</Point>
      <Point>BERNI</Point>
      <Point>KANKO</Point>
      <Point>BEPNA</Point>
      <Point>IRMOX</Point>
      <Point>OPIPO</Point>
      <Point>NODOR</Point>
      <Point>BESBO</Point>
      <Point>LAMUG</Point>
      <Point>AGIVA</Point>
      <Point>PARRY</Point>
      <Point>ELENI</Point>
      <Point>AKNON</Point>
      <Point>LIDPO</Point>
      <Point>RIRBO</Point>
    </Label>
  </Map>
</Maps>