﻿<?xml version="1.0" encoding="utf-8"?>
<Maps>
  <Map Type="System2" Name="BN RTCC" Priority="2" Center="-2723.05+15307.05">
    <Line Pattern="Dotted" Width="1.5">
      <Point>-281124.000+1530356.000/-280941.000+1530855.000</Point>
    </Line>
    <Line Pattern="Dotted" Width="1.5">
      <Point>-280941.000+1530855.000/-281141.000+1531451.000</Point>
    </Line>
    <Line Pattern="Dotted" Width="1.5">
      <Point>-281141.000+1531451.000/-281331.000+1531633.000</Point>
    </Line>
    <Line Pattern="Dotted" Width="1.5">
      <Point>-281331.000+1531633.000/-281557.000+1531702.000</Point>
    </Line>
    <Line Pattern="Dotted" Width="1.5">
      <Point>-281557.000+1531702.000/-281802.000+1531637.000</Point>
    </Line>
    <Line Pattern="Dotted" Width="1.5">
      <Point>-281802.000+1531637.000/-282324.000+1532051.000</Point>
    </Line>
    <Line Pattern="Dotted" Width="1.5">
      <Point>-282324.000+1532051.000/-282619.000+1531855.000</Point>
    </Line>
    <Line Pattern="Dotted" Width="1.5">
      <Point>-282619.000+1531855.000/-282902.000+1531244.000</Point>
    </Line>
    <Line Pattern="Dotted" Width="1.5">
      <Point>-282902.000+1531244.000/-283415.000+1530946.000</Point>
    </Line>
    <Line Pattern="Dotted" Width="1.5">
      <Point>-283415.000+1530946.000/-283213.000+1530531.000</Point>
    </Line>
    <Line Pattern="Dotted" Width="1.5">
      <Point>-283213.000+1530531.000/-282236.000+1525833.000</Point>
    </Line>
    <Line Pattern="Dotted" Width="1.5">
      <Point>-282236.000+1525833.000/-281124.000+1530356.000</Point>
    </Line>
    <Line Pattern="Dotted" Width="1.5">
      <Point>-280845.000+1524503.000/-281000.000+1524658.000</Point>
    </Line>
    <Line Pattern="Dotted" Width="1.5">
      <Point>-281000.000+1524658.000/-282328.000+1525058.000</Point>
    </Line>
    <Line Pattern="Dotted" Width="1.5">
      <Point>-282328.000+1525058.000/-282631.000+1524904.000</Point>
    </Line>
    <Line Pattern="Dotted" Width="1.5">
      <Point>-282631.000+1524904.000/-282318.673+1524730.349</Point>
    </Line>
    <Line Pattern="Dotted" Width="1.5">
      <Point>-282318.673+1524730.349/-281958.418+1524620.919</Point>
    </Line>
    <Line Pattern="Dotted" Width="1.5">
      <Point>-281958.418+1524620.919/-281633.594+1524531.643</Point>
    </Line>
    <Line Pattern="Dotted" Width="1.5">
      <Point>-281633.594+1524531.643/-281305.766+1524502.866</Point>
    </Line>
    <Line Pattern="Dotted" Width="1.5">
      <Point>-281305.766+1524502.866/-280936.519+1524454.773</Point>
    </Line>
    <Line Pattern="Dotted" Width="1.5">
      <Point>-280936.519+1524454.773/-280845.000+1524503.000</Point>
    </Line>
    <Line Pattern="Dotted" Width="1.5">
      <Point>-282324.000+1532051.000/-282645.000+1532040.000</Point>
    </Line>
    <Line Pattern="Dotted" Width="1.5">
      <Point>-282645.000+1532040.000/-282849.000+1532440.000</Point>
    </Line>
    <Line Pattern="Dotted" Width="1.5">
      <Point>-282849.000+1532440.000/-283302.000+1532524.000</Point>
    </Line>
    <Line Pattern="Dotted" Width="1.5">
      <Point>-283302.000+1532524.000/-283705.000+1532305.000</Point>
    </Line>
    <Line Pattern="Dotted" Width="1.5">
      <Point>-283705.000+1532305.000/-283810.000+1531756.000</Point>
    </Line>
    <Line Pattern="Dotted" Width="1.5">
      <Point>-283810.000+1531756.000/-283415.000+1530946.000</Point>
    </Line>
    <Line Pattern="Dotted" Width="1.5">
      <Point>-275853.000+1524648.000/-275705.000+1525131.000</Point>
    </Line>
    <Line Pattern="Dotted" Width="1.5">
      <Point>-275705.000+1525131.000/-280000.000+1530433.000</Point>
    </Line>
    <Line Pattern="Dotted" Width="1.5">
      <Point>-280000.000+1530433.000/-280337.000+1530520.000</Point>
    </Line>
    <Line Pattern="Dotted" Width="1.5">
      <Point>-280337.000+1530520.000/-281045.000+1532022.000</Point>
    </Line>
    <Line Pattern="Dotted" Width="1.5">
      <Point>-281045.000+1532022.000/-281357.000+1532145.000</Point>
    </Line>
    <Line Pattern="Dotted" Width="1.5">
      <Point>-281357.000+1532145.000/-281645.000+1532029.000</Point>
    </Line>
    <Line Pattern="Dotted" Width="1.5">
      <Point>-281645.000+1532029.000/-281802.000+1531637.000</Point>
    </Line>
    <Line Pattern="Dotted" Width="1.5">
      <Point>-283810.000+1531756.000/-284528.000+1530924.000</Point>
    </Line>
    <Line Pattern="Dotted" Width="1.5">
      <Point>-284528.000+1530924.000/-284340.761+1530558.684</Point>
    </Line>
    <Line Pattern="Dotted" Width="1.5">
      <Point>-284340.761+1530558.684/-284140.961+1530242.908</Point>
    </Line>
    <Line Pattern="Dotted" Width="1.5">
      <Point>-284140.961+1530242.908/-283926.581+1525939.910</Point>
    </Line>
    <Line Pattern="Dotted" Width="1.5">
      <Point>-283926.581+1525939.910/-283658.659+1525651.089</Point>
    </Line>
    <Line Pattern="Dotted" Width="1.5">
      <Point>-283658.659+1525651.089/-283418.338+1525417.729</Point>
    </Line>
    <Line Pattern="Dotted" Width="1.5">
      <Point>-283418.338+1525417.729/-283126.850+1525200.991</Point>
    </Line>
    <Line Pattern="Dotted" Width="1.5">
      <Point>-283126.850+1525200.991/-282825.516+1525001.904</Point>
    </Line>
    <Line Pattern="Dotted" Width="1.5">
      <Point>-282825.516+1525001.904/-282631.000+1524904.000</Point>
    </Line>
    <Line Pattern="Dotted" Width="1.5">
      <Point>-280845.000+1524503.000/-280721.136+1524500.577</Point>
    </Line>
    <Line Pattern="Dotted" Width="1.5">
      <Point>-280721.136+1524500.577/-280557.658+1524508.493</Point>
    </Line>
    <Line Pattern="Dotted" Width="1.5">
      <Point>-280557.658+1524508.493/-280434.474+1524519.703</Point>
    </Line>
    <Line Pattern="Dotted" Width="1.5">
      <Point>-280434.474+1524519.703/-280311.686+1524534.191</Point>
    </Line>
    <Line Pattern="Dotted" Width="1.5">
      <Point>-280311.686+1524534.191/-280149.393+1524551.936</Point>
    </Line>
    <Line Pattern="Dotted" Width="1.5">
      <Point>-280149.393+1524551.936/-280027.697+1524612.916</Point>
    </Line>
    <Line Pattern="Dotted" Width="1.5">
      <Point>-280027.697+1524612.916/-275906.695+1524637.103</Point>
    </Line>
    <Line Pattern="Dotted" Width="1.5">
      <Point>-275906.695+1524637.103/-275853.000+1524648.000</Point>
    </Line>
    <Line Pattern="Dotted" Width="1.5">
      <Point>-272020.000+1523744.000/-271337.000+1524309.000</Point>
    </Line>
    <Line Pattern="Dotted" Width="1.5">
      <Point>-271337.000+1524309.000/-271337.000+1524903.000</Point>
    </Line>
    <Line Pattern="Dotted" Width="1.5">
      <Point>-271337.000+1524903.000/-271650.000+1525203.000</Point>
    </Line>
    <Line Pattern="Dotted" Width="1.5">
      <Point>-271650.000+1525203.000/-272118.000+1525229.000</Point>
    </Line>
    <Line Pattern="Dotted" Width="1.5">
      <Point>-272118.000+1525229.000/-272315.000+1525138.000</Point>
    </Line>
    <Line Pattern="Dotted" Width="1.5">
      <Point>-272315.000+1525138.000/-272613.000+1524840.000</Point>
    </Line>
    <Line Pattern="Dotted" Width="1.5">
      <Point>-272613.000+1524840.000/-272649.000+1524629.000</Point>
    </Line>
    <Line Pattern="Dotted" Width="1.5">
      <Point>-272649.000+1524629.000/-272623.000+1524324.000</Point>
    </Line>
    <Line Pattern="Dotted" Width="1.5">
      <Point>-272623.000+1524324.000/-272020.000+1523744.000</Point>
    </Line>
    <Line Pattern="Dotted" Width="1.5">
      <Point>-264434.000+1525423.000/-264821.000+1525128.000</Point>
    </Line>
    <Line Pattern="Dotted" Width="1.5">
      <Point>-264821.000+1525128.000/-265435.000+1524640.000</Point>
    </Line>
    <Line Pattern="Dotted" Width="1.5">
      <Point>-265435.000+1524640.000/-265832.000+1524337.000</Point>
    </Line>
    <Line Pattern="Dotted" Width="1.5">
      <Point>-265832.000+1524337.000/-270207.000+1524749.000</Point>
    </Line>
    <Line Pattern="Dotted" Width="1.5">
      <Point>-270207.000+1524749.000/-270613.000+1524916.000</Point>
    </Line>
    <Line Pattern="Dotted" Width="1.5">
      <Point>-270613.000+1524916.000/-270845.000+1524931.000</Point>
    </Line>
    <Line Pattern="Dotted" Width="1.5">
      <Point>-270845.000+1524931.000/-271108.000+1524644.000</Point>
    </Line>
    <Line Pattern="Dotted" Width="1.5">
      <Point>-271108.000+1524644.000/-271337.000+1524903.000</Point>
    </Line>
    <Line Pattern="Dotted" Width="1.5">
      <Point>-272020.000+1523744.000/-270726.000+1522542.000</Point>
    </Line>
    <Line Pattern="Dotted" Width="1.5">
      <Point>-270726.000+1522542.000/-270415.857+1522720.103</Point>
    </Line>
    <Line Pattern="Dotted" Width="1.5">
      <Point>-270415.857+1522720.103/-270115.746+1522919.958</Point>
    </Line>
    <Line Pattern="Dotted" Width="1.5">
      <Point>-270115.746+1522919.958/-265825.589+1523136.869</Point>
    </Line>
    <Line Pattern="Dotted" Width="1.5">
      <Point>-265825.589+1523136.869/-265546.668+1523409.782</Point>
    </Line>
    <Line Pattern="Dotted" Width="1.5">
      <Point>-265546.668+1523409.782/-265320.177+1523657.530</Point>
    </Line>
    <Line Pattern="Dotted" Width="1.5">
      <Point>-265320.177+1523657.530/-265107.218+1523958.837</Point>
    </Line>
    <Line Pattern="Dotted" Width="1.5">
      <Point>-265107.218+1523958.837/-264908.789+1524312.330</Point>
    </Line>
    <Line Pattern="Dotted" Width="1.5">
      <Point>-264908.789+1524312.330/-264725.779+1524636.548</Point>
    </Line>
    <Line Pattern="Dotted" Width="1.5">
      <Point>-264725.779+1524636.548/-264558.958+1525009.953</Point>
    </Line>
    <Line Pattern="Dotted" Width="1.5">
      <Point>-264558.958+1525009.953/-264448.978+1525350.941</Point>
    </Line>
    <Line Pattern="Dotted" Width="1.5">
      <Point>-264448.978+1525350.941/-264434.000+1525423.000</Point>
    </Line>
    <Line Pattern="Dotted" Width="1.5">
      <Point>-274836.000+1524349.000/-274515.000+1524629.000</Point>
    </Line>
    <Line Pattern="Dotted" Width="1.5">
      <Point>-274515.000+1524629.000/-274518.000+1525029.000</Point>
    </Line>
    <Line Pattern="Dotted" Width="1.5">
      <Point>-274518.000+1525029.000/-274708.000+1525222.000</Point>
    </Line>
    <Line Pattern="Dotted" Width="1.5">
      <Point>-274708.000+1525222.000/-275000.000+1525229.000</Point>
    </Line>
    <Line Pattern="Dotted" Width="1.5">
      <Point>-275000.000+1525229.000/-275219.000+1525000.000</Point>
    </Line>
    <Line Pattern="Dotted" Width="1.5">
      <Point>-275219.000+1525000.000/-275203.000+1524618.000</Point>
    </Line>
    <Line Pattern="Dotted" Width="1.5">
      <Point>-275203.000+1524618.000/-274836.000+1524349.000</Point>
    </Line>
    <Line Pattern="Dotted" Width="1.5">
      <Point>-280000.000+1530433.000/-280636.000+1532102.000</Point>
    </Line>
    <Line Pattern="Dotted" Width="1.5">
      <Point>-280636.000+1532102.000/-280737.000+1532309.000</Point>
    </Line>
    <Line Pattern="Dotted" Width="1.5">
      <Point>-280737.000+1532309.000/-281029.000+1532622.000</Point>
    </Line>
    <Line Pattern="Dotted" Width="1.5">
      <Point>-281029.000+1532622.000/-281636.000+1532636.000</Point>
    </Line>
    <Line Pattern="Dotted" Width="1.5">
      <Point>-281636.000+1532636.000/-282000.000+1532407.000</Point>
    </Line>
    <Line Pattern="Dotted" Width="1.5">
      <Point>-282000.000+1532407.000/-282718.000+1533000.000</Point>
    </Line>
    <Line Pattern="Dotted" Width="1.5">
      <Point>-282718.000+1533000.000/-283613.000+1533000.000</Point>
    </Line>
    <Line Pattern="Dotted" Width="1.5">
      <Point>-283613.000+1533000.000/-284042.000+1532513.000</Point>
    </Line>
    <Line Pattern="Dotted" Width="1.5">
      <Point>-284042.000+1532513.000/-284044.000+1531919.000</Point>
    </Line>
    <Line Pattern="Dotted" Width="1.5">
      <Point>-284044.000+1531919.000/-284655.000+1531255.000</Point>
    </Line>
    <Line Pattern="Dotted" Width="1.5">
      <Point>-284655.000+1531255.000/-284617.659+1531129.211</Point>
    </Line>
    <Line Pattern="Dotted" Width="1.5">
      <Point>-284617.659+1531129.211/-284541.622+1531002.943</Point>
    </Line>
    <Line Pattern="Dotted" Width="1.5">
      <Point>-284541.622+1531002.943/-284528.000+1530924.000</Point>
    </Line>
    <Line Pattern="Dotted" Width="1.5">
      <Point>-280000.000+1530433.000/-275255.000+1530647.000</Point>
    </Line>
    <Line Pattern="Dotted" Width="1.5">
      <Point>-275255.000+1530647.000/-275111.000+1531011.000</Point>
    </Line>
    <Line Pattern="Dotted" Width="1.5">
      <Point>-275111.000+1531011.000/-275255.000+1531502.000</Point>
    </Line>
    <Line Pattern="Dotted" Width="1.5">
      <Point>-275255.000+1531502.000/-275505.000+1531618.000</Point>
    </Line>
    <Line Pattern="Dotted" Width="1.5">
      <Point>-275505.000+1531618.000/-280636.000+1532102.000</Point>
    </Line>
    <Line Pattern="Dotted" Width="1.5">
      <Point>-265643.000+1525123.000/-265435.000+1524640.000</Point>
    </Line>
    <Line Pattern="Dotted" Width="1.5">
      <Point>-264821.000+1525128.000/-265135.000+1525522.000</Point>
    </Line>
    <Line Pattern="Dotted" Width="1.5">
      <Point>-265135.000+1525522.000/-265205.018+1525538.616</Point>
    </Line>
    <Line Pattern="Dotted" Width="1.5">
      <Point>-265205.018+1525538.616/-265231.547+1525557.397</Point>
    </Line>
    <Line Pattern="Dotted" Width="1.5">
      <Point>-265231.547+1525557.397/-265300.582+1525610.731</Point>
    </Line>
    <Line Pattern="Dotted" Width="1.5">
      <Point>-265300.582+1525610.731/-265331.240+1525618.211</Point>
    </Line>
    <Line Pattern="Dotted" Width="1.5">
      <Point>-265331.240+1525618.211/-265402.591+1525619.609</Point>
    </Line>
    <Line Pattern="Dotted" Width="1.5">
      <Point>-265402.591+1525619.609/-265433.683+1525614.880</Point>
    </Line>
    <Line Pattern="Dotted" Width="1.5">
      <Point>-265433.683+1525614.880/-265503.570+1525604.168</Point>
    </Line>
    <Line Pattern="Dotted" Width="1.5">
      <Point>-265503.570+1525604.168/-265531.343+1525547.796</Point>
    </Line>
    <Line Pattern="Dotted" Width="1.5">
      <Point>-265531.343+1525547.796/-265556.159+1525526.261</Point>
    </Line>
    <Line Pattern="Dotted" Width="1.5">
      <Point>-265556.159+1525526.261/-265617.263+1525500.218</Point>
    </Line>
    <Line Pattern="Dotted" Width="1.5">
      <Point>-265617.263+1525500.218/-265634.013+1525430.457</Point>
    </Line>
    <Line Pattern="Dotted" Width="1.5">
      <Point>-265634.013+1525430.457/-265645.899+1525357.883</Point>
    </Line>
    <Line Pattern="Dotted" Width="1.5">
      <Point>-265645.899+1525357.883/-265652.560+1525323.488</Point>
    </Line>
    <Line Pattern="Dotted" Width="1.5">
      <Point>-265652.560+1525323.488/-265653.793+1525248.317</Point>
    </Line>
    <Line Pattern="Dotted" Width="1.5">
      <Point>-265653.793+1525248.317/-265649.561+1525213.441</Point>
    </Line>
    <Line Pattern="Dotted" Width="1.5">
      <Point>-265649.561+1525213.441/-265639.992+1525139.921</Point>
    </Line>
    <Line Pattern="Dotted" Width="1.5">
      <Point>-265639.992+1525139.921/-265643.000+1525123.000</Point>
    </Line>
    <Line Pattern="Dotted" Width="1.5">
      <Point>-271650.000+1525203.000/-271108.000+1524644.000</Point>
    </Line>
    <Line Pattern="Dotted" Width="1.5">
      <Point>-265643.000+1525123.000/-265646.482+1525200.264</Point>
    </Line>
    <Line Pattern="Dotted" Width="1.5">
      <Point>-265646.482+1525200.264/-265652.801+1525234.741</Point>
    </Line>
    <Line Pattern="Dotted" Width="1.5">
      <Point>-265652.801+1525234.741/-265653.686+1525309.925</Point>
    </Line>
    <Line Pattern="Dotted" Width="1.5">
      <Point>-265653.686+1525309.925/-265649.108+1525344.746</Point>
    </Line>
    <Line Pattern="Dotted" Width="1.5">
      <Point>-265649.108+1525344.746/-265639.208+1525418.145</Point>
    </Line>
    <Line Pattern="Dotted" Width="1.5">
      <Point>-265639.208+1525418.145/-265624.286+1525449.106</Point>
    </Line>
    <Line Pattern="Dotted" Width="1.5">
      <Point>-265624.286+1525449.106/-265604.796+1525516.687</Point>
    </Line>
    <Line Pattern="Dotted" Width="1.5">
      <Point>-265604.796+1525516.687/-265541.331+1525540.050</Point>
    </Line>
    <Line Pattern="Dotted" Width="1.5">
      <Point>-265541.331+1525540.050/-265514.605+1525558.486</Point>
    </Line>
    <Line Pattern="Dotted" Width="1.5">
      <Point>-265514.605+1525558.486/-265445.431+1525611.434</Point>
    </Line>
    <Line Pattern="Dotted" Width="1.5">
      <Point>-265445.431+1525611.434/-265414.695+1525618.503</Point>
    </Line>
    <Line Pattern="Dotted" Width="1.5">
      <Point>-265414.695+1525618.503/-265343.331+1525619.479</Point>
    </Line>
    <Line Pattern="Dotted" Width="1.5">
      <Point>-265343.331+1525619.479/-265312.292+1525614.333</Point>
    </Line>
    <Line Pattern="Dotted" Width="1.5">
      <Point>-265312.292+1525614.333/-265242.522+1525603.224</Point>
    </Line>
    <Line Pattern="Dotted" Width="1.5">
      <Point>-265242.522+1525603.224/-265214.924+1525546.490</Point>
    </Line>
    <Line Pattern="Dotted" Width="1.5">
      <Point>-265214.924+1525546.490/-265150.336+1525524.640</Point>
    </Line>
    <Line Pattern="Dotted" Width="1.5">
      <Point>-265150.336+1525524.640/-265135.000+1525522.000</Point>
    </Line>
    <Line Pattern="Dotted" Width="1.5">
      <Point>-264434.000+1525423.000/-264417.797+1525555.408</Point>
    </Line>
    <Line Pattern="Dotted" Width="1.5">
      <Point>-264417.797+1525555.408/-264358.517+1525726.688</Point>
    </Line>
    <Line Pattern="Dotted" Width="1.5">
      <Point>-264358.517+1525726.688/-264342.078+1525858.657</Point>
    </Line>
    <Line Pattern="Dotted" Width="1.5">
      <Point>-264342.078+1525858.657/-264328.499+1530031.206</Point>
    </Line>
    <Line Pattern="Dotted" Width="1.5">
      <Point>-264328.499+1530031.206/-264317.796+1530204.225</Point>
    </Line>
    <Line Pattern="Dotted" Width="1.5">
      <Point>-264317.796+1530204.225/-264309.981+1530337.601</Point>
    </Line>
    <Line Pattern="Dotted" Width="1.5">
      <Point>-264309.981+1530337.601/-264305.065+1530511.223</Point>
    </Line>
    <Line Pattern="Dotted" Width="1.5">
      <Point>-264305.065+1530511.223/-264257.000+1530542.000</Point>
    </Line>
    <Line Pattern="Dotted" Width="1.5">
      <Point>-264257.000+1530542.000/-264836.000+1530531.000</Point>
    </Line>
    <Line Pattern="Dotted" Width="1.5">
      <Point>-264836.000+1530531.000/-265842.000+1530242.000</Point>
    </Line>
    <Line Pattern="Dotted" Width="1.5">
      <Point>-265842.000+1530242.000/-270141.000+1525215.000</Point>
    </Line>
    <Line Pattern="Dotted" Width="1.5">
      <Point>-270141.000+1525215.000/-271111.000+1525527.000</Point>
    </Line>
    <Line Pattern="Dotted" Width="1.5">
      <Point>-271111.000+1525527.000/-271619.000+1525402.000</Point>
    </Line>
    <Line Pattern="Dotted" Width="1.5">
      <Point>-271619.000+1525402.000/-271820.000+1525328.000</Point>
    </Line>
    <Line Pattern="Dotted" Width="1.5">
      <Point>-271820.000+1525328.000/-272439.000+1525651.000</Point>
    </Line>
    <Line Pattern="Dotted" Width="1.5">
      <Point>-272439.000+1525651.000/-272757.000+1525400.000</Point>
    </Line>
    <Line Pattern="Dotted" Width="1.5">
      <Point>-272757.000+1525400.000/-272947.000+1525356.000</Point>
    </Line>
    <Line Pattern="Dotted" Width="1.5">
      <Point>-272947.000+1525356.000/-273010.000+1525429.000</Point>
    </Line>
    <Line Pattern="Dotted" Width="1.5">
      <Point>-273010.000+1525429.000/-273200.000+1525349.000</Point>
    </Line>
    <Line Pattern="Dotted" Width="1.5">
      <Point>-273200.000+1525349.000/-273255.000+1525236.000</Point>
    </Line>
    <Line Pattern="Dotted" Width="1.5">
      <Point>-273255.000+1525236.000/-273334.000+1525044.000</Point>
    </Line>
    <Line Pattern="Dotted" Width="1.5">
      <Point>-273334.000+1525044.000/-273232.000+1524745.000</Point>
    </Line>
    <Line Pattern="Dotted" Width="1.5">
      <Point>-273232.000+1524745.000/-272704.000+1524057.000</Point>
    </Line>
    <Line Pattern="Dotted" Width="1.5">
      <Point>-272704.000+1524057.000/-274010.000+1523600.000</Point>
    </Line>
    <Line Pattern="Dotted" Width="1.5">
      <Point>-274010.000+1523600.000/-274827.000+1523821.000</Point>
    </Line>
    <Line Pattern="Dotted" Width="1.5">
      <Point>-274827.000+1523821.000/-275113.000+1523459.000</Point>
    </Line>
    <Line Pattern="Dotted" Width="1.5">
      <Point>-275113.000+1523459.000/-274837.361+1523220.604</Point>
    </Line>
    <Line Pattern="Dotted" Width="1.5">
      <Point>-274837.361+1523220.604/-274550.366+1522957.858</Point>
    </Line>
    <Line Pattern="Dotted" Width="1.5">
      <Point>-274550.366+1522957.858/-274252.968+1522752.222</Point>
    </Line>
    <Line Pattern="Dotted" Width="1.5">
      <Point>-274252.968+1522752.222/-273946.528+1522604.636</Point>
    </Line>
    <Line Pattern="Dotted" Width="1.5">
      <Point>-273946.528+1522604.636/-273632.478+1522435.902</Point>
    </Line>
    <Line Pattern="Dotted" Width="1.5">
      <Point>-273632.478+1522435.902/-273312.305+1522326.668</Point>
    </Line>
    <Line Pattern="Dotted" Width="1.5">
      <Point>-273312.305+1522326.668/-272947.540+1522237.436</Point>
    </Line>
    <Line Pattern="Dotted" Width="1.5">
      <Point>-272947.540+1522237.436/-272619.746+1522208.550</Point>
    </Line>
    <Line Pattern="Dotted" Width="1.5">
      <Point>-272619.746+1522208.550/-272250.509+1522200.197</Point>
    </Line>
    <Line Pattern="Dotted" Width="1.5">
      <Point>-272250.509+1522200.197/-271921.422+1522212.410</Point>
    </Line>
    <Line Pattern="Dotted" Width="1.5">
      <Point>-271921.422+1522212.410/-271554.074+1522245.064</Point>
    </Line>
    <Line Pattern="Dotted" Width="1.5">
      <Point>-271554.074+1522245.064/-271230.040+1522337.878</Point>
    </Line>
    <Line Pattern="Dotted" Width="1.5">
      <Point>-271230.040+1522337.878/-270910.865+1522450.423</Point>
    </Line>
    <Line Pattern="Dotted" Width="1.5">
      <Point>-270910.865+1522450.423/-270726.000+1522542.000</Point>
    </Line>
    <Line Pattern="Dotted" Width="1.5">
      <Point>-274827.000+1523821.000/-274354.000+1524353.000</Point>
    </Line>
    <Line Pattern="Dotted" Width="1.5">
      <Point>-274354.000+1524353.000/-273931.000+1525225.000</Point>
    </Line>
    <Line Pattern="Dotted" Width="1.5">
      <Point>-273931.000+1525225.000/-274121.000+1525713.000</Point>
    </Line>
    <Line Pattern="Dotted" Width="1.5">
      <Point>-274121.000+1525713.000/-275200.000+1525647.000</Point>
    </Line>
    <Line Pattern="Dotted" Width="1.5">
      <Point>-275200.000+1525647.000/-275239.000+1530622.000</Point>
    </Line>
    <Line Pattern="Dotted" Width="1.5">
      <Point>-275239.000+1530622.000/-274515.000+1530949.000</Point>
    </Line>
    <Line Pattern="Dotted" Width="1.5">
      <Point>-274515.000+1530949.000/-274344.000+1531247.000</Point>
    </Line>
    <Line Pattern="Dotted" Width="1.5">
      <Point>-274344.000+1531247.000/-274458.000+1531527.000</Point>
    </Line>
    <Line Pattern="Dotted" Width="1.5">
      <Point>-274458.000+1531527.000/-275303.000+1531952.000</Point>
    </Line>
    <Line Pattern="Dotted" Width="1.5">
      <Point>-275303.000+1531952.000/-275503.000+1531800.000</Point>
    </Line>
    <Line Pattern="Dotted" Width="1.5">
      <Point>-275503.000+1531800.000/-275850.000+1531847.000</Point>
    </Line>
    <Line Pattern="Dotted" Width="1.5">
      <Point>-275850.000+1531847.000/-280049.000+1532127.000</Point>
    </Line>
    <Line Pattern="Dotted" Width="1.5">
      <Point>-280049.000+1532127.000/-280544.000+1532415.000</Point>
    </Line>
    <Line Pattern="Dotted" Width="1.5">
      <Point>-280544.000+1532415.000/-280924.000+1532707.000</Point>
    </Line>
    <Line Pattern="Dotted" Width="1.5">
      <Point>-280924.000+1532707.000/-281029.000+1532622.000</Point>
    </Line>
    <Line Pattern="Dotted" Width="1.5">
      <Point>-275853.000+1524648.000/-275810.364+1524526.118</Point>
    </Line>
    <Line Pattern="Dotted" Width="1.5">
      <Point>-275810.364+1524526.118/-275728.886+1524403.718</Point>
    </Line>
    <Line Pattern="Dotted" Width="1.5">
      <Point>-275728.886+1524403.718/-275644.881+1524243.024</Point>
    </Line>
    <Line Pattern="Dotted" Width="1.5">
      <Point>-275644.881+1524243.024/-275558.402+1524124.136</Point>
    </Line>
    <Line Pattern="Dotted" Width="1.5">
      <Point>-275558.402+1524124.136/-275509.507+1524007.152</Point>
    </Line>
    <Line Pattern="Dotted" Width="1.5">
      <Point>-275509.507+1524007.152/-275418.257+1523852.166</Point>
    </Line>
    <Line Pattern="Dotted" Width="1.5">
      <Point>-275418.257+1523852.166/-275324.715+1523739.269</Point>
    </Line>
    <Line Pattern="Dotted" Width="1.5">
      <Point>-275324.715+1523739.269/-275228.947+1523628.551</Point>
    </Line>
    <Line Pattern="Dotted" Width="1.5">
      <Point>-275228.947+1523628.551/-275131.022+1523520.098</Point>
    </Line>
    <Line Pattern="Dotted" Width="1.5">
      <Point>-275131.022+1523520.098/-275113.000+1523459.000</Point>
    </Line>
    <Line Pattern="Dotted" Width="1.5">
      <Point>-280924.000+1532707.000/-282055.000+1533000.000</Point>
    </Line>
    <Line Pattern="Dotted" Width="1.5">
      <Point>-282055.000+1533000.000/-282639.000+1533356.000</Point>
    </Line>
    <Line Pattern="Dotted" Width="1.5">
      <Point>-282639.000+1533356.000/-283242.000+1533345.000</Point>
    </Line>
    <Line Pattern="Dotted" Width="1.5">
      <Point>-283242.000+1533345.000/-283613.000+1533000.000</Point>
    </Line>
    <Line Pattern="Dotted" Width="1.5">
      <Point>-272439.000+1525651.000/-272439.000+1525811.000</Point>
    </Line>
    <Line Pattern="Dotted" Width="1.5">
      <Point>-272439.000+1525811.000/-272603.000+1530011.000</Point>
    </Line>
    <Line Pattern="Dotted" Width="1.5">
      <Point>-272603.000+1530011.000/-272649.000+1530044.000</Point>
    </Line>
    <Line Pattern="Dotted" Width="1.5">
      <Point>-272649.000+1530044.000/-272836.000+1530015.000</Point>
    </Line>
    <Line Pattern="Dotted" Width="1.5">
      <Point>-272836.000+1530015.000/-273032.000+1525909.000</Point>
    </Line>
    <Line Pattern="Dotted" Width="1.5">
      <Point>-273032.000+1525909.000/-273105.000+1525705.000</Point>
    </Line>
    <Line Pattern="Dotted" Width="1.5">
      <Point>-273105.000+1525705.000/-273055.000+1525558.000</Point>
    </Line>
    <Line Pattern="Dotted" Width="1.5">
      <Point>-273055.000+1525558.000/-273049.000+1525516.000</Point>
    </Line>
    <Line Pattern="Dotted" Width="1.5">
      <Point>-273049.000+1525516.000/-273010.000+1525429.000</Point>
    </Line>
    <Line Pattern="Dotted" Width="1.5">
      <Point>-265842.000+1530242.000/-270816.000+1525731.000</Point>
    </Line>
    <Line Pattern="Dotted" Width="1.5">
      <Point>-270816.000+1525731.000/-271016.000+1525749.000</Point>
    </Line>
    <Line Pattern="Dotted" Width="1.5">
      <Point>-271016.000+1525749.000/-271442.000+1525558.000</Point>
    </Line>
    <Line Pattern="Dotted" Width="1.5">
      <Point>-271442.000+1525558.000/-271648.000+1525628.000</Point>
    </Line>
    <Line Pattern="Dotted" Width="1.5">
      <Point>-271648.000+1525628.000/-271619.000+1525402.000</Point>
    </Line>
    <Line Pattern="Dotted" Width="1.5">
      <Point>-280924.000+1532707.000/-281055.000+1532818.000</Point>
    </Line>
    <Line Pattern="Dotted" Width="1.5">
      <Point>-281055.000+1532818.000/-281436.000+1533051.000</Point>
    </Line>
    <Line Pattern="Dotted" Width="1.5">
      <Point>-281436.000+1533051.000/-281603.000+1533131.000</Point>
    </Line>
    <Line Pattern="Dotted" Width="1.5">
      <Point>-281603.000+1533131.000/-281724.000+1533451.000</Point>
    </Line>
    <Line Pattern="Dotted" Width="1.5">
      <Point>-281724.000+1533451.000/-281829.000+1533615.000</Point>
    </Line>
    <Line Pattern="Dotted" Width="1.5">
      <Point>-281829.000+1533615.000/-282131.000+1533651.000</Point>
    </Line>
    <Line Pattern="Dotted" Width="1.5">
      <Point>-282131.000+1533651.000/-282639.000+1533356.000</Point>
    </Line>
    <Line Pattern="Dotted" Width="1.5">
      <Point>-283242.000+1533345.000/-283937.000+1533858.000</Point>
    </Line>
    <Line Pattern="Dotted" Width="1.5">
      <Point>-283937.000+1533858.000/-284144.000+1533913.000</Point>
    </Line>
    <Line Pattern="Dotted" Width="1.5">
      <Point>-284144.000+1533913.000/-284943.000+1533519.000</Point>
    </Line>
    <Line Pattern="Dotted" Width="1.5">
      <Point>-284943.000+1533519.000/-284951.365+1533119.830</Point>
    </Line>
    <Line Pattern="Dotted" Width="1.5">
      <Point>-284951.365+1533119.830/-284947.004+1532720.891</Point>
    </Line>
    <Line Pattern="Dotted" Width="1.5">
      <Point>-284947.004+1532720.891/-284924.302+1532323.318</Point>
    </Line>
    <Line Pattern="Dotted" Width="1.5">
      <Point>-284924.302+1532323.318/-284843.434+1531928.952</Point>
    </Line>
    <Line Pattern="Dotted" Width="1.5">
      <Point>-284843.434+1531928.952/-284744.718+1531539.610</Point>
    </Line>
    <Line Pattern="Dotted" Width="1.5">
      <Point>-284744.718+1531539.610/-284655.000+1531255.000</Point>
    </Line>
    <Line Pattern="Dotted" Width="1.5">
      <Point>-271648.000+1525628.000/-271834.000+1525652.000</Point>
    </Line>
    <Line Pattern="Dotted" Width="1.5">
      <Point>-271834.000+1525652.000/-272204.000+1525915.000</Point>
    </Line>
    <Line Pattern="Dotted" Width="1.5">
      <Point>-272204.000+1525915.000/-272505.000+1530236.000</Point>
    </Line>
    <Line Pattern="Dotted" Width="1.5">
      <Point>-272505.000+1530236.000/-272836.000+1530113.000</Point>
    </Line>
    <Line Pattern="Dotted" Width="1.5">
      <Point>-272836.000+1530113.000/-272836.000+1530015.000</Point>
    </Line>
    <Line Pattern="Dotted" Width="1.5">
      <Point>-273055.000+1525558.000/-273236.000+1525622.000</Point>
    </Line>
    <Line Pattern="Dotted" Width="1.5">
      <Point>-273236.000+1525622.000/-273442.000+1525447.000</Point>
    </Line>
    <Line Pattern="Dotted" Width="1.5">
      <Point>-273442.000+1525447.000/-273518.000+1525211.000</Point>
    </Line>
    <Line Pattern="Dotted" Width="1.5">
      <Point>-273518.000+1525211.000/-273432.000+1525000.000</Point>
    </Line>
    <Line Pattern="Dotted" Width="1.5">
      <Point>-273432.000+1525000.000/-273511.000+1524655.000</Point>
    </Line>
    <Line Pattern="Dotted" Width="1.5">
      <Point>-273511.000+1524655.000/-273616.000+1524629.000</Point>
    </Line>
    <Line Pattern="Dotted" Width="1.5">
      <Point>-273616.000+1524629.000/-273755.000+1524016.000</Point>
    </Line>
    <Line Pattern="Dotted" Width="1.5">
      <Point>-273755.000+1524016.000/-274059.000+1523758.000</Point>
    </Line>
    <Line Pattern="Dotted" Width="1.5">
      <Point>-274059.000+1523758.000/-274311.000+1524051.000</Point>
    </Line>
    <Line Pattern="Dotted" Width="1.5">
      <Point>-274311.000+1524051.000/-274323.000+1524143.000</Point>
    </Line>
    <Line Pattern="Dotted" Width="1.5">
      <Point>-274323.000+1524143.000/-274006.000+1524429.000</Point>
    </Line>
    <Line Pattern="Dotted" Width="1.5">
      <Point>-274006.000+1524429.000/-273928.000+1524644.000</Point>
    </Line>
    <Line Pattern="Dotted" Width="1.5">
      <Point>-273928.000+1524644.000/-273702.000+1524945.000</Point>
    </Line>
    <Line Pattern="Dotted" Width="1.5">
      <Point>-273702.000+1524945.000/-273636.000+1525200.000</Point>
    </Line>
    <Line Pattern="Dotted" Width="1.5">
      <Point>-273636.000+1525200.000/-273905.000+1525844.000</Point>
    </Line>
    <Line Pattern="Dotted" Width="1.5">
      <Point>-273905.000+1525844.000/-274350.000+1525905.000</Point>
    </Line>
    <Line Pattern="Dotted" Width="1.5">
      <Point>-274350.000+1525905.000/-274640.000+1530046.000</Point>
    </Line>
    <Line Pattern="Dotted" Width="1.5">
      <Point>-274640.000+1530046.000/-274652.000+1530153.000</Point>
    </Line>
    <Line Pattern="Dotted" Width="1.5">
      <Point>-274652.000+1530153.000/-274144.000+1530822.000</Point>
    </Line>
    <Line Pattern="Dotted" Width="1.5">
      <Point>-274144.000+1530822.000/-273718.000+1530451.000</Point>
    </Line>
    <Line Pattern="Dotted" Width="1.5">
      <Point>-273718.000+1530451.000/-273514.000+1530600.000</Point>
    </Line>
    <Line Pattern="Dotted" Width="1.5">
      <Point>-273514.000+1530600.000/-273334.000+1531356.000</Point>
    </Line>
    <Line Pattern="Dotted" Width="1.5">
      <Point>-273334.000+1531356.000/-273629.000+1531745.000</Point>
    </Line>
    <Line Pattern="Dotted" Width="1.5">
      <Point>-273629.000+1531745.000/-274426.000+1531749.000</Point>
    </Line>
    <Line Pattern="Dotted" Width="1.5">
      <Point>-274426.000+1531749.000/-275141.000+1532109.000</Point>
    </Line>
    <Line Pattern="Dotted" Width="1.5">
      <Point>-275141.000+1532109.000/-275750.000+1532335.000</Point>
    </Line>
    <Line Pattern="Dotted" Width="1.5">
      <Point>-275750.000+1532335.000/-280049.000+1532127.000</Point>
    </Line>
    <Line Pattern="Dotted" Width="1.5">
      <Point>-270302.000+1531920.000/-270042.000+1532109.000</Point>
    </Line>
    <Line Pattern="Dotted" Width="1.5">
      <Point>-270042.000+1532109.000/-265921.000+1532429.000</Point>
    </Line>
    <Line Pattern="Dotted" Width="1.5">
      <Point>-265921.000+1532429.000/-270357.000+1532658.000</Point>
    </Line>
    <Line Pattern="Dotted" Width="1.5">
      <Point>-270357.000+1532658.000/-270915.000+1532804.000</Point>
    </Line>
    <Line Pattern="Dotted" Width="1.5">
      <Point>-270915.000+1532804.000/-271226.000+1532553.000</Point>
    </Line>
    <Line Pattern="Dotted" Width="1.5">
      <Point>-271226.000+1532553.000/-271242.000+1532156.000</Point>
    </Line>
    <Line Pattern="Dotted" Width="1.5">
      <Point>-271242.000+1532156.000/-270800.000+1531809.000</Point>
    </Line>
    <Line Pattern="Dotted" Width="1.5">
      <Point>-270800.000+1531809.000/-270302.000+1531920.000</Point>
    </Line>
    <Line Pattern="Dotted" Width="1.5">
      <Point>-272649.000+1532502.000/-272541.000+1532858.000</Point>
    </Line>
    <Line Pattern="Dotted" Width="1.5">
      <Point>-272541.000+1532858.000/-272718.000+1533142.000</Point>
    </Line>
    <Line Pattern="Dotted" Width="1.5">
      <Point>-272718.000+1533142.000/-273010.000+1533244.000</Point>
    </Line>
    <Line Pattern="Dotted" Width="1.5">
      <Point>-273010.000+1533244.000/-273554.000+1532825.000</Point>
    </Line>
    <Line Pattern="Dotted" Width="1.5">
      <Point>-273554.000+1532825.000/-273610.000+1532524.000</Point>
    </Line>
    <Line Pattern="Dotted" Width="1.5">
      <Point>-273610.000+1532524.000/-273531.000+1532229.000</Point>
    </Line>
    <Line Pattern="Dotted" Width="1.5">
      <Point>-273531.000+1532229.000/-273213.000+1532109.000</Point>
    </Line>
    <Line Pattern="Dotted" Width="1.5">
      <Point>-273213.000+1532109.000/-273047.000+1532106.000</Point>
    </Line>
    <Line Pattern="Dotted" Width="1.5">
      <Point>-273047.000+1532106.000/-272839.000+1532102.000</Point>
    </Line>
    <Line Pattern="Dotted" Width="1.5">
      <Point>-272839.000+1532102.000/-272649.000+1532502.000</Point>
    </Line>
    <Line Pattern="Dotted" Width="1.5">
      <Point>-272836.000+1530113.000/-273128.000+1530124.000</Point>
    </Line>
    <Line Pattern="Dotted" Width="1.5">
      <Point>-273128.000+1530124.000/-273213.000+1525822.000</Point>
    </Line>
    <Line Pattern="Dotted" Width="1.5">
      <Point>-273213.000+1525822.000/-273236.000+1525622.000</Point>
    </Line>
    <Line Pattern="Dotted" Width="1.5">
      <Point>-275750.000+1532335.000/-275705.000+1532625.000</Point>
    </Line>
    <Line Pattern="Dotted" Width="1.5">
      <Point>-275705.000+1532625.000/-275839.000+1532847.000</Point>
    </Line>
    <Line Pattern="Dotted" Width="1.5">
      <Point>-275839.000+1532847.000/-280019.000+1532913.000</Point>
    </Line>
    <Line Pattern="Dotted" Width="1.5">
      <Point>-280019.000+1532913.000/-280210.000+1532844.000</Point>
    </Line>
    <Line Pattern="Dotted" Width="1.5">
      <Point>-280210.000+1532844.000/-280305.000+1532720.000</Point>
    </Line>
    <Line Pattern="Dotted" Width="1.5">
      <Point>-280305.000+1532720.000/-280324.000+1532611.000</Point>
    </Line>
    <Line Pattern="Dotted" Width="1.5">
      <Point>-280324.000+1532611.000/-280356.000+1532415.000</Point>
    </Line>
    <Line Pattern="Dotted" Width="1.5">
      <Point>-280356.000+1532415.000/-280838.000+1532739.000</Point>
    </Line>
    <Line Pattern="Dotted" Width="1.5">
      <Point>-280838.000+1532739.000/-281039.000+1533036.000</Point>
    </Line>
    <Line Pattern="Dotted" Width="1.5">
      <Point>-281039.000+1533036.000/-281226.000+1533142.000</Point>
    </Line>
    <Line Pattern="Dotted" Width="1.5">
      <Point>-281226.000+1533142.000/-281436.000+1533051.000</Point>
    </Line>
    <Line Pattern="Dotted" Width="1.5">
      <Point>-271016.000+1525749.000/-271216.000+1525935.000</Point>
    </Line>
    <Line Pattern="Dotted" Width="1.5">
      <Point>-271216.000+1525935.000/-271341.000+1530007.000</Point>
    </Line>
    <Line Pattern="Dotted" Width="1.5">
      <Point>-271341.000+1530007.000/-271649.000+1525920.000</Point>
    </Line>
    <Line Pattern="Dotted" Width="1.5">
      <Point>-271649.000+1525920.000/-271924.000+1530044.000</Point>
    </Line>
    <Line Pattern="Dotted" Width="1.5">
      <Point>-271924.000+1530044.000/-272108.000+1530051.000</Point>
    </Line>
    <Line Pattern="Dotted" Width="1.5">
      <Point>-272108.000+1530051.000/-272505.000+1530236.000</Point>
    </Line>
    <Line Pattern="Dotted" Width="1.5">
      <Point>-265921.000+1532429.000/-265826.000+1532902.000</Point>
    </Line>
    <Line Pattern="Dotted" Width="1.5">
      <Point>-265826.000+1532902.000/-270036.000+1533138.000</Point>
    </Line>
    <Line Pattern="Dotted" Width="1.5">
      <Point>-270036.000+1533138.000/-272216.000+1532840.000</Point>
    </Line>
    <Line Pattern="Dotted" Width="1.5">
      <Point>-272216.000+1532840.000/-272239.000+1533422.000</Point>
    </Line>
    <Line Pattern="Dotted" Width="1.5">
      <Point>-272239.000+1533422.000/-272504.000+1533618.000</Point>
    </Line>
    <Line Pattern="Dotted" Width="1.5">
      <Point>-272504.000+1533618.000/-272829.000+1533516.000</Point>
    </Line>
    <Line Pattern="Dotted" Width="1.5">
      <Point>-272829.000+1533516.000/-273526.000+1533137.000</Point>
    </Line>
    <Line Pattern="Dotted" Width="1.5">
      <Point>-273526.000+1533137.000/-274252.000+1532924.000</Point>
    </Line>
    <Line Pattern="Dotted" Width="1.5">
      <Point>-274252.000+1532924.000/-274458.000+1532636.000</Point>
    </Line>
    <Line Pattern="Dotted" Width="1.5">
      <Point>-274458.000+1532636.000/-274534.000+1532404.000</Point>
    </Line>
    <Line Pattern="Dotted" Width="1.5">
      <Point>-274534.000+1532404.000/-274413.000+1532058.000</Point>
    </Line>
    <Line Pattern="Dotted" Width="1.5">
      <Point>-274413.000+1532058.000/-274111.000+1532055.000</Point>
    </Line>
    <Line Pattern="Dotted" Width="1.5">
      <Point>-274111.000+1532055.000/-273531.000+1532229.000</Point>
    </Line>
    <Line Pattern="Dotted" Width="1.5">
      <Point>-272839.000+1532102.000/-272347.000+1532313.000</Point>
    </Line>
    <Line Pattern="Dotted" Width="1.5">
      <Point>-272347.000+1532313.000/-271210.000+1531818.000</Point>
    </Line>
    <Line Pattern="Dotted" Width="1.5">
      <Point>-271210.000+1531818.000/-270800.000+1531809.000</Point>
    </Line>
    <Line Pattern="Dotted" Width="1.5">
      <Point>-272505.000+1530236.000/-272554.000+1530400.000</Point>
    </Line>
    <Line Pattern="Dotted" Width="1.5">
      <Point>-272554.000+1530400.000/-272724.000+1530538.000</Point>
    </Line>
    <Line Pattern="Dotted" Width="1.5">
      <Point>-272724.000+1530538.000/-273058.000+1530425.000</Point>
    </Line>
    <Line Pattern="Dotted" Width="1.5">
      <Point>-273058.000+1530425.000/-273128.000+1530124.000</Point>
    </Line>
    <Line Pattern="Dotted" Width="1.5">
      <Point>-272724.000+1530538.000/-272708.000+1530742.000</Point>
    </Line>
    <Line Pattern="Dotted" Width="1.5">
      <Point>-272708.000+1530742.000/-272750.000+1530924.000</Point>
    </Line>
    <Line Pattern="Dotted" Width="1.5">
      <Point>-272750.000+1530924.000/-272636.000+1531142.000</Point>
    </Line>
    <Line Pattern="Dotted" Width="1.5">
      <Point>-272636.000+1531142.000/-272632.000+1531513.000</Point>
    </Line>
    <Line Pattern="Dotted" Width="1.5">
      <Point>-272632.000+1531513.000/-272915.000+1531735.000</Point>
    </Line>
    <Line Pattern="Dotted" Width="1.5">
      <Point>-272915.000+1531735.000/-273058.000+1531811.000</Point>
    </Line>
    <Line Pattern="Dotted" Width="1.5">
      <Point>-273058.000+1531811.000/-273047.000+1532106.000</Point>
    </Line>
    <Line Pattern="Dotted" Width="1.5">
      <Point>-274252.000+1532924.000/-274948.000+1532615.000</Point>
    </Line>
    <Line Pattern="Dotted" Width="1.5">
      <Point>-274948.000+1532615.000/-275445.000+1532549.000</Point>
    </Line>
    <Line Pattern="Dotted" Width="1.5">
      <Point>-275445.000+1532549.000/-275705.000+1532625.000</Point>
    </Line>
    <Line Pattern="Dotted" Width="1.5">
      <Point>-273905.000+1525844.000/-273911.000+1530016.000</Point>
    </Line>
    <Line Pattern="Dotted" Width="1.5">
      <Point>-273911.000+1530016.000/-273449.000+1530000.000</Point>
    </Line>
    <Line Pattern="Dotted" Width="1.5">
      <Point>-273449.000+1530000.000/-273213.000+1525822.000</Point>
    </Line>
    <Line Pattern="Dotted" Width="1.5">
      <Point>-280324.000+1532611.000/-280521.000+1532658.000</Point>
    </Line>
    <Line Pattern="Dotted" Width="1.5">
      <Point>-280521.000+1532658.000/-280639.000+1532916.000</Point>
    </Line>
    <Line Pattern="Dotted" Width="1.5">
      <Point>-280639.000+1532916.000/-281023.000+1533156.000</Point>
    </Line>
    <Line Pattern="Dotted" Width="1.5">
      <Point>-281023.000+1533156.000/-281200.000+1533444.000</Point>
    </Line>
    <Line Pattern="Dotted" Width="1.5">
      <Point>-281200.000+1533444.000/-281400.000+1533542.000</Point>
    </Line>
    <Line Pattern="Dotted" Width="1.5">
      <Point>-281400.000+1533542.000/-281613.000+1533513.000</Point>
    </Line>
    <Line Pattern="Dotted" Width="1.5">
      <Point>-281613.000+1533513.000/-281915.000+1533815.000</Point>
    </Line>
    <Line Pattern="Dotted" Width="1.5">
      <Point>-281915.000+1533815.000/-282908.000+1533600.000</Point>
    </Line>
    <Line Pattern="Dotted" Width="1.5">
      <Point>-282908.000+1533600.000/-283354.000+1533658.000</Point>
    </Line>
    <Line Pattern="Dotted" Width="1.5">
      <Point>-283354.000+1533658.000/-283626.000+1534204.000</Point>
    </Line>
    <Line Pattern="Dotted" Width="1.5">
      <Point>-283626.000+1534204.000/-283950.000+1534204.000</Point>
    </Line>
    <Line Pattern="Dotted" Width="1.5">
      <Point>-283950.000+1534204.000/-284909.000+1533923.000</Point>
    </Line>
    <Line Pattern="Dotted" Width="1.5">
      <Point>-284909.000+1533923.000/-284919.076+1533747.778</Point>
    </Line>
    <Line Pattern="Dotted" Width="1.5">
      <Point>-284919.076+1533747.778/-284931.494+1533613.218</Point>
    </Line>
    <Line Pattern="Dotted" Width="1.5">
      <Point>-284931.494+1533613.218/-284943.000+1533519.000</Point>
    </Line>
    <Line Pattern="Dotted" Width="1.5">
      <Point>-274311.000+1524051.000/-273852.000+1524240.000</Point>
    </Line>
    <Line Pattern="Dotted" Width="1.5">
      <Point>-273852.000+1524240.000/-273724.000+1524604.000</Point>
    </Line>
    <Line Pattern="Dotted" Width="1.5">
      <Point>-273724.000+1524604.000/-273616.000+1524629.000</Point>
    </Line>
    <Line Pattern="Dotted" Width="1.5">
      <Point>-273442.000+1525447.000/-273632.000+1525527.000</Point>
    </Line>
    <Line Pattern="Dotted" Width="1.5">
      <Point>-273632.000+1525527.000/-273905.000+1525844.000</Point>
    </Line>
    <Line Pattern="Dotted" Width="1.5">
      <Point>-264302.000+1531017.000/-264636.000+1531207.000</Point>
    </Line>
    <Line Pattern="Dotted" Width="1.5">
      <Point>-264636.000+1531207.000/-264829.000+1531233.000</Point>
    </Line>
    <Line Pattern="Dotted" Width="1.5">
      <Point>-264829.000+1531233.000/-265102.000+1531105.000</Point>
    </Line>
    <Line Pattern="Dotted" Width="1.5">
      <Point>-265102.000+1531105.000/-265144.000+1530727.000</Point>
    </Line>
    <Line Pattern="Dotted" Width="1.5">
      <Point>-265144.000+1530727.000/-265609.000+1530531.000</Point>
    </Line>
    <Line Pattern="Dotted" Width="1.5">
      <Point>-265609.000+1530531.000/-270334.000+1530727.000</Point>
    </Line>
    <Line Pattern="Dotted" Width="1.5">
      <Point>-270334.000+1530727.000/-270515.000+1530705.000</Point>
    </Line>
    <Line Pattern="Dotted" Width="1.5">
      <Point>-270515.000+1530705.000/-271023.000+1530425.000</Point>
    </Line>
    <Line Pattern="Dotted" Width="1.5">
      <Point>-271023.000+1530425.000/-271032.000+1530742.000</Point>
    </Line>
    <Line Pattern="Dotted" Width="1.5">
      <Point>-271032.000+1530742.000/-271203.000+1530927.000</Point>
    </Line>
    <Line Pattern="Dotted" Width="1.5">
      <Point>-271203.000+1530927.000/-271534.000+1531000.000</Point>
    </Line>
    <Line Pattern="Dotted" Width="1.5">
      <Point>-271534.000+1531000.000/-271705.000+1530905.000</Point>
    </Line>
    <Line Pattern="Dotted" Width="1.5">
      <Point>-271705.000+1530905.000/-271757.000+1530756.000</Point>
    </Line>
    <Line Pattern="Dotted" Width="1.5">
      <Point>-271757.000+1530756.000/-271832.000+1530418.000</Point>
    </Line>
    <Line Pattern="Dotted" Width="1.5">
      <Point>-271832.000+1530418.000/-272442.000+1530425.000</Point>
    </Line>
    <Line Pattern="Dotted" Width="1.5">
      <Point>-272442.000+1530425.000/-272554.000+1530400.000</Point>
    </Line>
    <Line Pattern="Dotted" Width="1.5">
      <Point>-264257.000+1530542.000/-264303.028+1530716.012</Point>
    </Line>
    <Line Pattern="Dotted" Width="1.5">
      <Point>-264303.028+1530716.012/-264304.885+1530849.772</Point>
    </Line>
    <Line Pattern="Dotted" Width="1.5">
      <Point>-264304.885+1530849.772/-264302.000+1531017.000</Point>
    </Line>
    <Line Pattern="Dotted" Width="1.5">
      <Point>-264302.000+1531017.000/-264415.170+1531758.946</Point>
    </Line>
    <Line Pattern="Dotted" Width="1.5">
      <Point>-264415.170+1531758.946/-264631.487+1532521.877</Point>
    </Line>
    <Line Pattern="Dotted" Width="1.5">
      <Point>-264631.487+1532521.877/-264954.067+1533211.953</Point>
    </Line>
    <Line Pattern="Dotted" Width="1.5">
      <Point>-264954.067+1533211.953/-265416.847+1533816.849</Point>
    </Line>
    <Line Pattern="Dotted" Width="1.5">
      <Point>-265416.847+1533816.849/-265931.952+1534325.532</Point>
    </Line>
    <Line Pattern="Dotted" Width="1.5">
      <Point>-265931.952+1534325.532/-270529.918+1534728.594</Point>
    </Line>
    <Line Pattern="Dotted" Width="1.5">
      <Point>-270529.918+1534728.594/-271159.968+1535018.535</Point>
    </Line>
    <Line Pattern="Dotted" Width="1.5">
      <Point>-271159.968+1535018.535/-271850.327+1535150.009</Point>
    </Line>
    <Line Pattern="Dotted" Width="1.5">
      <Point>-271850.327+1535150.009/-272548.571+1535200.003</Point>
    </Line>
    <Line Pattern="Dotted" Width="1.5">
      <Point>-272548.571+1535200.003/-273241.998+1535047.960</Point>
    </Line>
    <Line Pattern="Dotted" Width="1.5">
      <Point>-273241.998+1535047.960/-273356.000+1535020.000</Point>
    </Line>
    <Line Pattern="Dotted" Width="1.5">
      <Point>-273356.000+1535020.000/-273736.032+1535701.964</Point>
    </Line>
    <Line Pattern="Dotted" Width="1.5">
      <Point>-273736.032+1535701.964/-274211.052+1540257.885</Point>
    </Line>
    <Line Pattern="Dotted" Width="1.5">
      <Point>-274211.052+1540257.885/-274736.436+1540754.980</Point>
    </Line>
    <Line Pattern="Dotted" Width="1.5">
      <Point>-274736.436+1540754.980/-275342.412+1541144.170</Point>
    </Line>
    <Line Pattern="Dotted" Width="1.5">
      <Point>-275342.412+1541144.170/-280017.957+1541418.356</Point>
    </Line>
    <Line Pattern="Dotted" Width="1.5">
      <Point>-280017.957+1541418.356/-280711.127+1541532.649</Point>
    </Line>
    <Line Pattern="Dotted" Width="1.5">
      <Point>-280711.127+1541532.649/-281409.404+1541524.541</Point>
    </Line>
    <Line Pattern="Dotted" Width="1.5">
      <Point>-281409.404+1541524.541/-282100.077+1541354.013</Point>
    </Line>
    <Line Pattern="Dotted" Width="1.5">
      <Point>-282100.077+1541354.013/-282730.626+1541103.566</Point>
    </Line>
    <Line Pattern="Dotted" Width="1.5">
      <Point>-282730.626+1541103.566/-283329.106+1540658.175</Point>
    </Line>
    <Line Pattern="Dotted" Width="1.5">
      <Point>-283329.106+1540658.175/-283844.521+1540145.168</Point>
    </Line>
    <Line Pattern="Dotted" Width="1.5">
      <Point>-283844.521+1540145.168/-284307.168+1535534.014</Point>
    </Line>
    <Line Pattern="Dotted" Width="1.5">
      <Point>-284307.168+1535534.014/-284628.951+1534836.045</Point>
    </Line>
    <Line Pattern="Dotted" Width="1.5">
      <Point>-284628.951+1534836.045/-284843.637+1534104.104</Point>
    </Line>
    <Line Pattern="Dotted" Width="1.5">
      <Point>-284843.637+1534104.104/-284909.000+1533923.000</Point>
    </Line>
    <Line Pattern="Dotted" Width="1.5">
      <Point>-275445.000+1532549.000/-274829.000+1532615.000</Point>
    </Line>
    <Line Pattern="Dotted" Width="1.5">
      <Point>-274829.000+1532615.000/-274252.000+1532924.000</Point>
    </Line>
    <Line Pattern="Dotted" Width="1.5">
      <Point>-264302.000+1531017.000/-264302.000+1531017.000</Point>
    </Line>
    <Label HasLeader="false" Alignment="Center" VerticalAlignment="Bottom">
      <Point Name="33">-265336.251+1525201.075</Point>
      <Point Name="37">-270502.993+1523824.559</Point>
      <Point Name="31">-270103.629+1525039.652</Point>
      <Point Name="25">-270535.085+1525648.443</Point>
      <Point Name="17">-270521.613+1530303.086</Point>
      <Point Name="24">-270745.806+1532312.305</Point>
      <Point Name="17">-271454.841+1530401.136</Point>
      <Point Name="29">-271616.647+1525747.276</Point>
      <Point Name="15">-271542.965+1531411.485</Point>
      <Point Name="24">-272141.659+1525628.949</Point>
      <Point Name="31">-272809.113+1525116.250</Point>
      <Point Name="39">-272113.947+1524603.846</Point>
      <Point Name="31">-272211.842+1523121.011</Point>
      <Point Name="31">-273859.711+1523055.299</Point>
      <Point Name="24">-273411.984+1524306.623</Point>
      <Point Name="18">-273717.058+1524817.500</Point>
      <Point Name="15">-274114.127+1524028.901</Point>
      <Point Name="24">-273936.668+1525034.799</Point>
      <Point Name="24">-274527.847+1523928.367</Point>
      <Point Name="37">-274943.186+1524757.354</Point>
      <Point Name="30">-274405.010+1525249.672</Point>
      <Point Name="15">-273625.173+1525753.158</Point>
      <Point Name="18">-274123.938+1530300.641</Point>
      <Point Name="24">-275049.085+1530152.850</Point>
      <Point Name="26">-272911.127+1525709.404</Point>
      <Point Name="18">-273159.941+1531012.499</Point>
      <Point Name="24">-274016.852+1531308.321</Point>
      <Point Name="20">-271908.024+1532525.991</Point>
      <Point Name="22">-273213.480+1532701.061</Point>
      <Point Name="20">-274004.307+1532621.469</Point>
      <Point Name="18">-274953.631+1532300.323</Point>
      <Point Name="30">-274953.730+1531312.022</Point>
      <Point Name="34">-275919.659+1531208.648</Point>
      <Point Name="30">-275645.845+1525905.843</Point>
      <Point Name="48">-281759.210+1524716.596</Point>
      <Point Name="44">-281650.763+1525242.643</Point>
      <Point Name="53">-282148.993+1530845.815</Point>
      <Point Name="44">-281019.461+1531330.524</Point>
      <Point Name="37">-280722.876+1531554.277</Point>
      <Point Name="37">-282114.798+1532151.069</Point>
      <Point Name="30">-280433.246+1532135.316</Point>
      <Point Name="21">-280130.684+1532510.121</Point>
      <Point Name="21">-281235.275+1533010.688</Point>
      <Point Name="18">-281344.070+1533405.698</Point>
      <Point Name="25">-282125.123+1533253.280</Point>
      <Point Name="28">-282409.633+1532904.062</Point>
      <Point Name="46">-283152.537+1531820.217</Point>
      <Point Name="37">-283732.138+1532648.284</Point>
      <Point Name="44">-284006.725+1530904.635</Point>
      <Point Name="25">-284214.844+1533211.506</Point>
      <Point Name="18">-283813.360+1533953.221</Point>
      <Point Name="21">-273144.745+1530001.614</Point>
      <Point Name="19">-273001.156+1530304.496</Point>
      <Point Name="15">-271821.491+1534030.125</Point>
      <Point Name="15">-280759.213+1534847.042</Point>
    </Label>
  </Map>
</Maps>