﻿<?xml version="1.0" encoding="utf-8"?>
<Maps>
  <Map Type="System" Name="BN_RWY19PROPS" Priority="1" Center="-27.384167+153.117500">
    <!--YBBN-->
    <Runway Name="01R/19L">
      <Threshold Name="01R" Position="-27.402797+153.118219" />
      <Threshold Name="19L" Position="-27.374664+153.134306" ExtendedCentrelineTrack="27.04" ExtendedCentrelineLength="18" ExtendedCentrelineTickInterval="2" />
    </Runway>
    <Runway Name="01L/19R">
      <Threshold Name="01L" Position="-27.383069+153.106803" />
      <Threshold Name="19R" Position="-27.356544+153.121969" ExtendedCentrelineTrack="27.05" ExtendedCentrelineLength="18" ExtendedCentrelineTickInterval="2" />
    </Runway>
    <!--SIDs-->
    <Line>
      <!--Rwy19L GUMKI2-->
      -272410.070+1530705.590/
      BOSVU/
      DADAN/
      DENIS/
      LILEE/
      IDPAT/
      DUGAL/
      BEMAN/
      IDKOS/
      GUMKI
    </Line>
    <Line>
      <!--Rwy19L SANEG2-->
      LILEE/
      SANEG
    </Line>
    <Line>
      <!--Rwy19L SCOTT4-->
      DUGAL/
      SCOTT
    </Line>
    <Line>
      <!--Rwy19R BIXAD2-->
      -272259.050+1530624.490/
      DAMDA/
      TOGIN/
      ALBUB/
      AMBLE/
      DEBAY/
      BUKBU/
      BIXAD
    </Line>
    <Line>
      <!--Rwy19R WACKO4-->
      TOGIN/
      IGMAS/
      WACKO
    </Line>
    <!--STARs-->
    <Line>
      <!--Rwy19L BLAK6A-->
      BLAKA/
      DOGMU/
      LAGEV/
      PUBIV/
      ISPON/
      OMGUV/
      BETSO
    </Line>
    <Line>
      <!--Rwy19L BLAK6X-->
      LAGEV/
      RINKI/
      PUBIV/
      ATSEP
    </Line>
    <Line>
      <!--Rwy19L ENLI2A-->
      ENLIP/
      ODUTO/
      ANSOR/
      PULEX/
      SORVA/
      RUTAT/
      PUBIV
    </Line>
    <Line>
      <!--Rwy19L ENLI2X-->
    </Line>
    <Line>
      <!--Rwy19L GOMO4A-->
      GOMOL/
      MEKUG/
      SALEL/
      SALGA/
      ISPON
    </Line>
    <Line>
      <!--Rwy19L GOMO4V-->
      SALEL/
      OLVUN
    </Line>
    <Line>
      <!--Rwy19L GOMO4X-->
      SALEL/
      VALVO/
      PUBIV
    </Line>
    <Line>
      <!--Rwy19L TEBO2A-->
      TEBOT/
      URBIN/
      KALTO/
      OMGUV
    </Line>
    <Line>
      <!--Rwy19L UGTU2A-->
      UGTUG/
      IPGAV/
      ISPON
    </Line>
    <Line>
      <!--Rwy19L UGTU2X-->
      IPGAV/
      TEMUL/
      BUGSO/
      ATSEP
    </Line>
    <Line>
      <!--Rwy19R MORB2A-->
      MORBI/
      REMOR/
      GAYLA/
      LUTKO/
      IGBON/
      PAMBU/
      ATRAX/
      LAVIN/
      OSOKO
    </Line>
    <Line>
      <!--Rwy19R MORB2V-->
      GAYLA/
      TOLAX
    </Line>
    <Line>
      <!--Rwy19R SMOK1A-->
      SMOKA/
      OTGAT/
      GARTH/
      BURPA/
      IGBON
    </Line>
    <Line>
      <!--Rwy19R SMOK1X-->
      GARTH/
      DAYBO/
      PAMGO/
      RUTAX/
      DRAIN/
      LUVNA
    </Line>
    <Line>
      <!--Rwy19R WODY2A-->
      WOODY/
      ATVON/
      TEGIL/
      PAMGO/
      IGBON
    </Line>
    <Line>
      <!--Rwy19R WODY2V-->
    </Line>
    <Symbol Type="HollowTriangle">
      <Point>BETSO</Point>
      <Point>ATSEP</Point>
      <Point>OLVUN</Point>
      <Point>OSOKO</Point>
      <Point>TOLAX</Point>
      <Point>LUVNA</Point>
      <Point>PAMGO</Point>
    </Symbol>
    <Symbol Type="SolidStar">
      <Point>BOSVU</Point>
      <Point>DAMDA</Point>
      <Point>TOGIN</Point>
    </Symbol>
    <Symbol Type="HollowStar">
      <Point>DADAN</Point>
      <Point>DENIS</Point>
      <Point>LILEE</Point>
      <Point>IDPAT</Point>
      <Point>DUGAL</Point>
      <Point>BEMAN</Point>
      <Point>IDKOS</Point>
      <Point>GUMKI</Point>
      <Point>SANEG</Point>
      <Point>SCOTT</Point>
      <Point>ALBUB</Point>
      <Point>AMBLE</Point>
      <Point>DEBAY</Point>
      <Point>BUKBU</Point>
      <Point>BIXAD</Point>
      <Point>IGMAS</Point>
      <Point>WACKO</Point>
      <Point>BLAKA</Point>
      <Point>DOGMU</Point>
      <Point>LAGEV</Point>
      <Point>PUBIV</Point>
      <Point>ISPON</Point>
      <Point>OMGUV</Point>
      <Point>RINKI</Point>
      <Point>ENLIP</Point>
      <Point>ODUTO</Point>
      <Point>ANSOR</Point>
      <Point>PULEX</Point>
      <Point>SORVA</Point>
      <Point>RUTAT</Point>
      <Point>GOMOL</Point>
      <Point>MEKUG</Point>
      <Point>SALEL</Point>
      <Point>SALGA</Point>
      <Point>VALVO</Point>
      <Point>TEBOT</Point>
      <Point>URBIN</Point>
      <Point>KALTO</Point>
      <Point>UGTUG</Point>
      <Point>IPGAV</Point>
      <Point>TEMUL</Point>
      <Point>BUGSO</Point>
      <Point>MORBI</Point>
      <Point>REMOR</Point>
      <Point>GAYLA</Point>
      <Point>LUTKO</Point>
      <Point>IGBON</Point>
      <Point>PAMBU</Point>
      <Point>ATRAX</Point>
      <Point>LAVIN</Point>
      <Point>SMOKA</Point>
      <Point>OTGAT</Point>
      <Point>GARTH</Point>
      <Point>BURPA</Point>
      <Point>DAYBO</Point>
      <Point>RUTAX</Point>
      <Point>DRAIN</Point>
      <Point>WOODY</Point>
      <Point>ATVON</Point>
      <Point>TEGIL</Point>
    </Symbol>
    <!--(BN) RWY19PROPS Airspace-->
    <Line Name="(BN) RWY19PROPS" Width="1.7" Pattern="Dotted">
      -272311.460+1534205.560/-272146.616+1532914.160/-273805.056+1532806.763/-274729.398+1533006.351
    </Line>
    <Line Name="(BN) RWY19PROPS_1" Width="1.7" Pattern="Dotted">
      -271325.000+1524103.000/-271231.248+1525504.058/-272126.601+1530717.910/-272222.933+1530805.287
    </Line>
    <Line Name="(BN) RWY19PROPS_2" Width="1.7" Pattern="Dotted">
      -272222.933+1530805.287/-272706.563+1531637.883/-273836.412+1531641.066/-275140.536+1531243.157
    </Line>
    <Line Name="(BN) RWY19PROPS_3" Width="1.7" Pattern="Dotted">
      -265516.191+1532337.251/-274840.645+1525303.590
    </Line>
    <Label HasLeader="false" Alignment="Center" VerticalAlignment="Middle">
      <!--(BN) RWY19PROPS Labels-->
      <Point Name="BDN">-27.581602+152.905597</Point>
      <Point Name="BDN/BAN">-26.959428+153.246671</Point>
      <Point Name="BDS">-27.486336+153.578341</Point>
      <Point Name="BDS">-27.715979+153.092582</Point>
      <Point Name="BDS/BAS">-27.181279+153.564636</Point>
    </Label>
  </Map>
  <Map Type="REST_NTZ_DAIW" Name="BN_RWY19PROPS-NTZ" Priority="0">
    <Line Pattern="Solid">
      -272133.825+1530741.644/-271706.680+1531014.789/-271715.646+1531034.589/-271706.680+1531014.789/-270532.008+1531652.276/-270540.974+1531712.042/-272142.312+1530800.342/-272133.825+1530741.644
    </Line>
  </Map>
  <Map Type="System" Name="BN_RWY19PROPS_NAMES" Priority="2" Center="-27.384167+153.117500">
    <Label>
      <Point>BOSVU</Point>
      <Point>DADAN</Point>
      <Point>DENIS</Point>
      <Point>LILEE</Point>
      <Point>IDPAT</Point>
      <Point>DUGAL</Point>
      <Point>BEMAN</Point>
      <Point>IDKOS</Point>
      <Point>GUMKI</Point>
      <Point>SANEG</Point>
      <Point>SCOTT</Point>
      <Point>DAMDA</Point>
      <Point>TOGIN</Point>
      <Point>ALBUB</Point>
      <Point>AMBLE</Point>
      <Point>DEBAY</Point>
      <Point>BUKBU</Point>
      <Point>BIXAD</Point>
      <Point>IGMAS</Point>
      <Point>WACKO</Point>
      <Point>BLAKA</Point>
      <Point>DOGMU</Point>
      <Point>LAGEV</Point>
      <Point>PUBIV</Point>
      <Point>ISPON</Point>
      <Point>OMGUV</Point>
      <Point>BETSO</Point>
      <Point>RINKI</Point>
      <Point>ATSEP</Point>
      <Point>ENLIP</Point>
      <Point>ODUTO</Point>
      <Point>ANSOR</Point>
      <Point>PULEX</Point>
      <Point>SORVA</Point>
      <Point>RUTAT</Point>
      <Point>GOMOL</Point>
      <Point>MEKUG</Point>
      <Point>SALEL</Point>
      <Point>SALGA</Point>
      <Point>OLVUN</Point>
      <Point>VALVO</Point>
      <Point>TEBOT</Point>
      <Point>URBIN</Point>
      <Point>KALTO</Point>
      <Point>UGTUG</Point>
      <Point>IPGAV</Point>
      <Point>TEMUL</Point>
      <Point>BUGSO</Point>
      <Point>MORBI</Point>
      <Point>REMOR</Point>
      <Point>GAYLA</Point>
      <Point>LUTKO</Point>
      <Point>IGBON</Point>
      <Point>PAMBU</Point>
      <Point>ATRAX</Point>
      <Point>LAVIN</Point>
      <Point>OSOKO</Point>
      <Point>TOLAX</Point>
      <Point>SMOKA</Point>
      <Point>OTGAT</Point>
      <Point>GARTH</Point>
      <Point>BURPA</Point>
      <Point>DAYBO</Point>
      <Point>PAMGO</Point>
      <Point>RUTAX</Point>
      <Point>DRAIN</Point>
      <Point>LUVNA</Point>
      <Point>WOODY</Point>
      <Point>ATVON</Point>
      <Point>TEGIL</Point>
      <Point>MEPEM</Point>
      <Point>ROM NDB</Point>
      <Point>RILGO</Point>
      <Point>LIKTO</Point>
      <Point>SAVER</Point>
      <Point>BONEY</Point>
      <Point>HUUGO</Point>
      <Point>APAGI</Point>
      <Point>TESSI</Point>
      <Point>ADMAR</Point>
      <Point>PONUX</Point>
      <Point>ATROP</Point>
      <Point>BANDA</Point>
      <Point>OMKAX</Point>
      <Point>KIBAT</Point>
      <Point>ISKIM</Point>
      <Point>PAVBI</Point>
      <Point>OLKUR</Point>
      <Point>IDRAS</Point>
      <Point>ITIDE</Point>
      <Point>GUDSO</Point>
      <Point>TAPET</Point>
      <Point>LOAFA</Point>
      <Point>GLA VOR</Point>
      <Point>RULUN</Point>
      <Point>BICKL</Point>
      <Point>SU VOR</Point>
      <Point>RUDEY</Point>
      <Point>MESED</Point>
      <Point>HARVS</Point>
      <Point>MISLY</Point>
      <Point>LAROS</Point>
      <Point>IGUPI</Point>
      <Point>COOLA</Point>
      <Point>IBUNA</Point>
      <Point>LEBIT</Point>
      <Point>ATVIL</Point>
      <Point>UNVAT</Point>
      <Point>MILTY</Point>
      <Point>SUSGI</Point>
      <Point>OTLEB</Point>
      <Point>AKOBA</Point>
      <Point>SAGLI</Point>
      <Point>MAGPI</Point>
      <Point>OLDIB</Point>
      <Point>DADBO</Point>
      <Point>TW VOR</Point>
      <Point>SANAD</Point>
      <Point>CFS VOR</Point>
      <Point>TUCAB</Point>
      <Point>TUCKI</Point>
      <Point>JEDDA</Point>
      <Point>DULIN</Point>
      <Point>BNA NDB</Point>
      <Point>KADSI</Point>
      <Point>UGPOT</Point>
      <Point>IDNER</Point>
      <Point>RUROX</Point>
      <Point>BUD NDB</Point>
      <Point>SOSTU</Point>
      <Point>BUGNU</Point>
      <Point>RIDVO</Point>
      <Point>OK VOR</Point>
      <Point>MATVI</Point>
      <Point>SHIKO</Point>
      <Point>ALDAR</Point>
      <Point>ARM NDB</Point>
      <Point>SPARK</Point>
      <Point>ENAID</Point>
      <Point>GOPVO</Point>
      <Point>AVBOS</Point>
      <Point>EMTID</Point>
      <Point>SUKTU</Point>
      <Point>EDPEG</Point>
      <Point>BERNI</Point>
      <Point>KANKO</Point>
      <Point>BEPNA</Point>
      <Point>IRMOX</Point>
      <Point>OPIPO</Point>
      <Point>NODOR</Point>
      <Point>BESBO</Point>
      <Point>LAMUG</Point>
      <Point>AGIVA</Point>
      <Point>PARRY</Point>
      <Point>ELENI</Point>
      <Point>AKNON</Point>
      <Point>LAGOB</Point>
      <Point>LIDPO</Point>
      <Point>RIRBO</Point>
    </Label>
  </Map>
</Maps>