﻿<?xml version="1.0" encoding="utf-8"?>
<Maps>
  <Map Type="System" Name="BN_RWY01PROPS" Priority="1" Center="-27.384167+153.117500">
    <!--YBBN-->
    <Runway Name="01L/19R">
      <Threshold Name="01L" Position="-27.383069+153.106803" ExtendedCentrelineTrack="207.04" ExtendedCentrelineLength="18" ExtendedCentrelineTickInterval="2" />
      <Threshold Name="19R" Position="-27.356544+153.121969" />
    </Runway>
    <Runway Name="01R/19L">
      <Threshold Name="01R" Position="-27.402797+153.118219" ExtendedCentrelineTrack="207.04" ExtendedCentrelineLength="18" ExtendedCentrelineTickInterval="2" />
      <Threshold Name="19L" Position="-27.374664+153.134306" />
    </Runway>
    <!--SIDs-->
    <Line>
      <!--Rwy01L BIXAD2-->
      -272123.560+1530719.090/
      OSOKO/
      BUKBU/
      BIXAD
    </Line>
    <Line>
      <!--Rwy01R GUMKI2-->
      -272228.790+1530803.500/
      BEERN/
      OLMAL/
      KAKEB/
      ESNIT/
      GUMKI
    </Line>
    <Line>
      <!--Rwy01R SANEG2-->
      KAKEB/
      OBDES/
      UPRIG/
      METEP/
      BEKAG/
      SANEG
    </Line>
    <Line>
      <!--Rwy01R SCOTT4-->
      KAKEB/
      UGUMO/
      IBIMU/
      NOPAS/
      SCOTT
    </Line>
    <!--STARs-->
    <Line>
      <!--Rwy01L ENLI2A-->
      ENLIP/
      ODUTO/
      ANSOR/
      GORSO/
      TANIK
    </Line>
    <Line>
      <!--Rwy01L MORB2A-->
      MORBI/
      REMOR/
      GAYLA/
      DAYBO/
      ONIPA/
      TAPUL/
      SULDO/
      DABKO/
      TANIK
    </Line>
    <Line>
      <!--Rwy01L MORB2V-->
    </Line>
    <Line>
      <!--Rwy01L SMOK1A-->
      SMOKA/
      OTGAT/
      GARTH/
      ESNAV/
      DAPTU/
      RUKNO/
      TAPUL
    </Line>
    <Line>
      <!--Rwy01L SMOK1X-->
      RUKNO/
      RUSVA
    </Line>
    <Line>
      <!--Rwy01L WODY2A-->
      WOODY/
      NUSBU/
      NODUG/
      RUKNO
    </Line>
    <Line>
      <!--Rwy01L WODY2V-->
    </Line>
    <Line>
      <!--Rwy01R BLAK6A-->
      BLAKA/
      VELKA/
      BERTI/
      PONOD/
      ENTOX/
      VATRO/
      PULEX/
      GLENN
    </Line>
    <Line>
      <!--Rwy01R BLAK6X-->
      VELKA/
      ARONU/
      COTON/
      KASBA/
      SORVA
    </Line>
    <Line>
      <!--Rwy01R GOMO4A-->
      GOMOL/
      SURSI/
      VELKA
    </Line>
    <Line>
      <!--Rwy01R GOMO4V-->
      GOMOL/
      VERIK/
      LAGOB/
      ARONU
    </Line>
    <Line>
      <!--Rwy01R GOMO4X-->
    </Line>
    <Line>
      <!--Rwy01R TEBO2A-->
      TEBOT/
      URBIN/
      ANIRI/
      DOMBO/
      VEVEX/
      COTON/
      NUNDI/
      ENTOX
    </Line>
    <Line>
      <!--Rwy01R TEBO2X-->
    </Line>
    <Line>
      <!--Rwy01R UGTU2A-->
      UGTUG/
      IRTED/
      DOMBO
    </Line>
    <Line>
      <!--Rwy01R UGTU2X-->
    </Line>
    <Symbol Type="HollowTriangle">
      <Point>TANIK</Point>
      <Point>DAYBO</Point>
      <Point>RUSVA</Point>
      <Point>RUKNO</Point>
      <Point>GLENN</Point>
      <Point>SORVA</Point>
      <Point>ARONU</Point>
    </Symbol>
    <Symbol Type="HollowStar">
      <Point>OSOKO</Point>
      <Point>BUKBU</Point>
      <Point>BIXAD</Point>
      <Point>BEERN</Point>
      <Point>OLMAL</Point>
      <Point>KAKEB</Point>
      <Point>ESNIT</Point>
      <Point>GUMKI</Point>
      <Point>OBDES</Point>
      <Point>UPRIG</Point>
      <Point>METEP</Point>
      <Point>BEKAG</Point>
      <Point>SANEG</Point>
      <Point>UGUMO</Point>
      <Point>IBIMU</Point>
      <Point>NOPAS</Point>
      <Point>SCOTT</Point>
      <Point>ENLIP</Point>
      <Point>ODUTO</Point>
      <Point>ANSOR</Point>
      <Point>GORSO</Point>
      <Point>MORBI</Point>
      <Point>REMOR</Point>
      <Point>GAYLA</Point>
      <Point>ONIPA</Point>
      <Point>TAPUL</Point>
      <Point>SULDO</Point>
      <Point>DABKO</Point>
      <Point>SMOKA</Point>
      <Point>OTGAT</Point>
      <Point>GARTH</Point>
      <Point>ESNAV</Point>
      <Point>DAPTU</Point>
      <Point>WOODY</Point>
      <Point>NUSBU</Point>
      <Point>NODUG</Point>
      <Point>BLAKA</Point>
      <Point>VELKA</Point>
      <Point>BERTI</Point>
      <Point>PONOD</Point>
      <Point>ENTOX</Point>
      <Point>VATRO</Point>
      <Point>PULEX</Point>
      <Point>COTON</Point>
      <Point>KASBA</Point>
      <Point>GOMOL</Point>
      <Point>SURSI</Point>
      <Point>VERIK</Point>
      <Point>LAGOB</Point>
      <Point>TEBOT</Point>
      <Point>URBIN</Point>
      <Point>ANIRI</Point>
      <Point>DOMBO</Point>
      <Point>VEVEX</Point>
      <Point>NUNDI</Point>
      <Point>UGTUG</Point>
      <Point>IRTED</Point>
    </Symbol>
    <!--(BN) RWY01PROPS Airspace-->
    <Line Name="(BN) RWY01PROPS" Width="1.7" Pattern="Dotted">
      -265424.516+1525512.931/-271339.910+1525845.740/-271938.830+1530043.300/-272259.231+1530624.529/-272412.172+1530704.463/-274741.180+1532918.699
    </Line>
    <Line Name="(BN) RWY01PROPS_1" Width="1.7" Pattern="Dotted">
      -265516.191+1532337.251/-274840.645+1525303.590
    </Line>
    <Label HasLeader="false" Alignment="Center" VerticalAlignment="Middle">
      <!--(BN) RWY01PROPS Labels-->
      <Point Name="BDN">-26.951312+153.111766</Point>
      <Point Name="BDN/BAN">-27.044049+152.820974</Point>
      <Point Name="BDN/BAN">-27.628021+152.898737</Point>
      <Point Name="BDS">-27.178270+153.521934</Point>
      <Point Name="BDS/BAS">-27.740573+153.007998</Point>
    </Label>
  </Map>
  <Map Type="REST_NTZ_DAIW" Name="BN_RWY01PROPS-NTZ" Priority="0">
    <Line Pattern="Solid">
      -272359.874+1530643.000/-272826.972+1530409.592/-272818.006+1530349.759/-272826.972+1530409.592/-274001.329+1525730.034/-273952.363+1525710.166/-272350.422+1530622.043/-272359.874+1530643.000
    </Line>
  </Map>
  <Map Type="System" Name="BN_RWY01PROPS_NAMES" Priority="2" Center="-27.384167+153.117500">
    <Label>
      <Point>OSOKO</Point>
      <Point>BUKBU</Point>
      <Point>BIXAD</Point>
      <Point>BEERN</Point>
      <Point>OLMAL</Point>
      <Point>KAKEB</Point>
      <Point>ESNIT</Point>
      <Point>GUMKI</Point>
      <Point>OBDES</Point>
      <Point>UPRIG</Point>
      <Point>METEP</Point>
      <Point>BEKAG</Point>
      <Point>SANEG</Point>
      <Point>UGUMO</Point>
      <Point>IBIMU</Point>
      <Point>NOPAS</Point>
      <Point>SCOTT</Point>
      <Point>ENLIP</Point>
      <Point>ODUTO</Point>
      <Point>ANSOR</Point>
      <Point>GORSO</Point>
      <Point>TANIK</Point>
      <Point>MORBI</Point>
      <Point>REMOR</Point>
      <Point>GAYLA</Point>
      <Point>DAYBO</Point>
      <Point>ONIPA</Point>
      <Point>TAPUL</Point>
      <Point>SULDO</Point>
      <Point>DABKO</Point>
      <Point>SMOKA</Point>
      <Point>OTGAT</Point>
      <Point>GARTH</Point>
      <Point>ESNAV</Point>
      <Point>DAPTU</Point>
      <Point>RUKNO</Point>
      <Point>RUSVA</Point>
      <Point>WOODY</Point>
      <Point>NUSBU</Point>
      <Point>NODUG</Point>
      <Point>BLAKA</Point>
      <Point>VELKA</Point>
      <Point>BERTI</Point>
      <Point>PONOD</Point>
      <Point>ENTOX</Point>
      <Point>VATRO</Point>
      <Point>PULEX</Point>
      <Point>GLENN</Point>
      <Point>ARONU</Point>
      <Point>COTON</Point>
      <Point>KASBA</Point>
      <Point>SORVA</Point>
      <Point>GOMOL</Point>
      <Point>SURSI</Point>
      <Point>VERIK</Point>
      <Point>LAGOB</Point>
      <Point>TEBOT</Point>
      <Point>URBIN</Point>
      <Point>ANIRI</Point>
      <Point>DOMBO</Point>
      <Point>VEVEX</Point>
      <Point>NUNDI</Point>
      <Point>UGTUG</Point>
      <Point>IRTED</Point>
      <Point>MEPEM</Point>
      <Point>ROM NDB</Point>
      <Point>RILGO</Point>
      <Point>LIKTO</Point>
      <Point>SAVER</Point>
      <Point>BONEY</Point>
      <Point>HUUGO</Point>
      <Point>APAGI</Point>
      <Point>TESSI</Point>
      <Point>ADMAR</Point>
      <Point>PONUX</Point>
      <Point>ATROP</Point>
      <Point>BANDA</Point>
      <Point>OMKAX</Point>
      <Point>KIBAT</Point>
      <Point>ISKIM</Point>
      <Point>PAVBI</Point>
      <Point>OLKUR</Point>
      <Point>IDRAS</Point>
      <Point>ITIDE</Point>
      <Point>GUDSO</Point>
      <Point>TAPET</Point>
      <Point>LOAFA</Point>
      <Point>GLA VOR</Point>
      <Point>RULUN</Point>
      <Point>BICKL</Point>
      <Point>SU VOR</Point>
      <Point>RUDEY</Point>
      <Point>MESED</Point>
      <Point>HARVS</Point>
      <Point>MISLY</Point>
      <Point>LAROS</Point>
      <Point>IGUPI</Point>
      <Point>COOLA</Point>
      <Point>IBUNA</Point>
      <Point>LEBIT</Point>
      <Point>ATVIL</Point>
      <Point>UNVAT</Point>
      <Point>MILTY</Point>
      <Point>SUSGI</Point>
      <Point>OTLEB</Point>
      <Point>AKOBA</Point>
      <Point>SAGLI</Point>
      <Point>MAGPI</Point>
      <Point>OLDIB</Point>
      <Point>DADBO</Point>
      <Point>TW VOR</Point>
      <Point>SANAD</Point>
      <Point>CFS VOR</Point>
      <Point>TUCAB</Point>
      <Point>TUCKI</Point>
      <Point>JEDDA</Point>
      <Point>DULIN</Point>
      <Point>BNA NDB</Point>
      <Point>KADSI</Point>
      <Point>UGPOT</Point>
      <Point>IDNER</Point>
      <Point>RUROX</Point>
      <Point>BUD NDB</Point>
      <Point>SOSTU</Point>
      <Point>BUGNU</Point>
      <Point>RIDVO</Point>
      <Point>OK VOR</Point>
      <Point>MATVI</Point>
      <Point>SHIKO</Point>
      <Point>ALDAR</Point>
      <Point>ARM NDB</Point>
      <Point>SPARK</Point>
      <Point>ENAID</Point>
      <Point>GOPVO</Point>
      <Point>AVBOS</Point>
      <Point>EMTID</Point>
      <Point>SUKTU</Point>
      <Point>EDPEG</Point>
      <Point>BERNI</Point>
      <Point>KANKO</Point>
      <Point>BEPNA</Point>
      <Point>IRMOX</Point>
      <Point>OPIPO</Point>
      <Point>NODOR</Point>
      <Point>BESBO</Point>
      <Point>LAMUG</Point>
      <Point>AGIVA</Point>
      <Point>PARRY</Point>
      <Point>ELENI</Point>
      <Point>AKNON</Point>
      <Point>LIDPO</Point>
      <Point>RIRBO</Point>
    </Label>
  </Map>
</Maps>