﻿<?xml version="1.0" encoding="utf-8"?>
<Maps>
  <Map Type="System" Name="BN_RWY01R" Priority="1" Center="-27.384167+153.117500">
    <!--YBBN-->
    <Runway Name="01R/19L">
      <Threshold Name="01R" Position="-27.402797+153.118219" ExtendedCentrelineTrack="207.04" ExtendedCentrelineLength="18" ExtendedCentrelineTickInterval="2" />
      <Threshold Name="19L" Position="-27.374664+153.134306" />
    </Runway>
    <!--SIDs-->
    <Line>
      <!--Rwy01R BIXAD2-->
      -272228.790+1530803.500/
      BEERN/
      OLMAL/
      KAKEB/
      OBDES/
      UPRIG/
      BAABA/
      BUKBU/
      BIXAD
    </Line>
    <Line>
      <!--Rwy01R GUMKI2-->
      KAKEB/
      ESNIT/
      GUMKI
    </Line>
    <Line>
      <!--Rwy01R SANEG2-->
      UPRIG/
      METEP/
      BEKAG/
      SANEG
    </Line>
    <Line>
      <!--Rwy01R SCOTT4-->
      KAKEB/
      UGUMO/
      IBIMU/
      NOPAS/
      SCOTT
    </Line>
    <Line>
      <!--Rwy01R WACKO4-->
      BAABA/
      CARSL/
      LAWNN/
      WACKO
    </Line>
    <!--STARs-->
    <Line>
      <!--Rwy01R BLAK6A-->
      BLAKA/
      VELKA/
      BERTI/
      PONOD/
      ENTOX/
      VATRO/
      PULEX/
      GLENN
    </Line>
    <Line>
      <!--Rwy01R BLAK6X-->
      VELKA/
      ARONU/
      COTON/
      KASBA/
      SORVA
    </Line>
    <Line>
      <!--Rwy01R ENLI2A-->
      ENLIP/
      ODUTO/
      OPITU/
      MULNI/
      PULEX
    </Line>
    <Line>
      <!--Rwy01R GOMO4A-->
      GOMOL/
      SURSI/
      VELKA
    </Line>
    <Line>
      <!--Rwy01R GOMO4V-->
      GOMOL/
      VERIK/
      LAGOB/
      ARONU
    </Line>
    <Line>
      <!--Rwy01R GOMO4X-->
    </Line>
    <Line>
      <!--Rwy01R MORB2A-->
      MORBI/
      REMOR/
      GAYLA/
      DAYBO/
      ENPUK/
      BETNI/
      MATBO/
      GLENN
    </Line>
    <Line>
      <!--Rwy01R SMOK1A-->
      SMOKA/
      OTGAT/
      GARTH/
      ESNAV/
      DAPTU/
      RUKNO/
      BETNI
    </Line>
    <Line>
      <!--Rwy01R SMOK1M-->
      DAPTU/
      REPUX/
      SAGTA/
      BIPUD
    </Line>
    <Line>
      <!--Rwy01R TEBO2A-->
      TEBOT/
      URBIN/
      ANIRI/
      DOMBO/
      VEVEX/
      COTON/
      NUNDI/
      ENTOX
    </Line>
    <Line>
      <!--Rwy01R TEBO2X-->
    </Line>
    <Line>
      <!--Rwy01R UGTU2A-->
      UGTUG/
      IRTED/
      DOMBO
    </Line>
    <Line>
      <!--Rwy01R UGTU2X-->
    </Line>
    <Line>
      <!--Rwy01R WODY2A-->
      WOODY/
      NUSBU/
      NODUG/
      RUKNO
    </Line>
    <Symbol Type="HollowTriangle">
      <Point>GLENN</Point>
      <Point>SORVA</Point>
      <Point>ARONU</Point>
      <Point>BIPUD</Point>
    </Symbol>
    <Symbol Type="HollowStar">
      <Point>BEERN</Point>
      <Point>OLMAL</Point>
      <Point>KAKEB</Point>
      <Point>OBDES</Point>
      <Point>UPRIG</Point>
      <Point>BAABA</Point>
      <Point>BUKBU</Point>
      <Point>BIXAD</Point>
      <Point>ESNIT</Point>
      <Point>GUMKI</Point>
      <Point>METEP</Point>
      <Point>BEKAG</Point>
      <Point>SANEG</Point>
      <Point>UGUMO</Point>
      <Point>IBIMU</Point>
      <Point>NOPAS</Point>
      <Point>SCOTT</Point>
      <Point>CARSL</Point>
      <Point>LAWNN</Point>
      <Point>WACKO</Point>
      <Point>BLAKA</Point>
      <Point>VELKA</Point>
      <Point>BERTI</Point>
      <Point>PONOD</Point>
      <Point>ENTOX</Point>
      <Point>VATRO</Point>
      <Point>PULEX</Point>
      <Point>COTON</Point>
      <Point>KASBA</Point>
      <Point>ENLIP</Point>
      <Point>ODUTO</Point>
      <Point>OPITU</Point>
      <Point>MULNI</Point>
      <Point>GOMOL</Point>
      <Point>SURSI</Point>
      <Point>VERIK</Point>
      <Point>LAGOB</Point>
      <Point>MORBI</Point>
      <Point>REMOR</Point>
      <Point>GAYLA</Point>
      <Point>DAYBO</Point>
      <Point>ENPUK</Point>
      <Point>BETNI</Point>
      <Point>MATBO</Point>
      <Point>SMOKA</Point>
      <Point>OTGAT</Point>
      <Point>GARTH</Point>
      <Point>ESNAV</Point>
      <Point>DAPTU</Point>
      <Point>RUKNO</Point>
      <Point>REPUX</Point>
      <Point>SAGTA</Point>
      <Point>TEBOT</Point>
      <Point>URBIN</Point>
      <Point>ANIRI</Point>
      <Point>DOMBO</Point>
      <Point>VEVEX</Point>
      <Point>NUNDI</Point>
      <Point>UGTUG</Point>
      <Point>IRTED</Point>
      <Point>WOODY</Point>
      <Point>NUSBU</Point>
      <Point>NODUG</Point>
    </Symbol>
  </Map>
  <Map Type="System" Name="BN_RWY01R_NAMES" Priority="2" Center="-27.384167+153.117500">
    <Label>
      <Point>BEERN</Point>
      <Point>OLMAL</Point>
      <Point>KAKEB</Point>
      <Point>OBDES</Point>
      <Point>UPRIG</Point>
      <Point>BAABA</Point>
      <Point>BUKBU</Point>
      <Point>BIXAD</Point>
      <Point>ESNIT</Point>
      <Point>GUMKI</Point>
      <Point>METEP</Point>
      <Point>BEKAG</Point>
      <Point>SANEG</Point>
      <Point>UGUMO</Point>
      <Point>IBIMU</Point>
      <Point>NOPAS</Point>
      <Point>SCOTT</Point>
      <Point>CARSL</Point>
      <Point>LAWNN</Point>
      <Point>WACKO</Point>
      <Point>BLAKA</Point>
      <Point>VELKA</Point>
      <Point>BERTI</Point>
      <Point>PONOD</Point>
      <Point>ENTOX</Point>
      <Point>VATRO</Point>
      <Point>PULEX</Point>
      <Point>GLENN</Point>
      <Point>ARONU</Point>
      <Point>COTON</Point>
      <Point>KASBA</Point>
      <Point>SORVA</Point>
      <Point>ENLIP</Point>
      <Point>ODUTO</Point>
      <Point>OPITU</Point>
      <Point>MULNI</Point>
      <Point>GOMOL</Point>
      <Point>SURSI</Point>
      <Point>VERIK</Point>
      <Point>LAGOB</Point>
      <Point>MORBI</Point>
      <Point>REMOR</Point>
      <Point>GAYLA</Point>
      <Point>DAYBO</Point>
      <Point>ENPUK</Point>
      <Point>BETNI</Point>
      <Point>MATBO</Point>
      <Point>SMOKA</Point>
      <Point>OTGAT</Point>
      <Point>GARTH</Point>
      <Point>ESNAV</Point>
      <Point>DAPTU</Point>
      <Point>RUKNO</Point>
      <Point>REPUX</Point>
      <Point>SAGTA</Point>
      <Point>BIPUD</Point>
      <Point>TEBOT</Point>
      <Point>URBIN</Point>
      <Point>ANIRI</Point>
      <Point>DOMBO</Point>
      <Point>VEVEX</Point>
      <Point>NUNDI</Point>
      <Point>UGTUG</Point>
      <Point>IRTED</Point>
      <Point>WOODY</Point>
      <Point>NUSBU</Point>
      <Point>NODUG</Point>
      <Point>MEPEM</Point>
      <Point>ROM NDB</Point>
      <Point>RILGO</Point>
      <Point>LIKTO</Point>
      <Point>SAVER</Point>
      <Point>BONEY</Point>
      <Point>HUUGO</Point>
      <Point>APAGI</Point>
      <Point>TESSI</Point>
      <Point>ADMAR</Point>
      <Point>PONUX</Point>
      <Point>ATROP</Point>
      <Point>BANDA</Point>
      <Point>OMKAX</Point>
      <Point>KIBAT</Point>
      <Point>ISKIM</Point>
      <Point>PAVBI</Point>
      <Point>OLKUR</Point>
      <Point>IDRAS</Point>
      <Point>ITIDE</Point>
      <Point>GUDSO</Point>
      <Point>TAPET</Point>
      <Point>LOAFA</Point>
      <Point>GLA VOR</Point>
      <Point>RULUN</Point>
      <Point>BICKL</Point>
      <Point>SU VOR</Point>
      <Point>RUDEY</Point>
      <Point>MESED</Point>
      <Point>HARVS</Point>
      <Point>MISLY</Point>
      <Point>LAROS</Point>
      <Point>IGUPI</Point>
      <Point>COOLA</Point>
      <Point>IBUNA</Point>
      <Point>LEBIT</Point>
      <Point>ATVIL</Point>
      <Point>UNVAT</Point>
      <Point>MILTY</Point>
      <Point>SUSGI</Point>
      <Point>OTLEB</Point>
      <Point>AKOBA</Point>
      <Point>SAGLI</Point>
      <Point>MAGPI</Point>
      <Point>OLDIB</Point>
      <Point>DADBO</Point>
      <Point>TW VOR</Point>
      <Point>SANAD</Point>
      <Point>CFS VOR</Point>
      <Point>TUCAB</Point>
      <Point>TUCKI</Point>
      <Point>JEDDA</Point>
      <Point>DULIN</Point>
      <Point>BNA NDB</Point>
      <Point>KADSI</Point>
      <Point>UGPOT</Point>
      <Point>IDNER</Point>
      <Point>RUROX</Point>
      <Point>BUD NDB</Point>
      <Point>SOSTU</Point>
      <Point>BUGNU</Point>
      <Point>RIDVO</Point>
      <Point>OK VOR</Point>
      <Point>MATVI</Point>
      <Point>SHIKO</Point>
      <Point>ALDAR</Point>
      <Point>ARM NDB</Point>
      <Point>SPARK</Point>
      <Point>ENAID</Point>
      <Point>GOPVO</Point>
      <Point>AVBOS</Point>
      <Point>EMTID</Point>
      <Point>SUKTU</Point>
      <Point>EDPEG</Point>
      <Point>BERNI</Point>
      <Point>KANKO</Point>
      <Point>BEPNA</Point>
      <Point>IRMOX</Point>
      <Point>OPIPO</Point>
      <Point>NODOR</Point>
      <Point>BESBO</Point>
      <Point>LAMUG</Point>
      <Point>AGIVA</Point>
      <Point>PARRY</Point>
      <Point>ELENI</Point>
      <Point>AKNON</Point>
      <Point>LIDPO</Point>
      <Point>RIRBO</Point>
    </Label>
  </Map>
</Maps>