﻿<?xml version="1.0" encoding="utf-8"?>
<Maps>
  <Map Type="System" Name="BN_TCU" Priority="1" Center="-27.384167+153.117500">
    <!--YBAF-->
    <Runway Name="04L/22R">
      <Threshold Name="04L" Position="-27.570981+153.001861" ExtendedCentrelineTrack="231.59" ExtendedCentrelineLength="3" ExtendedCentrelineTickInterval="3" />
      <Threshold Name="22R" Position="-27.565625+153.009442" ExtendedCentrelineTrack="51.56" ExtendedCentrelineLength="3" ExtendedCentrelineTickInterval="3" />
    </Runway>
    <Runway Name="04R/22L">
      <Threshold Name="04R" Position="-27.571689+153.004367" />
      <Threshold Name="22L" Position="-27.565517+153.013094" />
    </Runway>
    <Runway Name="10L/28R">
      <Threshold Name="10L" Position="-27.570606+152.998131" ExtendedCentrelineTrack="287.73" ExtendedCentrelineLength="3" ExtendedCentrelineTickInterval="3" />
      <Threshold Name="28R" Position="-27.574317+153.011153" ExtendedCentrelineTrack="107.74" ExtendedCentrelineLength="3" ExtendedCentrelineTickInterval="3" />
    </Runway>
    <Runway Name="10R/28L">
      <Threshold Name="10R" Position="-27.572197+152.998061" />
      <Threshold Name="28L" Position="-27.575225+153.008675" />
    </Runway>
    <!--YBCG-->
    <Runway Name="14/32">
      <Threshold Name="14" Position="-28.156511+153.500706" />
      <Threshold Name="32" Position="-28.172569+153.510919" />
    </Runway>
    <Runway Name="17/35">
      <Threshold Name="17" Position="-28.164356+153.506753" />
      <Threshold Name="35" Position="-28.169594+153.506331" />
    </Runway>
    <!--YBBN-->
    <Runway Name="01L/19R">
      <Threshold Name="01L" Position="-27.383069+153.106803" />
      <Threshold Name="19R" Position="-27.356544+153.121969" />
    </Runway>
    <Runway Name="01R/19L">
      <Threshold Name="01R" Position="-27.402797+153.118219" />
      <Threshold Name="19L" Position="-27.374664+153.134306" />
    </Runway>
    <!--Airway Routes-->
    <Line>
      <!--B578-->
      MEPEM/
      GUMKI
    </Line>
    <Line>
      <!--G326-->
      ROM NDB/
      RILGO/
      LIKTO/
      WOODY
    </Line>
    <Line>
      <!--G329-->
      UGTUG/
      SAVER/
      BONEY
    </Line>
    <Line>
      <!--H91-->
      SANEG/
      HUUGO/
      APAGI/
      TESSI/
      ADMAR
    </Line>
    <Line>
      <!--H224-->
      PONUX/
      ATROP/
      TEBOT
    </Line>
    <Line>
      <!--H252-->
      BANDA/
      OMKAX
    </Line>
    <Line>
      <!--J208-->
      SCOTT/
      KIBAT
    </Line>
    <Line>
      <!--Q16 GOMOL-->
      APAGI/
      ISKIM/
      PAVBI/
      OLKUR
    </Line>
    <Line>
      <!--Q47 GOMOL-->
      IDRAS/
      ITIDE
    </Line>
    <Line>
      <!--Q67-->
      BIXAD/
      GUDSO/
      TAPET/
      LOAFA/
      GLA VOR
    </Line>
    <Line>
      <!--Q69 GOMOL-->
      RULUN/
      ITIDE/
      BICKL/
      SU VOR
    </Line>
    <Line>
      <!--Q484-->
      RUDEY/
      MESED/
      LIKTO/
      ROM NDB
    </Line>
    <Line>
      <!--R587-->
      ATROP/
      HARVS
    </Line>
    <Line>
      <!--T53 GOMOL-->
      MISLY/
      LAROS
    </Line>
    <Line>
      <!--V129-->
      IGUPI/
      COOLA
    </Line>
    <Line>
      <!--V250-->
      IBUNA/
      LEBIT/
      ATVIL/
      UNVAT
    </Line>
    <Line>
      <!--V307-->
      MILTY/
      SUSGI/
      OTLEB/
      MORBI/
      REMOR/
      GAYLA
    </Line>
    <Line>
      <!--V308-->
      AKOBA/
      SAGLI/
      MAGPI/
      OLDIB/
      DADBO
    </Line>
    <Line>
      <!--W192 GOMOL-->
      TW VOR/
      SANAD/
      CFS VOR/
      TUCAB/
      TUCKI
    </Line>
    <Line>
      <!--W196 GOMOL-->
      UNVAT/
      JEDDA/
      DULIN
    </Line>
    <Line>
      <!--W196 GOMOL-->
      BNA NDB/
      CFS VOR/
      KADSI/
      UGPOT
    </Line>
    <Line>
      <!--W214 GOMOL-->
      IDNER/
      CFS VOR
    </Line>
    <Line>
      <!--W247-->
      RUROX/
      BUD NDB/
      SOSTU/
      SAGLI/
      SU VOR/
      BUGNU
    </Line>
    <Line>
      <!--W276-->
      SANEG/
      RIDVO
    </Line>
    <Line>
      <!--W369-->
      RUDEY/
      OK VOR/
      MATVI/
      SHIKO/
      ROM NDB
    </Line>
    <Line>
      <!--W786 GOMOL-->
      ALDAR/
      ARM NDB/
      SANAD
    </Line>
    <Line>
      <!--W799-->
      SPARK/
      ENAID
    </Line>
    <Line>
      <!--Y27-->
      GOPVO/
      AVBOS/
      EMTID/
      SUKTU/
      EDPEG/
      ENLIP
    </Line>
    <Line>
      <!--Y43 GOMOL-->
      BANDA/
      BERNI
    </Line>
    <Line>
      <!--Y79-->
      ROM NDB/
      KANKO/
      BEPNA/
      IRMOX/
      OPIPO/
      NODOR/
      WOODY
    </Line>
    <Line>
      <!--Y177-->
      RUROX/
      BESBO/
      LAMUG/
      SMOKA
    </Line>
    <Line>
      <!--Y195-->
      ROM NDB/
      OK VOR/
      AGIVA/
      PARRY/
      ELENI/
      DULIN
    </Line>
    <Line>
      <!--Z31 GOMOL-->
      AKNON/
      LAGOB
    </Line>
    <Line>
      <!--Z832 GOMOL-->
      LIDPO/
      RIRBO/
      AKNON
    </Line>
  </Map>
  <Map Type="System2" Name="BN_VFR" Priority="1" Center="-27.384167+153.117500">
    <Symbol Type="HollowSquare">
      <Point>TVT</Point>
      <Point>AEN</Point>
      <Point>BLHS</Point>
      <Point>BCM</Point>
      <Point>BENT</Point>
      <Point>BLIC</Point>
      <Point>BUVY</Point>
      <Point>BONG</Point>
      <Point>BOON</Point>
      <Point>BBBG</Point>
      <Point>BBI</Point>
      <Point>BCTY</Point>
      <Point>BNCG</Point>
      <Point>BLGH</Point>
      <Point>CABO</Point>
      <Point>CRDZ</Point>
      <Point>CALT</Point>
      <Point>CPMN</Point>
      <Point>CARIN</Point>
      <Point>CRPT</Point>
      <Point>CBRG</Point>
      <Point>CVD</Point>
      <Point>DBO</Point>
      <Point>DIBE</Point>
      <Point>DOOM</Point>
      <Point>DRLD</Point>
      <Point>EMD</Point>
      <Point>FNVL</Point>
      <Point>FISH</Point>
      <Point>FPK</Point>
      <Point>GWB</Point>
      <Point>GON</Point>
      <Point>HAVY</Point>
      <Point>HIPA</Point>
      <Point>HDWL</Point>
      <Point>HBVT</Point>
      <Point>JPP</Point>
      <Point>JUP</Point>
      <Point>KLCY</Point>
      <Point>KBCH</Point>
      <Point>LDLY</Point>
      <Point>LKON</Point>
      <Point>LCDI</Point>
      <Point>LMC</Point>
      <Point>LOOH</Point>
      <Point>LWD</Point>
      <Point>MFBH</Point>
      <Point>MFH</Point>
      <Point>MBH</Point>
      <Point>MTC</Point>
      <Point>MCOO</Point>
      <Point>MGLO</Point>
      <Point>MVT</Point>
      <Point>MTWK</Point>
      <Point>MUDI</Point>
      <Point>MEER</Point>
      <Point>NMB</Point>
      <Point>NEN</Point>
      <Point>NUDG</Point>
      <Point>OFD</Point>
      <Point>SFG</Point>
      <Point>PKR</Point>
      <Point>PTI</Point>
      <Point>PRP</Point>
      <Point>PBF</Point>
      <Point>Q1</Point>
      <Point>QSAC</Point>
      <Point>RBY</Point>
      <Point>REDB</Point>
      <Point>RIT</Point>
      <Point>ROTC</Point>
      <Point>RSWD</Point>
      <Point>RUIS</Point>
      <Point>SSV</Point>
      <Point>SAU</Point>
      <Point>SAND</Point>
      <Point>SMD</Point>
      <Point>SPT</Point>
      <Point>SPMT</Point>
      <Point>SHIS</Point>
      <Point>SBD</Point>
      <Point>SUPA</Point>
      <Point>SBCH</Point>
      <Point>TAR</Point>
      <Point>PIN</Point>
      <Point>TORN</Point>
      <Point>TING</Point>
      <Point>UQLD</Point>
      <Point>WTBG</Point>
      <Point>WELL</Point>
      <Point>WNFE</Point>
      <Point>WHDW</Point>
      <Point>WYPT</Point>
      <Point>WRM</Point>
      <Point>YNA</Point>
      <Point>BANG</Point>
      <Point>BRH</Point>
      <Point>BBAY</Point>
      <Point>COBA</Point>
      <Point>CGM</Point>
      <Point>CIS</Point>
      <Point>CGD</Point>
      <Point>DODI</Point>
      <Point>HASS</Point>
      <Point>KCFF</Point>
      <Point>KIRA</Point>
      <Point>SOV</Point>
      <Point>MTWG</Point>
      <Point>MBBY</Point>
      <Point>MUR</Point>
      <Point>NTT</Point>
      <Point>DNGR</Point>
      <Point>RTY</Point>
      <Point>SBK</Point>
      <Point>STOT</Point>
      <Point>TLC</Point>
      <Point>TUMB</Point>
      <Point>UKER</Point>
    </Symbol>
    <Label HasLeader="True">
      <Point>TVT</Point>
      <Point>AEN</Point>
      <Point>BLHS</Point>
      <Point>BCM</Point>
      <Point>BENT</Point>
      <Point>BLIC</Point>
      <Point>BUVY</Point>
      <Point>BONG</Point>
      <Point>BOON</Point>
      <Point>BBBG</Point>
      <Point>BBI</Point>
      <Point>BCTY</Point>
      <Point>BNCG</Point>
      <Point>BLGH</Point>
      <Point>CABO</Point>
      <Point>CRDZ</Point>
      <Point>CALT</Point>
      <Point>CPMN</Point>
      <Point>CARIN</Point>
      <Point>CRPT</Point>
      <Point>CBRG</Point>
      <Point>CVD</Point>
      <Point>DBO</Point>
      <Point>DIBE</Point>
      <Point>DOOM</Point>
      <Point>DRLD</Point>
      <Point>EMD</Point>
      <Point>FNVL</Point>
      <Point>FISH</Point>
      <Point>FPK</Point>
      <Point>GWB</Point>
      <Point>GON</Point>
      <Point>HAVY</Point>
      <Point>HIPA</Point>
      <Point>HDWL</Point>
      <Point>HBVT</Point>
      <Point>JPP</Point>
      <Point>JUP</Point>
      <Point>KLCY</Point>
      <Point>KBCH</Point>
      <Point>LDLY</Point>
      <Point>LKON</Point>
      <Point>LCDI</Point>
      <Point>LMC</Point>
      <Point>LOOH</Point>
      <Point>LWD</Point>
      <Point>MFBH</Point>
      <Point>MFH</Point>
      <Point>MBH</Point>
      <Point>MTC</Point>
      <Point>MCOO</Point>
      <Point>MGLO</Point>
      <Point>MVT</Point>
      <Point>MTWK</Point>
      <Point>MUDI</Point>
      <Point>MEER</Point>
      <Point>NMB</Point>
      <Point>NEN</Point>
      <Point>NUDG</Point>
      <Point>OFD</Point>
      <Point>SFG</Point>
      <Point>PKR</Point>
      <Point>PTI</Point>
      <Point>PRP</Point>
      <Point>PBF</Point>
      <Point>Q1</Point>
      <Point>QSAC</Point>
      <Point>RBY</Point>
      <Point>REDB</Point>
      <Point>RIT</Point>
      <Point>ROTC</Point>
      <Point>RSWD</Point>
      <Point>RUIS</Point>
      <Point>SSV</Point>
      <Point>SAU</Point>
      <Point>SAND</Point>
      <Point>SMD</Point>
      <Point>SPT</Point>
      <Point>SPMT</Point>
      <Point>SHIS</Point>
      <Point>SBD</Point>
      <Point>SUPA</Point>
      <Point>SBCH</Point>
      <Point>TAR</Point>
      <Point>PIN</Point>
      <Point>TORN</Point>
      <Point>TING</Point>
      <Point>UQLD</Point>
      <Point>WTBG</Point>
      <Point>WELL</Point>
      <Point>WNFE</Point>
      <Point>WHDW</Point>
      <Point>WYPT</Point>
      <Point>WRM</Point>
      <Point>YNA</Point>
      <Point>BANG</Point>
      <Point>BRH</Point>
      <Point>BBAY</Point>
      <Point>COBA</Point>
      <Point>CGM</Point>
      <Point>CIS</Point>
      <Point>CGD</Point>
      <Point>DODI</Point>
      <Point>HASS</Point>
      <Point>KCFF</Point>
      <Point>KIRA</Point>
      <Point>SOV</Point>
      <Point>MTWG</Point>
      <Point>MBBY</Point>
      <Point>MUR</Point>
      <Point>NTT</Point>
      <Point>DNGR</Point>
      <Point>RTY</Point>
      <Point>SBK</Point>
      <Point>STOT</Point>
      <Point>TLC</Point>
      <Point>TUMB</Point>
      <Point>UKER</Point>
    </Label>
    <Label HasLeader="True" LabelOrientation="NW">
      <Point Name="INLAND">NEN</Point>
      <Point Name="IN_GOODNA">GON</Point>
      <Point Name="IN_PARK_RIDGE">PKR</Point>
      <Point Name="IN_TARGET">TAR</Point>
      <Point Name="IN_TV_TOWERS">TVT</Point>
      <Point Name="OUT_EAST_DEP">-273530.000+1530620.000</Point>
      <Point Name="OUT_NORTH_DEP">-273000.000+1525800.000</Point>
      <Point Name="OUT_SOUTH_DEP">-273920.487+1530422.857</Point>
      <Point Name="COAST_NTH">-274837.651+1532616.654</Point>
      <Point Name="COAST_STH">-270507.260+1531223.327</Point>
      <Point Name="UNIVAT">-272923.035+1530000.477</Point>
    </Label>
    <!--INLAND-->
    <Line Pattern="Dotted">
      NEN/-280442.401+1532208.190/STOT/-282002.310+1533111.071/-282500.000+1533100.000
    </Line>
    <!--IN_GOODNA-->
    <Line Pattern="Dotted">
      GON/-273513.820+1525724.860
    </Line>
    <!--IN_PARK_RIDGE-->
    <Line Pattern="Dotted">
      PKR/-273709.839+1530050.188
    </Line>
    <!--IN_TARGET-->
    <Line Pattern="Dotted">
      TAR/-273550.748+1530312.105
    </Line>
    <!--IN_TV_TOWERS-->
    <Line Pattern="Dotted">
      TVT/-273035.521+1525534.885/-273220.227+1525746.465
    </Line>
    <!--OUT_EAST_DEP-->
    <Line Pattern="Dotted">
      -273530.000+1530620.000/YBAF
    </Line>
    <!--OUT_NORTH_DEP-->
    <Line Pattern="Dotted">
      -273000.000+1525800.000/YBAF
    </Line>
    <!--OUT_SOUTH_DEP-->
    <Line Pattern="Dotted">
      -273920.487+1530422.857/YBAF
    </Line>
    <!--COAST_NTH-->
    <Line Pattern="Dotted">
      -274837.651+1532616.654/-274652.044+1532630.460/-274408.671+1532706.245/-274113.302+1532725.212/-273743.076+1532805.679/-273226.882+1532941.580/-272744.859+1533141.960/-272603.598+1533234.914/-272248.483+1533127.852/-271920.971+1532601.622/-271712.179+1532520.655/-271615.206+1532513.814/-271322.207+1532513.454/-271219.290+1532521.000/-271014.625+1532540.069/-270738.625+1532615.006/-270510.708+1532704.500/-270429.223+1532700.366/-270346.588+1532632.667/-270251.589+1532508.276/-270214.903+1532412.232/-270142.688+1532220.535/-270054.283+1531019.384
    </Line>
    <!--COAST_STH-->
    <Line Pattern="Dotted">
      -270507.260+1531223.327/-270439.944+1531549.884/-270446.948+1531756.883/-270515.825+1531938.607/-270637.112+1532124.862/-270745.315+1532146.628/-271037.494+1532208.986/-271319.623+1532236.253/-271538.844+1532306.566/-271824.526+1532359.259/-272108.022+1532456.872/-272419.215+1532609.591/-272715.338+1532541.334/-272856.479+1532505.402/-273039.406+1532450.643/-273330.098+1532443.419/-273737.072+1532439.010/-274149.796+1532413.143/-274713.509+1532303.661/-274917.585+1532242.870
    </Line>
    <!--UNIVAT-->
    <Line Pattern="Dotted">
      -272923.035+1530000.477/-273336.052+1530610.746
    </Line>
  </Map>
  <Map Type="System2" Name="BN_VFR_FULL_NAME" Priority="1" Center="-27.384167+153.117500">
    <Label HasLeader="True" LabelOrientation="SW">
      <Point Name="ABM TV TOWERS">TVT</Point>
      <Point Name="ARDENT">AEN</Point>
      <Point Name="BALD HILLS MAST">BLHS</Point>
      <Point Name="BEACHMERE">BCM</Point>
      <Point Name="BEECHMONT">BENT</Point>
      <Point Name="BLI BLI CASTLE">BLIC</Point>
      <Point Name="BOND UNIVERSITY">BUVY</Point>
      <Point Name="BONGAREE">BONG</Point>
      <Point Name="BOONDALL ENTERTAINMENT CENTRE">BOON</Point>
      <Point Name="BRIBIE BRIDGE">BBBG</Point>
      <Point Name="BRIBIE ISLAND">BBI</Point>
      <Point Name="BRISBANE CBD">BCTY</Point>
      <Point Name="BRISBANE CRICKET GROUND">BNCG</Point>
      <Point Name="BURLEIGH HEADS">BLGH</Point>
      <Point Name="CABOOLTURE">CABO</Point>
      <Point Name="CALOUNDRA DROPZONE">CRDZ</Point>
      <Point Name="CALTEX REFINERY">CALT</Point>
      <Point Name="CAPE MORETON">CPMN</Point>
      <Point Name="CARINDALE SHOPPING CENTRE">CARIN</Point>
      <Point Name="CASTLEREAGH POINT">CRPT</Point>
      <Point Name="CENTENARY BRIDGE">CBRG</Point>
      <Point Name="CLEVELAND">CVD</Point>
      <Point Name="DAYBORO">DBO</Point>
      <Point Name="DICKY BEACH">DIBE</Point>
      <Point Name="DOOMBEN RACECOURSE">DOOM</Point>
      <Point Name="DREAMWORLD">DRLD</Point>
      <Point Name="EWEN MADDOCK DAM">EMD</Point>
      <Point Name="FERNVALE">FNVL</Point>
      <Point Name="FISHERMANS ISLAND">FISH</Point>
      <Point Name="FLINDERS PEAK">FPK</Point>
      <Point Name="GATEWAY BRIDGE">GWB</Point>
      <Point Name="GOODNA">GON</Point>
      <Point Name="HAPPY VALLEY">HAVY</Point>
      <Point Name="HIGH PERFORMANCE AREA 3">HIPA</Point>
      <Point Name="HINZE DAM WALL">HDWL</Point>
      <Point Name="HORNIBROOK VIADUCT">HBVT</Point>
      <Point Name="JUMPINPIN">JPP</Point>
      <Point Name="JUPITERS CASINO">JUP</Point>
      <Point Name="KILCOY TOWNSHIP">KLCY</Point>
      <Point Name="KINGS BEACH">KBCH</Point>
      <Point Name="LAIDLEY">LDLY</Point>
      <Point Name="LAKE CLARENDON">LKON</Point>
      <Point Name="LAKE CURRIMUNDI">LCDI</Point>
      <Point Name="LAKE MANCHESTER">LMC</Point>
      <Point Name="LAKE MOOGERAH">LOOH</Point>
      <Point Name="LOWOOD">LWD</Point>
      <Point Name="MOFFAT BEACH">MFBH</Point>
      <Point Name="MOFFAT HEAD">MFH</Point>
      <Point Name="MOOLOOLABA">MBH</Point>
      <Point Name="MOUNT COOLUM">MTC</Point>
      <Point Name="MOUNT COTTON">MCOO</Point>
      <Point Name="MOUNT GLORIOUS">MGLO</Point>
      <Point Name="MOUNT GRAVATT">MVT</Point>
      <Point Name="MOUNT WALKER">MTWK</Point>
      <Point Name="MUD ISLAND">MUDI</Point>
      <Point Name="MUDGEERABA">MEER</Point>
      <Point Name="NAMBOUR">NMB</Point>
      <Point Name="NERANG">NEN</Point>
      <Point Name="NUDGEE TIP">NUDG</Point>
      <Point Name="OXENFORD">OFD</Point>
      <Point Name="PARADISE GARDENS">SFG</Point>
      <Point Name="PARK RIDGE WATER TOWER">PKR</Point>
      <Point Name="PETRIE">PTI</Point>
      <Point Name="PORPOISE PT">PRP</Point>
      <Point Name="PURLINGBROOKE FALLS">PBF</Point>
      <Point Name="QUEBEC ONE">Q1</Point>
      <Point Name="QUEENSLAND SAC">QSAC</Point>
      <Point Name="RABY BAY">RBY</Point>
      <Point Name="REDLAND BAY">REDB</Point>
      <Point Name="RING TANK">RIT</Point>
      <Point Name="ROBINA TOWN CENTRE">ROTC</Point>
      <Point Name="ROSEWOOD">RSWD</Point>
      <Point Name="RUSSELL ISLAND">RUIS</Point>
      <Point Name="SAMSONVALE">SSV</Point>
      <Point Name="SANCTUARY COVE">SAU</Point>
      <Point Name="SANDGATE PIER">SAND</Point>
      <Point Name="SOMERSET DAM">SMD</Point>
      <Point Name="SOUTHPORT">SPT</Point>
      <Point Name="SPRING MOUNTAIN">SPMT</Point>
      <Point Name="ST HELENA ISLAND">SHIS</Point>
      <Point Name="STORY BRIDGE">SBD</Point>
      <Point Name="SURFER'S PARADISE">SUPA</Point>
      <Point Name="SUTTONS BEACH">SBCH</Point>
      <Point Name="TARGET">TAR</Point>
      <Point Name="THE PINES">PIN</Point>
      <Point Name="THORNTON">TORN</Point>
      <Point Name="TINGALPA RESERVOIR">TING</Point>
      <Point Name="UNI OF QLD ST LUCIA">UQLD</Point>
      <Point Name="WALTER TAYLOR BRIDGE">WTBG</Point>
      <Point Name="WELLINGTON PT">WELL</Point>
      <Point Name="WESTERN FREEWAY">WNFE</Point>
      <Point Name="WIVENHOE DAM WALL">WHDW</Point>
      <Point Name="WOODY PT">WYPT</Point>
      <Point Name="WOORIM">WRM</Point>
      <Point Name="YANDINA">YNA</Point>
      <Point Name="BANGALOW">BANG</Point>
      <Point Name="BRUNSWICK HEADS">BRH</Point>
      <Point Name="BYRON BAY">BBAY</Point>
      <Point Name="COBAKI">COBA</Point>
      <Point Name="CONDONG MILL">CGM</Point>
      <Point Name="COOK ISLAND">CIS</Point>
      <Point Name="CUDGEN HEADLAND">CGD</Point>
      <Point Name="DODDS ISLAND">DODI</Point>
      <Point Name="HASTINGS PT">HASS</Point>
      <Point Name="KINGSCLIFF">KCFF</Point>
      <Point Name="KIRRA">KIRA</Point>
      <Point Name="MOUNT SOMERVILLE RADAR">SOV</Point>
      <Point Name="MOUNT WARNING">MTWG</Point>
      <Point Name="MULLUMBIMBY">MBBY</Point>
      <Point Name="MURWILLUMBAH">MUR</Point>
      <Point Name="NIMBIN TV TOWERS">NTT</Point>
      <Point Name="PT DANGER">DNGR</Point>
      <Point Name="RATHDOWNEY">RTY</Point>
      <Point Name="SPRINGBROOK">SBK</Point>
      <Point Name="STOTTS ISLAND">STOT</Point>
      <Point Name="TERRANORA LAKES COUNTRY CLUB">TLC</Point>
      <Point Name="TUMBULGUM">TUMB</Point>
      <Point Name="UKEREBAGH ISLAND">UKER</Point>
    </Label>
  </Map>
  <Map Type="System" Name="YBBN_ALLRWYS" Priority="2" Center="-27.384167+153.117500">
    <!--YBBN-->
    <Runway Name="01L/19R">
      <Threshold Name="01L" Position="-27.383069+153.106803" ExtendedCentrelineTrack="207.04" ExtendedCentrelineLength="18" ExtendedCentrelineTickInterval="2" />
      <Threshold Name="19R" Position="-27.356544+153.121969" ExtendedCentrelineTrack="27.05" ExtendedCentrelineLength="18" ExtendedCentrelineTickInterval="2" />
    </Runway>
    <!--YBBN-->
    <Runway Name="01R/19L">
      <Threshold Name="01R" Position="-27.402797+153.118219" ExtendedCentrelineTrack="207.04" ExtendedCentrelineLength="18" ExtendedCentrelineTickInterval="2" />
      <Threshold Name="19L" Position="-27.374664+153.134306" ExtendedCentrelineTrack="27.04" ExtendedCentrelineLength="18" ExtendedCentrelineTickInterval="2" />
    </Runway>
    <!--YBCG-->
    <Runway Name="14/32">
      <Threshold Name="14" Position="-28.156511+153.500706" ExtendedCentrelineTrack="330.59" ExtendedCentrelineLength="10" ExtendedCentrelineTickInterval="1" />
      <Threshold Name="32" Position="-28.172569+153.510919" ExtendedCentrelineTrack="150.58" ExtendedCentrelineLength="10" ExtendedCentrelineTickInterval="1" />
    </Runway>
    <!--YBCG-->
    <Runway Name="17/35">
      <Threshold Name="17" Position="-28.164356+153.506753" ExtendedCentrelineTrack="4.09" ExtendedCentrelineLength="5" ExtendedCentrelineTickInterval="5" />
      <Threshold Name="35" Position="-28.169594+153.506331" ExtendedCentrelineTrack="184.09" ExtendedCentrelineLength="5" ExtendedCentrelineTickInterval="5" />
    </Runway>
  </Map>
</Maps>