﻿<?xml version="1.0" encoding="utf-8"?>
<Maps>
  <Map Type="System" Name="CG_RWY14" Priority="1" Center="-28.164444+153.504722">
    <!--YBCG-->
    <Runway Name="14/32">
      <Threshold Name="14" Position="-28.156511+153.500706" ExtendedCentrelineTrack="330.59" ExtendedCentrelineLength="10" ExtendedCentrelineTickInterval="1" />
      <Threshold Name="32" Position="-28.172569+153.510919" />
    </Runway>
    <!--SIDs-->
    <Line>
      <!--Rwy14 APAGI5-->
      -281021.250+1533039.310/
      -281242.144+1533209.775/
      SMALL/
      -281128.211+1533122.148/
      -281110.308+1533112.580/
      -281051.988+1533104.088/
      -281046.815+1533102.225/
      CG847/
      CUDGN/
      -281502.065+1533248.277/
      -281544.234+1533244.646/
      -281624.138+1533228.744/
      -281659.057+1533201.654/
      -281708.959+1533150.503/
      CG851/
      APAGI
    </Line>
    <Line>
      <!--Rwy14 CUDGN4-->
      -281021.250+1533039.310/
      SMALL/
      -281202.886+1533143.771/
      -281220.840+1533153.216/
      -281239.205+1533201.584/
      -281244.388+1533203.412/
      CG847
    </Line>
    <!--STARs-->
    <Line>
      <!--Rwy14 BERN3A-->
      BERNI/
      ELDUX/
      VANSU/
      ROONY/
      FIKUL/
      CHOOK/
      AGTEK/
      KEGAN
    </Line>
    <Line>
      <!--Rwy14 BERN3V-->
      CHOOK/
      KERRI/
      SAILA/
      NIKKI
    </Line>
    <Line>
      <!--Rwy14 BERN3Y-->
    </Line>
    <Line>
      <!--Rwy14 LAMS3A-->
      LAMSI/
      PATSU/
      TELOG/
      LOTMA/
      KEGAN
    </Line>
    <Line>
      <!--Rwy14 LAMS3Y-->
      LAMSI/
      MIMUD/
      KAKVI/
      ENRIM/
      KERRI
    </Line>
    <Symbol Type="HollowTriangle">
      <Point>KEGAN</Point>
      <Point>NIKKI</Point>
      <Point>KERRI</Point>
      <Point>IRPOD</Point>
    </Symbol>
    <Symbol Type="SolidStar">
      <Point>SMALL</Point>
      <Point>CUDGN</Point>
    </Symbol>
    <Symbol Type="HollowStar">
      <Point>CG847</Point>
      <Point>CG851</Point>
      <Point>APAGI</Point>
      <Point>BERNI</Point>
      <Point>ELDUX</Point>
      <Point>VANSU</Point>
      <Point>ROONY</Point>
      <Point>FIKUL</Point>
      <Point>CHOOK</Point>
      <Point>AGTEK</Point>
      <Point>SAILA</Point>
      <Point>LAMSI</Point>
      <Point>PATSU</Point>
      <Point>TELOG</Point>
      <Point>LOTMA</Point>
      <Point>MIMUD</Point>
      <Point>KAKVI</Point>
      <Point>ENRIM</Point>
    </Symbol>
  </Map>
  <Map Type="System" Name="CG_RWY14_NAMES" Priority="2" Center="-28.164444+153.504722">
    <Label>
      <Point>SMALL</Point>
      <Point>CG847</Point>
      <Point>CUDGN</Point>
      <Point>CG851</Point>
      <Point>APAGI</Point>
      <Point>BERNI</Point>
      <Point>ELDUX</Point>
      <Point>VANSU</Point>
      <Point>ROONY</Point>
      <Point>FIKUL</Point>
      <Point>CHOOK</Point>
      <Point>AGTEK</Point>
      <Point>KEGAN</Point>
      <Point>KERRI</Point>
      <Point>SAILA</Point>
      <Point>NIKKI</Point>
      <Point>LAMSI</Point>
      <Point>PATSU</Point>
      <Point>TELOG</Point>
      <Point>LOTMA</Point>
      <Point>MIMUD</Point>
      <Point>KAKVI</Point>
      <Point>ENRIM</Point>
      <Point>MEPEM</Point>
      <Point>GUMKI</Point>
      <Point>ROM NDB</Point>
      <Point>RILGO</Point>
      <Point>LIKTO</Point>
      <Point>WOODY</Point>
      <Point>UGTUG</Point>
      <Point>SAVER</Point>
      <Point>BONEY</Point>
      <Point>SANEG</Point>
      <Point>HUUGO</Point>
      <Point>TESSI</Point>
      <Point>ADMAR</Point>
      <Point>PONUX</Point>
      <Point>ATROP</Point>
      <Point>TEBOT</Point>
      <Point>BANDA</Point>
      <Point>OMKAX</Point>
      <Point>SCOTT</Point>
      <Point>KIBAT</Point>
      <Point>ISKIM</Point>
      <Point>PAVBI</Point>
      <Point>OLKUR</Point>
      <Point>IDRAS</Point>
      <Point>ITIDE</Point>
      <Point>BIXAD</Point>
      <Point>GUDSO</Point>
      <Point>TAPET</Point>
      <Point>LOAFA</Point>
      <Point>GLA VOR</Point>
      <Point>RULUN</Point>
      <Point>BICKL</Point>
      <Point>SU VOR</Point>
      <Point>RUDEY</Point>
      <Point>MESED</Point>
      <Point>HARVS</Point>
      <Point>MISLY</Point>
      <Point>LAROS</Point>
      <Point>IGUPI</Point>
      <Point>COOLA</Point>
      <Point>IBUNA</Point>
      <Point>LEBIT</Point>
      <Point>ATVIL</Point>
      <Point>UNVAT</Point>
      <Point>MILTY</Point>
      <Point>SUSGI</Point>
      <Point>OTLEB</Point>
      <Point>MORBI</Point>
      <Point>REMOR</Point>
      <Point>GAYLA</Point>
      <Point>AKOBA</Point>
      <Point>SAGLI</Point>
      <Point>MAGPI</Point>
      <Point>OLDIB</Point>
      <Point>DADBO</Point>
      <Point>TW VOR</Point>
      <Point>SANAD</Point>
      <Point>CFS VOR</Point>
      <Point>TUCAB</Point>
      <Point>TUCKI</Point>
      <Point>JEDDA</Point>
      <Point>DULIN</Point>
      <Point>BNA NDB</Point>
      <Point>KADSI</Point>
      <Point>UGPOT</Point>
      <Point>IDNER</Point>
      <Point>RUROX</Point>
      <Point>BUD NDB</Point>
      <Point>SOSTU</Point>
      <Point>BUGNU</Point>
      <Point>RIDVO</Point>
      <Point>OK VOR</Point>
      <Point>MATVI</Point>
      <Point>SHIKO</Point>
      <Point>ALDAR</Point>
      <Point>ARM NDB</Point>
      <Point>SPARK</Point>
      <Point>ENAID</Point>
      <Point>GOPVO</Point>
      <Point>AVBOS</Point>
      <Point>EMTID</Point>
      <Point>SUKTU</Point>
      <Point>EDPEG</Point>
      <Point>ENLIP</Point>
      <Point>KANKO</Point>
      <Point>BEPNA</Point>
      <Point>IRMOX</Point>
      <Point>OPIPO</Point>
      <Point>NODOR</Point>
      <Point>BESBO</Point>
      <Point>LAMUG</Point>
      <Point>SMOKA</Point>
      <Point>AGIVA</Point>
      <Point>PARRY</Point>
      <Point>ELENI</Point>
      <Point>AKNON</Point>
      <Point>LAGOB</Point>
      <Point>LIDPO</Point>
      <Point>RIRBO</Point>
      <Point>IRPOD</Point>
    </Label>
  </Map>
</Maps>