﻿<?xml version="1.0" encoding="utf-8"?>
<Maps>
  <Map Type="System" Name="CG_RWY32" Priority="1" Center="-28.164444+153.504722">
    <!--YBCG-->
    <Runway Name="14/32">
      <Threshold Name="14" Position="-28.156511+153.500706" />
      <Threshold Name="32" Position="-28.172569+153.510919" ExtendedCentrelineTrack="150.58" ExtendedCentrelineLength="10" ExtendedCentrelineTickInterval="1" />
    </Runway>
    <!--SIDs-->
    <Line>
      <!--Rwy32 APAGI5-->
      -280923.440+1533002.540/
      STIMP/
      MICKS/
      CG612/
      APAGI
    </Line>
    <Line>
      <!--Rwy32 BURLI5-->
      -280923.440+1533002.540/
      LUVLY/
      -280759.778+1532926.861/
      -280715.151+1532942.027/
      -280643.189+1533020.456/
      -280632.452+1533111.852/
      -280645.814+1533202.451/
      -280649.990+1533209.344/
      MEETA/
      MAIDS/
      BURLI/
      -281228.171+1533635.233/
      -281329.286+1533650.888/
      -281431.889+1533648.058/
      -281531.713+1533626.929/
      -281624.679+1533548.933/
      -281650.949+1533519.682/
      CG612
    </Line>
    <!--STARs-->
    <Line>
      <!--Rwy32 BERN3A-->
      BERNI/
      ELDUX/
      VANSU/
      ROONY/
      FIKUL
    </Line>
    <Line>
      <!--Rwy32 BERN3V-->
      FIKUL/
      JAAPI
    </Line>
    <Line>
      <!--Rwy32 LAMS3A-->
      LAMSI/
      IGLAP/
      VIDUM/
      FIKUL
    </Line>
    <Line>
      <!--Rwy32 LAMS3Y-->
      LAMSI/
      OVSOT/
      ADMAK/
      TENIP/
      ATKEN
    </Line>
    <Symbol Type="HollowTriangle">
      <Point>FIKUL</Point>
      <Point>JAAPI</Point>
      <Point>ATKEN</Point>
    </Symbol>
    <Symbol Type="HollowStar">
      <Point>STIMP</Point>
      <Point>MICKS</Point>
      <Point>CG612</Point>
      <Point>APAGI</Point>
      <Point>LUVLY</Point>
      <Point>MEETA</Point>
      <Point>MAIDS</Point>
      <Point>BURLI</Point>
      <Point>BERNI</Point>
      <Point>ELDUX</Point>
      <Point>VANSU</Point>
      <Point>ROONY</Point>
      <Point>LAMSI</Point>
      <Point>IGLAP</Point>
      <Point>VIDUM</Point>
      <Point>OVSOT</Point>
      <Point>ADMAK</Point>
      <Point>TENIP</Point>
    </Symbol>
  </Map>
  <Map Type="System" Name="CG_RWY32_NAMES" Priority="2" Center="-28.164444+153.504722">
    <Label>
      <Point>STIMP</Point>
      <Point>MICKS</Point>
      <Point>CG612</Point>
      <Point>APAGI</Point>
      <Point>LUVLY</Point>
      <Point>MEETA</Point>
      <Point>MAIDS</Point>
      <Point>BURLI</Point>
      <Point>BERNI</Point>
      <Point>ELDUX</Point>
      <Point>VANSU</Point>
      <Point>ROONY</Point>
      <Point>FIKUL</Point>
      <Point>JAAPI</Point>
      <Point>LAMSI</Point>
      <Point>IGLAP</Point>
      <Point>VIDUM</Point>
      <Point>OVSOT</Point>
      <Point>ADMAK</Point>
      <Point>TENIP</Point>
      <Point>ATKEN</Point>
      <Point>MEPEM</Point>
      <Point>GUMKI</Point>
      <Point>ROM NDB</Point>
      <Point>RILGO</Point>
      <Point>LIKTO</Point>
      <Point>WOODY</Point>
      <Point>UGTUG</Point>
      <Point>SAVER</Point>
      <Point>BONEY</Point>
      <Point>SANEG</Point>
      <Point>HUUGO</Point>
      <Point>TESSI</Point>
      <Point>ADMAR</Point>
      <Point>PONUX</Point>
      <Point>ATROP</Point>
      <Point>TEBOT</Point>
      <Point>BANDA</Point>
      <Point>OMKAX</Point>
      <Point>SCOTT</Point>
      <Point>KIBAT</Point>
      <Point>ISKIM</Point>
      <Point>PAVBI</Point>
      <Point>OLKUR</Point>
      <Point>IDRAS</Point>
      <Point>ITIDE</Point>
      <Point>BIXAD</Point>
      <Point>GUDSO</Point>
      <Point>TAPET</Point>
      <Point>LOAFA</Point>
      <Point>GLA VOR</Point>
      <Point>RULUN</Point>
      <Point>BICKL</Point>
      <Point>SU VOR</Point>
      <Point>RUDEY</Point>
      <Point>MESED</Point>
      <Point>HARVS</Point>
      <Point>MISLY</Point>
      <Point>LAROS</Point>
      <Point>IGUPI</Point>
      <Point>COOLA</Point>
      <Point>IBUNA</Point>
      <Point>LEBIT</Point>
      <Point>ATVIL</Point>
      <Point>UNVAT</Point>
      <Point>MILTY</Point>
      <Point>SUSGI</Point>
      <Point>OTLEB</Point>
      <Point>MORBI</Point>
      <Point>REMOR</Point>
      <Point>GAYLA</Point>
      <Point>AKOBA</Point>
      <Point>SAGLI</Point>
      <Point>MAGPI</Point>
      <Point>OLDIB</Point>
      <Point>DADBO</Point>
      <Point>TW VOR</Point>
      <Point>SANAD</Point>
      <Point>CFS VOR</Point>
      <Point>TUCAB</Point>
      <Point>TUCKI</Point>
      <Point>JEDDA</Point>
      <Point>DULIN</Point>
      <Point>BNA NDB</Point>
      <Point>KADSI</Point>
      <Point>UGPOT</Point>
      <Point>IDNER</Point>
      <Point>RUROX</Point>
      <Point>BUD NDB</Point>
      <Point>SOSTU</Point>
      <Point>BUGNU</Point>
      <Point>RIDVO</Point>
      <Point>OK VOR</Point>
      <Point>MATVI</Point>
      <Point>SHIKO</Point>
      <Point>ALDAR</Point>
      <Point>ARM NDB</Point>
      <Point>SPARK</Point>
      <Point>ENAID</Point>
      <Point>GOPVO</Point>
      <Point>AVBOS</Point>
      <Point>EMTID</Point>
      <Point>SUKTU</Point>
      <Point>EDPEG</Point>
      <Point>ENLIP</Point>
      <Point>KANKO</Point>
      <Point>BEPNA</Point>
      <Point>IRMOX</Point>
      <Point>OPIPO</Point>
      <Point>NODOR</Point>
      <Point>BESBO</Point>
      <Point>LAMUG</Point>
      <Point>SMOKA</Point>
      <Point>AGIVA</Point>
      <Point>PARRY</Point>
      <Point>ELENI</Point>
      <Point>AKNON</Point>
      <Point>LAGOB</Point>
      <Point>LIDPO</Point>
      <Point>RIRBO</Point>
    </Label>
  </Map>
</Maps>