﻿<?xml version="1.0" encoding="utf-8"?>
<Maps>
  <Map Type="System2" Name="CB RTCC" Priority="2" Center="-3518.4167+14911.7">
    <Line Pattern="Dotted" Width="1.5">
      <Point>-354053.000+1491118.000/-354550.000+1490148.000</Point>
    </Line>
    <Line Pattern="Dotted" Width="1.5">
      <Point>-354550.000+1490148.000/-354429.290+1485713.850</Point>
    </Line>
    <Line Pattern="Dotted" Width="1.5">
      <Point>-354429.290+1485713.850/-354237.000+1485813.000</Point>
    </Line>
    <Line Pattern="Dotted" Width="1.5">
      <Point>-354237.000+1485813.000/-353557.000+1485351.000</Point>
    </Line>
    <Line Pattern="Dotted" Width="1.5">
      <Point>-353557.000+1485351.000/-353739.181+1485659.200</Point>
    </Line>
    <Line Pattern="Dotted" Width="1.5">
      <Point>-353739.181+1485659.200/-353925.738+1490138.854</Point>
    </Line>
    <Line Pattern="Dotted" Width="1.5">
      <Point>-353925.738+1490138.854/-354031.000+1490621.000</Point>
    </Line>
    <Line Pattern="Dotted" Width="1.5">
      <Point>-354031.000+1490621.000/-354054.000+1491026.000</Point>
    </Line>
    <Line Pattern="Dotted" Width="1.5">
      <Point>-354054.000+1491026.000/-354052.441+1491116.861</Point>
    </Line>
    <Line Pattern="Dotted" Width="1.5">
      <Point>-353632.000+1484358.000/-353614.000+1485002.000</Point>
    </Line>
    <Line Pattern="Dotted" Width="1.5">
      <Point>-353614.000+1485002.000/-353844.000+1485251.000</Point>
    </Line>
    <Line Pattern="Dotted" Width="1.5">
      <Point>-353844.000+1485251.000/-354244.000+1485301.000</Point>
    </Line>
    <Line Pattern="Dotted" Width="1.5">
      <Point>-354244.000+1485301.000/-353949.566+1484800.902</Point>
    </Line>
    <Line Pattern="Dotted" Width="1.5">
      <Point>-353949.566+1484800.902/-353632.000+1484358.000</Point>
    </Line>
    <Line Pattern="Dotted" Width="1.5">
      <Point>-354429.000+1485714.000/-354244.000+1485301.000</Point>
    </Line>
    <Line Pattern="Dotted" Width="1.5">
      <Point>-353632.000+1484358.000/-353606.735+1484329.134</Point>
    </Line>
    <Line Pattern="Dotted" Width="1.5">
      <Point>-353606.735+1484329.134/-353148.811+1483949.504</Point>
    </Line>
    <Line Pattern="Dotted" Width="1.5">
      <Point>-353148.811+1483949.504/-353138.000+1483947.000</Point>
    </Line>
    <Line Pattern="Dotted" Width="1.5">
      <Point>-353138.000+1483947.000/-353030.000+1485017.000</Point>
    </Line>
    <Line Pattern="Dotted" Width="1.5">
      <Point>-353030.000+1485017.000/-353322.000+1485209.000</Point>
    </Line>
    <Line Pattern="Dotted" Width="1.5">
      <Point>-353322.000+1485209.000/-353557.000+1485351.000</Point>
    </Line>
    <Line Pattern="Dotted" Width="1.5">
      <Point>-354237.000+1485813.000/-354429.000+1485714.000</Point>
    </Line>
    <Line Pattern="Dotted" Width="1.5">
      <Point>-353138.000+1483947.000/-352837.000+1483758.000</Point>
    </Line>
    <Line Pattern="Dotted" Width="1.5">
      <Point>-352837.000+1483758.000/-352743.000+1484831.000</Point>
    </Line>
    <Line Pattern="Dotted" Width="1.5">
      <Point>-352743.000+1484831.000/-353030.000+1485017.000</Point>
    </Line>
    <Line Pattern="Dotted" Width="1.5">
      <Point>-345425.000+1484728.000/-345351.842+1484814.310</Point>
    </Line>
    <Line Pattern="Dotted" Width="1.5">
      <Point>-345351.842+1484814.310/-345052.777+1485328.345</Point>
    </Line>
    <Line Pattern="Dotted" Width="1.5">
      <Point>-345052.777+1485328.345/-344840.909+1485915.179</Point>
    </Line>
    <Line Pattern="Dotted" Width="1.5">
      <Point>-344840.909+1485915.179/-344720.180+1490524.410</Point>
    </Line>
    <Line Pattern="Dotted" Width="1.5">
      <Point>-344720.180+1490524.410/-344653.000+1491145.000</Point>
    </Line>
    <Line Pattern="Dotted" Width="1.5">
      <Point>-344653.000+1491145.000/-344711.000+1491714.000</Point>
    </Line>
    <Line Pattern="Dotted" Width="1.5">
      <Point>-344711.000+1491714.000/-350137.000+1491738.000</Point>
    </Line>
    <Line Pattern="Dotted" Width="1.5">
      <Point>-350137.000+1491738.000/-350107.537+1491508.552</Point>
    </Line>
    <Line Pattern="Dotted" Width="1.5">
      <Point>-350107.537+1491508.552/-350053.000+1491145.000</Point>
    </Line>
    <Line Pattern="Dotted" Width="1.5">
      <Point>-350053.000+1491145.000/-350107.537+1490821.448</Point>
    </Line>
    <Line Pattern="Dotted" Width="1.5">
      <Point>-350107.537+1490821.448/-350150.711+1490504.022</Point>
    </Line>
    <Line Pattern="Dotted" Width="1.5">
      <Point>-350150.711+1490504.022/-350301.222+1490158.669</Point>
    </Line>
    <Line Pattern="Dotted" Width="1.5">
      <Point>-350301.222+1490158.669/-350436.947+1485910.981</Point>
    </Line>
    <Line Pattern="Dotted" Width="1.5">
      <Point>-350436.947+1485910.981/-350635.000+1485646.032</Point>
    </Line>
    <Line Pattern="Dotted" Width="1.5">
      <Point>-350635.000+1485646.032/-350818.000+1485516.000</Point>
    </Line>
    <Line Pattern="Dotted" Width="1.5">
      <Point>-350818.000+1485516.000/-350453.000+1485213.000</Point>
    </Line>
    <Line Pattern="Dotted" Width="1.5">
      <Point>-350453.000+1485213.000/-350154.000+1485535.000</Point>
    </Line>
    <Line Pattern="Dotted" Width="1.5">
      <Point>-350154.000+1485535.000/-345425.000+1484728.000</Point>
    </Line>
    <Line Pattern="Dotted" Width="1.5">
      <Point>-345851.000+1484229.000/-345732.743+1484342.542</Point>
    </Line>
    <Line Pattern="Dotted" Width="1.5">
      <Point>-345732.743+1484342.542/-345425.000+1484728.000</Point>
    </Line>
    <Line Pattern="Dotted" Width="1.5">
      <Point>-350453.000+1485213.000/-345851.000+1484229.000</Point>
    </Line>
    <Line Pattern="Dotted" Width="1.5">
      <Point>-350453.000+1485213.000/-350651.154+1485034.557</Point>
    </Line>
    <Line Pattern="Dotted" Width="1.5">
      <Point>-350651.154+1485034.557/-351000.400+1484845.597</Point>
    </Line>
    <Line Pattern="Dotted" Width="1.5">
      <Point>-351000.400+1484845.597/-351322.230+1484738.372</Point>
    </Line>
    <Line Pattern="Dotted" Width="1.5">
      <Point>-351322.230+1484738.372/-351329.000+1484741.000</Point>
    </Line>
    <Line Pattern="Dotted" Width="1.5">
      <Point>-351329.000+1484741.000/-351650.530+1484715.006</Point>
    </Line>
    <Line Pattern="Dotted" Width="1.5">
      <Point>-351650.530+1484715.006/-352018.980+1484736.302</Point>
    </Line>
    <Line Pattern="Dotted" Width="1.5">
      <Point>-352018.980+1484736.302/-352228.000+1484816.000</Point>
    </Line>
    <Line Pattern="Dotted" Width="1.5">
      <Point>-352228.000+1484816.000/-352239.000+1483543.000</Point>
    </Line>
    <Line Pattern="Dotted" Width="1.5">
      <Point>-352239.000+1483543.000/-352200.168+1483531.190</Point>
    </Line>
    <Line Pattern="Dotted" Width="1.5">
      <Point>-352200.168+1483531.190/-351647.443+1483500.025</Point>
    </Line>
    <Line Pattern="Dotted" Width="1.5">
      <Point>-351647.443+1483500.025/-351135.053+1483535.846</Point>
    </Line>
    <Line Pattern="Dotted" Width="1.5">
      <Point>-351135.053+1483535.846/-350632.474+1483717.358</Point>
    </Line>
    <Line Pattern="Dotted" Width="1.5">
      <Point>-350632.474+1483717.358/-350148.854+1484001.294</Point>
    </Line>
    <Line Pattern="Dotted" Width="1.5">
      <Point>-350148.854+1484001.294/-345851.000+1484229.000</Point>
    </Line>
    <Line Pattern="Dotted" Width="1.5">
      <Point>-350818.000+1485516.000/-350851.818+1485448.228</Point>
    </Line>
    <Line Pattern="Dotted" Width="1.5">
      <Point>-350851.818+1485448.228/-351123.268+1485321.166</Point>
    </Line>
    <Line Pattern="Dotted" Width="1.5">
      <Point>-351123.268+1485321.166/-351404.766+1485227.530</Point>
    </Line>
    <Line Pattern="Dotted" Width="1.5">
      <Point>-351404.766+1485227.530/-351433.000+1485225.000</Point>
    </Line>
    <Line Pattern="Dotted" Width="1.5">
      <Point>-351433.000+1485225.000/-351329.000+1484741.000</Point>
    </Line>
    <Line Pattern="Dotted" Width="1.5">
      <Point>-351329.000+1484741.000/-351449.000+1485336.000</Point>
    </Line>
    <Line Pattern="Dotted" Width="1.5">
      <Point>-351449.000+1485336.000/-351651.611+1485322.502</Point>
    </Line>
    <Line Pattern="Dotted" Width="1.5">
      <Point>-351651.611+1485322.502/-351927.935+1485338.669</Point>
    </Line>
    <Line Pattern="Dotted" Width="1.5">
      <Point>-351927.935+1485338.669/-352013.000+1485352.000</Point>
    </Line>
    <Line Pattern="Dotted" Width="1.5">
      <Point>-352013.000+1485352.000/-352110.000+1485644.000</Point>
    </Line>
    <Line Pattern="Dotted" Width="1.5">
      <Point>-352110.000+1485644.000/-352118.853+1485646.301</Point>
    </Line>
    <Line Pattern="Dotted" Width="1.5">
      <Point>-352118.853+1485646.301/-352322.216+1485756.403</Point>
    </Line>
    <Line Pattern="Dotted" Width="1.5">
      <Point>-352322.216+1485756.403/-352413.000+1485837.000</Point>
    </Line>
    <Line Pattern="Dotted" Width="1.5">
      <Point>-352413.000+1485837.000/-352259.000+1485459.000</Point>
    </Line>
    <Line Pattern="Dotted" Width="1.5">
      <Point>-352259.000+1485459.000/-352228.000+1484816.000</Point>
    </Line>
    <Line Pattern="Dotted" Width="1.5">
      <Point>-352259.000+1485459.000/-352558.000+1485708.000</Point>
    </Line>
    <Line Pattern="Dotted" Width="1.5">
      <Point>-352558.000+1485708.000/-352731.000+1485847.000</Point>
    </Line>
    <Line Pattern="Dotted" Width="1.5">
      <Point>-352731.000+1485847.000/-353109.000+1485434.000</Point>
    </Line>
    <Line Pattern="Dotted" Width="1.5">
      <Point>-353109.000+1485434.000/-352942.889+1485255.924</Point>
    </Line>
    <Line Pattern="Dotted" Width="1.5">
      <Point>-352942.889+1485255.924/-352651.141+1485029.317</Point>
    </Line>
    <Line Pattern="Dotted" Width="1.5">
      <Point>-352651.141+1485029.317/-352341.238+1484841.707</Point>
    </Line>
    <Line Pattern="Dotted" Width="1.5">
      <Point>-352341.238+1484841.707/-352228.000+1484816.000</Point>
    </Line>
    <Line Pattern="Dotted" Width="1.5">
      <Point>-353322.000+1485209.000/-353109.000+1485434.000</Point>
    </Line>
    <Line Pattern="Dotted" Width="1.5">
      <Point>-353109.000+1485434.000/-353211.227+1485557.108</Point>
    </Line>
    <Line Pattern="Dotted" Width="1.5">
      <Point>-353211.227+1485557.108/-353411.609+1485927.364</Point>
    </Line>
    <Line Pattern="Dotted" Width="1.5">
      <Point>-353411.609+1485927.364/-353453.000+1490101.000</Point>
    </Line>
    <Line Pattern="Dotted" Width="1.5">
      <Point>-353453.000+1490101.000/-353540.340+1490320.273</Point>
    </Line>
    <Line Pattern="Dotted" Width="1.5">
      <Point>-353540.340+1490320.273/-353627.000+1490633.000</Point>
    </Line>
    <Line Pattern="Dotted" Width="1.5">
      <Point>-353627.000+1490633.000/-354031.000+1490621.000</Point>
    </Line>
    <Line Pattern="Dotted" Width="1.5">
      <Point>-353453.000+1490101.000/-352915.000+1490337.000</Point>
    </Line>
    <Line Pattern="Dotted" Width="1.5">
      <Point>-352915.000+1490337.000/-353130.000+1490718.000</Point>
    </Line>
    <Line Pattern="Dotted" Width="1.5">
      <Point>-353130.000+1490718.000/-353324.000+1490641.000</Point>
    </Line>
    <Line Pattern="Dotted" Width="1.5">
      <Point>-353324.000+1490641.000/-353627.000+1490633.000</Point>
    </Line>
    <Line Pattern="Dotted" Width="1.5">
      <Point>-352915.000+1490337.000/-352625.000+1490500.000</Point>
    </Line>
    <Line Pattern="Dotted" Width="1.5">
      <Point>-352625.000+1490500.000/-352513.000+1490558.000</Point>
    </Line>
    <Line Pattern="Dotted" Width="1.5">
      <Point>-352513.000+1490558.000/-352623.000+1491008.000</Point>
    </Line>
    <Line Pattern="Dotted" Width="1.5">
      <Point>-352623.000+1491008.000/-352706.000+1491020.000</Point>
    </Line>
    <Line Pattern="Dotted" Width="1.5">
      <Point>-352706.000+1491020.000/-352805.000+1490824.000</Point>
    </Line>
    <Line Pattern="Dotted" Width="1.5">
      <Point>-352805.000+1490824.000/-353130.000+1490718.000</Point>
    </Line>
    <Line Pattern="Dotted" Width="1.5">
      <Point>-352513.000+1490558.000/-352421.000+1490806.000</Point>
    </Line>
    <Line Pattern="Dotted" Width="1.5">
      <Point>-352421.000+1490806.000/-352457.000+1491243.000</Point>
    </Line>
    <Line Pattern="Dotted" Width="1.5">
      <Point>-352457.000+1491243.000/-352455.000+1491450.000</Point>
    </Line>
    <Line Pattern="Dotted" Width="1.5">
      <Point>-352455.000+1491450.000/-352327.000+1491447.000</Point>
    </Line>
    <Line Pattern="Dotted" Width="1.5">
      <Point>-353324.000+1490641.000/-353337.450+1490807.274</Point>
    </Line>
    <Line Pattern="Dotted" Width="1.5">
      <Point>-353337.450+1490807.274/-353353.000+1491145.000</Point>
    </Line>
    <Line Pattern="Dotted" Width="1.5">
      <Point>-353353.000+1491145.000/-353337.450+1491522.726</Point>
    </Line>
    <Line Pattern="Dotted" Width="1.5">
      <Point>-353337.450+1491522.726/-353251.277+1491853.767</Point>
    </Line>
    <Line Pattern="Dotted" Width="1.5">
      <Point>-353251.277+1491853.767/-353225.000+1492016.000</Point>
    </Line>
    <Line Pattern="Dotted" Width="1.5">
      <Point>-353225.000+1492016.000/-353435.000+1492017.000</Point>
    </Line>
    <Line Pattern="Dotted" Width="1.5">
      <Point>-353435.000+1492017.000/-353443.987+1491944.398</Point>
    </Line>
    <Line Pattern="Dotted" Width="1.5">
      <Point>-353443.987+1491944.398/-353535.613+1491548.440</Point>
    </Line>
    <Line Pattern="Dotted" Width="1.5">
      <Point>-353535.613+1491548.440/-353553.000+1491145.000</Point>
    </Line>
    <Line Pattern="Dotted" Width="1.5">
      <Point>-353553.000+1491145.000/-353555.000+1491136.000</Point>
    </Line>
    <Line Pattern="Dotted" Width="1.5">
      <Point>-353555.000+1491136.000/-353854.000+1491047.000</Point>
    </Line>
    <Line Pattern="Dotted" Width="1.5">
      <Point>-353854.000+1491047.000/-354015.000+1491025.000</Point>
    </Line>
    <Line Pattern="Dotted" Width="1.5">
      <Point>-354015.000+1491025.000/-354054.000+1491026.000</Point>
    </Line>
    <Line Pattern="Dotted" Width="1.5">
      <Point>-353854.000+1491047.000/-353853.000+1491145.000</Point>
    </Line>
    <Line Pattern="Dotted" Width="1.5">
      <Point>-353853.000+1491145.000/-353839.957+1491531.159</Point>
    </Line>
    <Line Pattern="Dotted" Width="1.5">
      <Point>-353839.957+1491531.159/-354052.441+1491116.861</Point>
    </Line>
    <Line Pattern="Dotted" Width="1.5">
      <Point>-353839.957+1491531.159/-353610.959+1492016.854</Point>
    </Line>
    <Line Pattern="Dotted" Width="1.5">
      <Point>-353610.959+1492016.854/-353435.000+1492017.000</Point>
    </Line>
    <Line Pattern="Dotted" Width="1.5">
      <Point>-353610.959+1492016.854/-353044.000+1493010.000</Point>
    </Line>
    <Line Pattern="Dotted" Width="1.5">
      <Point>-353044.000+1493010.000/-352847.000+1492953.000</Point>
    </Line>
    <Line Pattern="Dotted" Width="1.5">
      <Point>-352847.000+1492953.000/-352452.000+1492548.000</Point>
    </Line>
    <Line Pattern="Dotted" Width="1.5">
      <Point>-344711.000+1491714.000/-344720.180+1491805.590</Point>
    </Line>
    <Line Pattern="Dotted" Width="1.5">
      <Point>-344720.180+1491805.590/-344840.909+1492414.821</Point>
    </Line>
    <Line Pattern="Dotted" Width="1.5">
      <Point>-344840.909+1492414.821/-345052.777+1493001.655</Point>
    </Line>
    <Line Pattern="Dotted" Width="1.5">
      <Point>-345052.777+1493001.655/-345216.000+1493242.000</Point>
    </Line>
    <Line Pattern="Dotted" Width="1.5">
      <Point>-345216.000+1493242.000/-350330.000+1492954.000</Point>
    </Line>
    <Line Pattern="Dotted" Width="1.5">
      <Point>-350330.000+1492954.000/-350400.212+1493028.117</Point>
    </Line>
    <Line Pattern="Dotted" Width="1.5">
      <Point>-350400.212+1493028.117/-350651.154+1493255.443</Point>
    </Line>
    <Line Pattern="Dotted" Width="1.5">
      <Point>-350651.154+1493255.443/-351000.400+1493444.403</Point>
    </Line>
    <Line Pattern="Dotted" Width="1.5">
      <Point>-351000.400+1493444.403/-351322.230+1493551.628</Point>
    </Line>
    <Line Pattern="Dotted" Width="1.5">
      <Point>-351322.230+1493551.628/-351435.000+1493600.000</Point>
    </Line>
    <Line Pattern="Dotted" Width="1.5">
      <Point>-351435.000+1493600.000/-351442.000+1493106.000</Point>
    </Line>
    <Line Pattern="Dotted" Width="1.5">
      <Point>-351442.000+1493106.000/-351610.000+1492509.000</Point>
    </Line>
    <Line Pattern="Dotted" Width="1.5">
      <Point>-351610.000+1492509.000/-351457.668+1492500.904</Point>
    </Line>
    <Line Pattern="Dotted" Width="1.5">
      <Point>-351457.668+1492500.904/-351306.608+1492424.154</Point>
    </Line>
    <Line Pattern="Dotted" Width="1.5">
      <Point>-351306.608+1492424.154/-351222.000+1492359.000</Point>
    </Line>
    <Line Pattern="Dotted" Width="1.5">
      <Point>-351222.000+1492359.000/-351156.000+1492707.000</Point>
    </Line>
    <Line Pattern="Dotted" Width="1.5">
      <Point>-351156.000+1492707.000/-350731.000+1492734.000</Point>
    </Line>
    <Line Pattern="Dotted" Width="1.5">
      <Point>-350731.000+1492734.000/-350635.000+1492643.968</Point>
    </Line>
    <Line Pattern="Dotted" Width="1.5">
      <Point>-350635.000+1492643.968/-350436.947+1492419.019</Point>
    </Line>
    <Line Pattern="Dotted" Width="1.5">
      <Point>-350436.947+1492419.019/-350301.222+1492131.331</Point>
    </Line>
    <Line Pattern="Dotted" Width="1.5">
      <Point>-350301.222+1492131.331/-350150.711+1491825.978</Point>
    </Line>
    <Line Pattern="Dotted" Width="1.5">
      <Point>-350150.711+1491825.978/-350137.000+1491738.000</Point>
    </Line>
    <Line Pattern="Dotted" Width="1.5">
      <Point>-351610.000+1492509.000/-351652.253+1492513.500</Point>
    </Line>
    <Line Pattern="Dotted" Width="1.5">
      <Point>-351652.253+1492513.500/-351846.883+1492501.530</Point>
    </Line>
    <Line Pattern="Dotted" Width="1.5">
      <Point>-351846.883+1492501.530/-351912.000+1492453.000</Point>
    </Line>
    <Line Pattern="Dotted" Width="1.5">
      <Point>-351912.000+1492453.000/-352038.073+1492425.331</Point>
    </Line>
    <Line Pattern="Dotted" Width="1.5">
      <Point>-352038.073+1492425.331/-352222.439+1492325.976</Point>
    </Line>
    <Line Pattern="Dotted" Width="1.5">
      <Point>-352222.439+1492325.976/-352229.000+1492319.000</Point>
    </Line>
    <Line Pattern="Dotted" Width="1.5">
      <Point>-352229.000+1492319.000/-352219.000+1493008.000</Point>
    </Line>
    <Line Pattern="Dotted" Width="1.5">
      <Point>-352219.000+1493008.000/-352219.941+1493011.324</Point>
    </Line>
    <Line Pattern="Dotted" Width="1.5">
      <Point>-352219.941+1493011.324/-351938.168+1493103.795</Point>
    </Line>
    <Line Pattern="Dotted" Width="1.5">
      <Point>-351938.168+1493103.795/-351651.419+1493121.000</Point>
    </Line>
    <Line Pattern="Dotted" Width="1.5">
      <Point>-351651.419+1493121.000/-351442.000+1493106.000</Point>
    </Line>
    <Line Pattern="Dotted" Width="1.5">
      <Point>-352847.000+1492953.000/-352621.323+1493156.774</Point>
    </Line>
    <Line Pattern="Dotted" Width="1.5">
      <Point>-352621.323+1493156.774/-352320.930+1493339.036</Point>
    </Line>
    <Line Pattern="Dotted" Width="1.5">
      <Point>-352320.930+1493339.036/-352150.000+1493410.000</Point>
    </Line>
    <Line Pattern="Dotted" Width="1.5">
      <Point>-352150.000+1493410.000/-352007.000+1494811.000</Point>
    </Line>
    <Line Pattern="Dotted" Width="1.5">
      <Point>-352007.000+1494811.000/-353044.000+1493010.000</Point>
    </Line>
    <Line Pattern="Dotted" Width="1.5">
      <Point>-345216.000+1493242.000/-345351.842+1493515.690</Point>
    </Line>
    <Line Pattern="Dotted" Width="1.5">
      <Point>-345351.842+1493515.690/-345732.743+1493947.458</Point>
    </Line>
    <Line Pattern="Dotted" Width="1.5">
      <Point>-345732.743+1493947.458/-350148.854+1494328.706</Point>
    </Line>
    <Line Pattern="Dotted" Width="1.5">
      <Point>-350148.854+1494328.706/-350632.474+1494612.642</Point>
    </Line>
    <Line Pattern="Dotted" Width="1.5">
      <Point>-350632.474+1494612.642/-351135.053+1494754.154</Point>
    </Line>
    <Line Pattern="Dotted" Width="1.5">
      <Point>-351135.053+1494754.154/-351647.443+1494829.975</Point>
    </Line>
    <Line Pattern="Dotted" Width="1.5">
      <Point>-351647.443+1494829.975/-351706.000+1494823.000</Point>
    </Line>
    <Line Pattern="Dotted" Width="1.5">
      <Point>-351706.000+1494823.000/-351435.000+1493600.000</Point>
    </Line>
    <Line Pattern="Dotted" Width="1.5">
      <Point>-352837.000+1483758.000/-352703.712+1483708.607</Point>
    </Line>
    <Line Pattern="Dotted" Width="1.5">
      <Point>-352703.712+1483708.607/-352239.000+1483543.000</Point>
    </Line>
    <Line Pattern="Dotted" Width="1.5">
      <Point>-351706.000+1494823.000/-352007.000+1494811.000</Point>
    </Line>
    <Line Pattern="Dotted" Width="1.5">
      <Point>-351312.000+1491756.000/-351222.000+1492359.000</Point>
    </Line>
    <Line Pattern="Dotted" Width="1.5">
      <Point>-351457.668+1492500.904/-351652.253+1492513.500</Point>
    </Line>
    <Line Pattern="Dotted" Width="1.5">
      <Point>-351912.000+1492453.000/-351917.000+1492202.000</Point>
    </Line>
    <Line Pattern="Dotted" Width="1.5">
      <Point>-351917.000+1492202.000/-352032.000+1491936.000</Point>
    </Line>
    <Line Pattern="Dotted" Width="1.5">
      <Point>-352032.000+1491936.000/-352036.000+1491802.000</Point>
    </Line>
    <Line Pattern="Dotted" Width="1.5">
      <Point>-352036.000+1491802.000/-351928.000+1491756.000</Point>
    </Line>
    <Line Pattern="Dotted" Width="1.5">
      <Point>-351928.000+1491756.000/-351312.000+1491756.000</Point>
    </Line>
    <Line Pattern="Dotted" Width="1.5">
      <Point>-352223.000+1492729.000/-352352.090+1492637.427</Point>
    </Line>
    <Line Pattern="Dotted" Width="1.5">
      <Point>-352352.090+1492637.427/-352552.229+1492454.724</Point>
    </Line>
    <Line Pattern="Dotted" Width="1.5">
      <Point>-352552.229+1492454.724/-352735.975+1492247.894</Point>
    </Line>
    <Line Pattern="Dotted" Width="1.5">
      <Point>-352735.975+1492247.894/-352900.158+1492020.790</Point>
    </Line>
    <Line Pattern="Dotted" Width="1.5">
      <Point>-352900.158+1492020.790/-353002.200+1491737.896</Point>
    </Line>
    <Line Pattern="Dotted" Width="1.5">
      <Point>-353002.200+1491737.896/-353022.000+1491627.000</Point>
    </Line>
    <Line Pattern="Dotted" Width="1.5">
      <Point>-353022.000+1491627.000/-352659.000+1491438.000</Point>
    </Line>
    <Line Pattern="Dotted" Width="1.5">
      <Point>-352659.000+1491438.000/-352235.000+1491734.000</Point>
    </Line>
    <Line Pattern="Dotted" Width="1.5">
      <Point>-352235.000+1491734.000/-352223.000+1492729.000</Point>
    </Line>
    <Line Pattern="Dotted" Width="1.5">
      <Point>-352818.000+1490405.000/-352808.238+1490346.138</Point>
    </Line>
    <Line Pattern="Dotted" Width="1.5">
      <Point>-352808.238+1490346.138/-352650.082+1490129.553</Point>
    </Line>
    <Line Pattern="Dotted" Width="1.5">
      <Point>-352650.082+1490129.553/-352513.760+1485931.782</Point>
    </Line>
    <Line Pattern="Dotted" Width="1.5">
      <Point>-352513.760+1485931.782/-352413.000+1485837.000</Point>
    </Line>
    <Line Pattern="Dotted" Width="1.5">
      <Point>-352413.000+1485837.000/-352410.000+1490139.000</Point>
    </Line>
    <Line Pattern="Dotted" Width="1.5">
      <Point>-352410.000+1490139.000/-352518.280+1490304.402</Point>
    </Line>
    <Line Pattern="Dotted" Width="1.5">
      <Point>-352518.280+1490304.402/-352624.389+1490459.954</Point>
    </Line>
    <Line Pattern="Dotted" Width="1.5">
      <Point>-352624.389+1490459.954/-352625.000+1490500.000</Point>
    </Line>
    <Line Pattern="Dotted" Width="1.5">
      <Point>-352625.000+1490500.000/-352818.000+1490405.000</Point>
    </Line>
    <Line Pattern="Dotted" Width="1.5">
      <Point>-351248.000+1485916.000/-351306.608+1485905.846</Point>
    </Line>
    <Line Pattern="Dotted" Width="1.5">
      <Point>-351306.608+1485905.846/-351457.668+1485829.096</Point>
    </Line>
    <Line Pattern="Dotted" Width="1.5">
      <Point>-351457.668+1485829.096/-351652.253+1485816.500</Point>
    </Line>
    <Line Pattern="Dotted" Width="1.5">
      <Point>-351652.253+1485816.500/-351846.883+1485828.470</Point>
    </Line>
    <Line Pattern="Dotted" Width="1.5">
      <Point>-351846.883+1485828.470/-352038.073+1485904.669</Point>
    </Line>
    <Line Pattern="Dotted" Width="1.5">
      <Point>-352038.073+1485904.669/-352213.000+1485959.000</Point>
    </Line>
    <Line Pattern="Dotted" Width="1.5">
      <Point>-352213.000+1485959.000/-352110.000+1485644.000</Point>
    </Line>
    <Line Pattern="Dotted" Width="1.5">
      <Point>-352110.000+1485644.000/-351907.433+1485603.579</Point>
    </Line>
    <Line Pattern="Dotted" Width="1.5">
      <Point>-351907.433+1485603.579/-351651.957+1485549.501</Point>
    </Line>
    <Line Pattern="Dotted" Width="1.5">
      <Point>-351651.957+1485549.501/-351436.543+1485604.454</Point>
    </Line>
    <Line Pattern="Dotted" Width="1.5">
      <Point>-351436.543+1485604.454/-351225.304+1485647.945</Point>
    </Line>
    <Line Pattern="Dotted" Width="1.5">
      <Point>-351225.304+1485647.945/-351057.000+1485737.000</Point>
    </Line>
    <Line Pattern="Dotted" Width="1.5">
      <Point>-351057.000+1485737.000/-351248.000+1485916.000</Point>
    </Line>
    <Line Pattern="Dotted" Width="1.5">
      <Point>-351248.000+1485916.000/-351319.000+1490531.000</Point>
    </Line>
    <Line Pattern="Dotted" Width="1.5">
      <Point>-351319.000+1490531.000/-351321.824+1490605.537</Point>
    </Line>
    <Line Pattern="Dotted" Width="1.5">
      <Point>-351321.824+1490605.537/-351330.210+1490643.875</Point>
    </Line>
    <Line Pattern="Dotted" Width="1.5">
      <Point>-351330.210+1490643.875/-351343.904+1490719.851</Point>
    </Line>
    <Line Pattern="Dotted" Width="1.5">
      <Point>-351343.904+1490719.851/-351402.491+1490752.374</Point>
    </Line>
    <Line Pattern="Dotted" Width="1.5">
      <Point>-351402.491+1490752.374/-351425.407+1490820.455</Point>
    </Line>
    <Line Pattern="Dotted" Width="1.5">
      <Point>-351425.407+1490820.455/-351451.956+1490843.242</Point>
    </Line>
    <Line Pattern="Dotted" Width="1.5">
      <Point>-351451.956+1490843.242/-351521.332+1490900.042</Point>
    </Line>
    <Line Pattern="Dotted" Width="1.5">
      <Point>-351521.332+1490900.042/-351552.644+1490910.342</Point>
    </Line>
    <Line Pattern="Dotted" Width="1.5">
      <Point>-351552.644+1490910.342/-351624.941+1490913.828</Point>
    </Line>
    <Line Pattern="Dotted" Width="1.5">
      <Point>-351624.941+1490913.828/-351657.241+1490910.392</Point>
    </Line>
    <Line Pattern="Dotted" Width="1.5">
      <Point>-351657.241+1490910.392/-351728.563+1490900.135</Point>
    </Line>
    <Line Pattern="Dotted" Width="1.5">
      <Point>-351728.563+1490900.135/-351757.955+1490843.368</Point>
    </Line>
    <Line Pattern="Dotted" Width="1.5">
      <Point>-351757.955+1490843.368/-351824.524+1490820.598</Point>
    </Line>
    <Line Pattern="Dotted" Width="1.5">
      <Point>-351824.524+1490820.598/-351847.460+1490752.517</Point>
    </Line>
    <Line Pattern="Dotted" Width="1.5">
      <Point>-351847.460+1490752.517/-351906.066+1490719.977</Point>
    </Line>
    <Line Pattern="Dotted" Width="1.5">
      <Point>-351906.066+1490719.977/-351919.776+1490643.969</Point>
    </Line>
    <Line Pattern="Dotted" Width="1.5">
      <Point>-351919.776+1490643.969/-351928.172+1490605.587</Point>
    </Line>
    <Line Pattern="Dotted" Width="1.5">
      <Point>-351928.172+1490605.587/-351931.000+1490526.000</Point>
    </Line>
    <Line Pattern="Dotted" Width="1.5">
      <Point>-351931.000+1490526.000/-351931.000+1490518.000</Point>
    </Line>
    <Line Pattern="Dotted" Width="1.5">
      <Point>-351931.000+1490518.000/-352338.000+1490509.000</Point>
    </Line>
    <Line Pattern="Dotted" Width="1.5">
      <Point>-352338.000+1490509.000/-352336.000+1490718.000</Point>
    </Line>
    <Line Pattern="Dotted" Width="1.5">
      <Point>-352336.000+1490718.000/-352625.000+1490500.000</Point>
    </Line>
    <Line Pattern="Dotted" Width="1.5">
      <Point>-352518.280+1490304.402/-352356.800+1490124.749</Point>
    </Line>
    <Line Pattern="Dotted" Width="1.5">
      <Point>-352356.800+1490124.749/-352222.439+1490004.024</Point>
    </Line>
    <Line Pattern="Dotted" Width="1.5">
      <Point>-352222.439+1490004.024/-352038.073+1485904.669</Point>
    </Line>
    <Line Pattern="Dotted" Width="1.5">
      <Point>-352623.000+1491008.000/-352457.000+1491243.000</Point>
    </Line>
    <Line Pattern="Dotted" Width="1.5">
      <Point>-352327.000+1491447.000/-352225.000+1491446.000</Point>
    </Line>
    <Line Pattern="Dotted" Width="1.5">
      <Point>-352225.000+1491446.000/-352036.000+1491802.000</Point>
    </Line>
    <Line Pattern="Dotted" Width="1.5">
      <Point>-352229.000+1492319.000/-352235.000+1491734.000</Point>
    </Line>
    <Line Pattern="Dotted" Width="1.5">
      <Point>-352659.000+1491438.000/-352642.000+1491107.000</Point>
    </Line>
    <Line Pattern="Dotted" Width="1.5">
      <Point>-352642.000+1491107.000/-352706.000+1491020.000</Point>
    </Line>
    <Line Pattern="Dotted" Width="1.5">
      <Point>-352336.000+1490718.000/-352327.000+1491447.000</Point>
    </Line>
    <Line Pattern="Dotted" Width="1.5">
      <Point>-351928.000+1491756.000/-351929.000+1491753.000</Point>
    </Line>
    <Line Pattern="Dotted" Width="1.5">
      <Point>-351929.000+1491753.000/-351926.172+1491713.413</Point>
    </Line>
    <Line Pattern="Dotted" Width="1.5">
      <Point>-351926.172+1491713.413/-351917.776+1491635.032</Point>
    </Line>
    <Line Pattern="Dotted" Width="1.5">
      <Point>-351917.776+1491635.032/-351904.066+1491559.024</Point>
    </Line>
    <Line Pattern="Dotted" Width="1.5">
      <Point>-351904.066+1491559.024/-351845.460+1491526.484</Point>
    </Line>
    <Line Pattern="Dotted" Width="1.5">
      <Point>-351845.460+1491526.484/-351822.524+1491458.403</Point>
    </Line>
    <Line Pattern="Dotted" Width="1.5">
      <Point>-351822.524+1491458.403/-351755.955+1491435.633</Point>
    </Line>
    <Line Pattern="Dotted" Width="1.5">
      <Point>-351755.955+1491435.633/-351726.563+1491418.866</Point>
    </Line>
    <Line Pattern="Dotted" Width="1.5">
      <Point>-351726.563+1491418.866/-351655.241+1491408.609</Point>
    </Line>
    <Line Pattern="Dotted" Width="1.5">
      <Point>-351655.241+1491408.609/-351622.941+1491405.173</Point>
    </Line>
    <Line Pattern="Dotted" Width="1.5">
      <Point>-351622.941+1491405.173/-351550.644+1491408.659</Point>
    </Line>
    <Line Pattern="Dotted" Width="1.5">
      <Point>-351550.644+1491408.659/-351519.332+1491418.959</Point>
    </Line>
    <Line Pattern="Dotted" Width="1.5">
      <Point>-351519.332+1491418.959/-351449.956+1491435.759</Point>
    </Line>
    <Line Pattern="Dotted" Width="1.5">
      <Point>-351449.956+1491435.759/-351423.407+1491458.546</Point>
    </Line>
    <Line Pattern="Dotted" Width="1.5">
      <Point>-351423.407+1491458.546/-351400.491+1491526.627</Point>
    </Line>
    <Line Pattern="Dotted" Width="1.5">
      <Point>-351400.491+1491526.627/-351338.000+1491554.000</Point>
    </Line>
    <Line Pattern="Dotted" Width="1.5">
      <Point>-351338.000+1491554.000/-351207.000+1491552.000</Point>
    </Line>
    <Line Pattern="Dotted" Width="1.5">
      <Point>-351207.000+1491552.000/-351130.000+1491429.000</Point>
    </Line>
    <Line Pattern="Dotted" Width="1.5">
      <Point>-351130.000+1491429.000/-350935.000+1491331.000</Point>
    </Line>
    <Line Pattern="Dotted" Width="1.5">
      <Point>-350935.000+1491331.000/-350935.000+1490954.000</Point>
    </Line>
    <Line Pattern="Dotted" Width="1.5">
      <Point>-350935.000+1490954.000/-351319.000+1490531.000</Point>
    </Line>
    <Line Pattern="Dotted" Width="1.5">
      <Point>-352731.000+1485847.000/-352940.000+1490324.000</Point>
    </Line>
    <Line Pattern="Dotted" Width="1.5">
      <Point>-352413.000+1485837.000/-352558.000+1485708.000</Point>
    </Line>
    <Line Pattern="Dotted" Width="1.5">
      <Point>-350137.000+1491738.000/-351312.000+1491756.000</Point>
    </Line>
    <Line Pattern="Dotted" Width="1.5">
      <Point>-350818.000+1485516.000/-351057.000+1485737.000</Point>
    </Line>
    <Label HasLeader="false" Alignment="Center" VerticalAlignment="Bottom">
      <Point Name="45">-345722.413+1490442.403</Point>
      <Point Name="49">-350056.732+1484943.884</Point>
      <Point Name="43">-350648.219+1490908.123</Point>
      <Point Name="44">-350937.827+1492215.835</Point>
      <Point Name="41">-351428.031+1491106.007</Point>
      <Point Name="46">-345848.123+1492449.396</Point>
      <Point Name="49">-350701.858+1493943.321</Point>
      <Point Name="45">-351635.644+1492141.749</Point>
      <Point Name="50">-351955.823+1492743.148</Point>
      <Point Name="56">-351923.645+1493546.747</Point>
      <Point Name="48">-352225.350+1491809.397</Point>
      <Point Name="59">-352520.272+1493600.529</Point>
      <Point Name="51">-352622.956+1491950.032</Point>
      <Point Name="43">-352440.039+1491157.135</Point>
      <Point Name="44">-351836.936+1490239.017</Point>
      <Point Name="55">-352340.729+1485906.332</Point>
      <Point Name="57">-351128.171+1485024.045</Point>
      <Point Name="55">-351358.898+1485453.537</Point>
      <Point Name="61">-351905.950+1485047.889</Point>
      <Point Name="51">-351833.383+1485711.390</Point>
      <Point Name="62">-351355.301+1484129.174</Point>
      <Point Name="70">-352613.442+1484344.727</Point>
      <Point Name="67">-352530.449+1485229.066</Point>
      <Point Name="63">-352504.660+1485712.041</Point>
      <Point Name="51">-352638.538+1490213.840</Point>
      <Point Name="59">-352723.479+1485942.382</Point>
      <Point Name="62">-353123.285+1485922.315</Point>
      <Point Name="72">-353022.941+1484444.612</Point>
      <Point Name="75">-353345.000+1484853.764</Point>
      <Point Name="77">-353917.825+1484858.633</Point>
      <Point Name="67">-353736.288+1490013.568</Point>
      <Point Name="46">-352552.700+1490921.356</Point>
      <Point Name="50">-352846.006+1490617.235</Point>
      <Point Name="54">-353117.041+1491240.676</Point>
      <Point Name="60">-353308.487+1490437.672</Point>
      <Point Name="57">-353616.954+1490902.684</Point>
      <Point Name="66">-353751.445+1491454.759</Point>
      <Point Name="67">-354011.666+1491119.629</Point>
      <Point Name="71">-354338.081+1490255.709</Point>
    </Label>
  </Map>
</Maps>