﻿<?xml version="1.0" encoding="utf-8"?>
<Maps>
  <Map Type="System" Name="CB_RWY3530" Priority="1" Center="-35.306944+149.195000">
    <!--YSCB-->
    <Runway Name="12/30">
      <Threshold Name="12" Position="-35.302767+149.188219" />
      <Threshold Name="30" Position="-35.309997+149.198761" ExtendedCentrelineTrack="129.92" ExtendedCentrelineLength="10" ExtendedCentrelineTickInterval="5" />
    </Runway>
    <Runway Name="17/35">
      <Threshold Name="17" Position="-35.290628+149.194442" />
      <Threshold Name="35" Position="-35.314808+149.194444" ExtendedCentrelineTrack="179.99" ExtendedCentrelineLength="15" ExtendedCentrelineTickInterval="1" />
    </Runway>
    <!--SIDs-->
    <Line>
      <!--Rwy35 AKMIR3-->
      -351726.260+1491139.990/
      -351715.407+1491140.425/
      -351550.423+1491152.803/
      -351451.491+1491204.207/
      -351415.302+1491226.062/
      OKERU/
      AKMIR
    </Line>
    <Line>
      <!--Rwy35 AVBEG3-->
      -351726.260+1491139.990/
      VICKI/
      AVBEG
    </Line>
    <Line>
      <!--Rwy35 CULIN2-->
      VICKI/
      CULIN
    </Line>
    <Line>
      <!--Rwy35 DUBUS3-->
      -351726.260+1491139.990/
      -351526.784+1491153.160/
      -351338.927+1491048.720/
      NOGOR/
      DUBUS
    </Line>
    <Line>
      <!--Rwy35 HOWLY9-->
      -351726.260+1491139.990/
      GUTMO/
      -350605.616+1490927.348/
      SCULN/
      HOWLY
    </Line>
    <Line>
      <!--Rwy35 NONUP9-->
      -350605.616+1490927.348/
      MAJOR/
      NONUP
    </Line>
    <Line>
      <!--Rwy35 TANTA3-->
      MAJOR/
      KEATS/
      KELLY/
      TANTA
    </Line>
    <Line>
      <!--Rwy35 WG2-->
      MAJOR/
      WG VOR
    </Line>
    <!--STARs-->
    <Line>
      <!--Rwy30 BUNG5V-->
      BUNGO/
      OLVIX/
      MOSDA/
      SEBVI/
      BESRO/
      ENDOR
    </Line>
    <Line>
      <!--Rwy35 AVBE5A-->
      AVBEG/
      LANYO/
      HONEY/
      DALEY/
      MENZI
    </Line>
    <Line>
      <!--Rwy35 BUNG5A-->
      BUNGO/
      AVBUR/
      NUMVO/
      ELGAX/
      HIPPO/
      FOXLO/
      GIBIL/
      MENZI
    </Line>
    <Line>
      <!--Rwy35 BUNG5V-->
      HIPPO/
      PILOS
    </Line>
    <Line>
      <!--Rwy35 BUNG5W-->
    </Line>
    <Line>
      <!--Rwy35 BUNG5Y-->
      HIPPO/
      BIBRU
    </Line>
    <Line>
      <!--Rwy35 LECE1A-->
      LEECE/
      AKLIM/
      EKASA/
      SLICK/
      FOXLO
    </Line>
    <Line>
      <!--Rwy35 LECE1V-->
      SLICK/
      PILOS
    </Line>
    <Line>
      <!--Rwy35 LECE1W-->
    </Line>
    <Line>
      <!--Rwy35 LECE1Y-->
      SLICK/
      BIBRU
    </Line>
    <Line>
      <!--Rwy35 POLI9A.EBONY-->
      EBONY/
      POLLI
    </Line>
    <Line>
      <!--Rwy35 POLI9A.ARRAN-->
      ARRAN/
      POLLI
    </Line>
    <Line>
      <!--Rwy35 POLI9A.KACEY-->
      KACEY/
      POLLI
    </Line>
    <Line>
      <!--Rwy35 POLI9A.WG-->
      WG VOR/
      POLLI
    </Line>
    <Line>
      <!--Rwy35 POLI9A-->
      POLLI/
      BIXAV/
      GOMAN/
      HONEY
    </Line>
    <Line>
      <!--Rwy35 POLI9X.EBONY-->
    </Line>
    <Line>
      <!--Rwy35 POLI9X.ARRAN-->
    </Line>
    <Line>
      <!--Rwy35 POLI9X.KACEY-->
    </Line>
    <Line>
      <!--Rwy35 POLI9X.WG-->
    </Line>
    <Line>
      <!--Rwy35 POLI9X-->
      HONEY/
      ANREP/
      KALKA
    </Line>
    <Symbol Type="HollowTriangle">
      <Point>ENDOR</Point>
      <Point>MENZI</Point>
      <Point>PILOS</Point>
      <Point>FOXLO</Point>
      <Point>BIBRU</Point>
      <Point>KALKA</Point>
    </Symbol>
    <Symbol Type="Circle">
      <Point>WG VOR</Point>
    </Symbol>
    <Symbol Type="HollowStar">
      <Point>OKERU</Point>
      <Point>AKMIR</Point>
      <Point>VICKI</Point>
      <Point>AVBEG</Point>
      <Point>CULIN</Point>
      <Point>NOGOR</Point>
      <Point>DUBUS</Point>
      <Point>GUTMO</Point>
      <Point>SCULN</Point>
      <Point>HOWLY</Point>
      <Point>MAJOR</Point>
      <Point>NONUP</Point>
      <Point>KEATS</Point>
      <Point>KELLY</Point>
      <Point>TANTA</Point>
      <Point>BUNGO</Point>
      <Point>OLVIX</Point>
      <Point>MOSDA</Point>
      <Point>SEBVI</Point>
      <Point>BESRO</Point>
      <Point>LANYO</Point>
      <Point>HONEY</Point>
      <Point>DALEY</Point>
      <Point>AVBUR</Point>
      <Point>NUMVO</Point>
      <Point>ELGAX</Point>
      <Point>HIPPO</Point>
      <Point>GIBIL</Point>
      <Point>LEECE</Point>
      <Point>AKLIM</Point>
      <Point>EKASA</Point>
      <Point>SLICK</Point>
      <Point>POLLI</Point>
      <Point>BIXAV</Point>
      <Point>GOMAN</Point>
      <Point>EBONY</Point>
      <Point>ARRAN</Point>
      <Point>KACEY</Point>
      <Point>ANREP</Point>
    </Symbol>
  </Map>
  <Map Type="System" Name="CB_RWY3530_NAMES" Priority="2" Center="-35.306944+149.195000">
    <Label>
      <Point>OKERU</Point>
      <Point>AKMIR</Point>
      <Point>VICKI</Point>
      <Point>AVBEG</Point>
      <Point>CULIN</Point>
      <Point>NOGOR</Point>
      <Point>DUBUS</Point>
      <Point>GUTMO</Point>
      <Point>SCULN</Point>
      <Point>HOWLY</Point>
      <Point>MAJOR</Point>
      <Point>NONUP</Point>
      <Point>KEATS</Point>
      <Point>KELLY</Point>
      <Point>TANTA</Point>
      <Point>WG VOR</Point>
      <Point>BUNGO</Point>
      <Point>OLVIX</Point>
      <Point>MOSDA</Point>
      <Point>SEBVI</Point>
      <Point>BESRO</Point>
      <Point>ENDOR</Point>
      <Point>LANYO</Point>
      <Point>HONEY</Point>
      <Point>DALEY</Point>
      <Point>MENZI</Point>
      <Point>AVBUR</Point>
      <Point>NUMVO</Point>
      <Point>ELGAX</Point>
      <Point>HIPPO</Point>
      <Point>FOXLO</Point>
      <Point>GIBIL</Point>
      <Point>PILOS</Point>
      <Point>BIBRU</Point>
      <Point>LEECE</Point>
      <Point>AKLIM</Point>
      <Point>EKASA</Point>
      <Point>SLICK</Point>
      <Point>EBONY</Point>
      <Point>POLLI</Point>
      <Point>ARRAN</Point>
      <Point>KACEY</Point>
      <Point>BIXAV</Point>
      <Point>GOMAN</Point>
      <Point>ANREP</Point>
      <Point>KALKA</Point>
      <Point>TESAT</Point>
      <Point>WOL NDB</Point>
      <Point>AY VOR</Point>
      <Point>PEGSU</Point>
      <Point>EXETA</Point>
      <Point>WAZZA</Point>
      <Point>TEMIS</Point>
      <Point>BOYSE</Point>
      <Point>CWR NDB</Point>
      <Point>MUDGI</Point>
      <Point>GLB NDB</Point>
      <Point>OMBIS</Point>
      <Point>SOVRU</Point>
      <Point>BORLI</Point>
      <Point>COM NDB</Point>
      <Point>VISER</Point>
      <Point>ESL NDB</Point>
      <Point>UGVER</Point>
      <Point>WOLBI</Point>
      <Point>BTH NDB</Point>
      <Point>POPLA</Point>
      <Point>IGDEL</Point>
      <Point>NOLUN</Point>
      <Point>MER NDB</Point>
      <Point>LTV NDB</Point>
      <Point>DADER</Point>
    </Label>
  </Map>
</Maps>