﻿<?xml version="1.0" encoding="utf-8"?>
<Maps>
  <Map Type="System" Name="CB_RWY1712" Priority="1" Center="-35.306944+149.195000">
    <!--YSCB-->
    <Runway Name="12/30">
      <Threshold Name="12" Position="-35.302767+149.188219" ExtendedCentrelineTrack="309.92" ExtendedCentrelineLength="10" ExtendedCentrelineTickInterval="5" />
      <Threshold Name="30" Position="-35.309997+149.198761" />
    </Runway>
    <Runway Name="17/35">
      <Threshold Name="17" Position="-35.290628+149.194442" ExtendedCentrelineTrack="359.99" ExtendedCentrelineLength="15" ExtendedCentrelineTickInterval="1" />
      <Threshold Name="35" Position="-35.314808+149.194444" />
    </Runway>
    <!--SIDs-->
    <Line>
      <!--Rwy17 AKMIR3-->
      -351853.310+1491140.000/
      -352006.654+1491144.934/
      -352104.527+1491142.322/
      -352136.711+1491135.682/
      -352249.712+1491114.638/
      -352340.487+1491059.044/
      -352450.577+1491107.099/
      -352510.748+1491149.071/
      -352508.156+1491245.785/
      OGORA/
      OKERU/
      AKMIR
    </Line>
    <Line>
      <!--Rwy17 AVBEG3-->
      -351853.310+1491140.000/
      ROYAL/
      ONGLO/
      POPET/
      AVBEG
    </Line>
    <Line>
      <!--Rwy17 CULIN2-->
      POPET/
      CULIN
    </Line>
    <Line>
      <!--Rwy17 DUBUS3-->
      -351853.310+1491140.000/
      POKOP/
      SAGIR/
      DUBUS
    </Line>
    <Line>
      <!--Rwy17 HOWLY9-->
      -351853.310+1491140.000/
      -351955.941+1491137.995/
      BIDGI/
      KEATS/
      HOWLY
    </Line>
    <Line>
      <!--Rwy17 NONUP9-->
      KEATS/
      NONUP
    </Line>
    <Line>
      <!--Rwy17 TANTA3-->
      BIDGI/
      KELLY/
      TANTA
    </Line>
    <Line>
      <!--Rwy17 WG2-->
      KEATS/
      WG VOR
    </Line>
    <!--STARs-->
    <Line>
      <!--Rwy17 AVBE5A-->
      AVBEG/
      OMDAL/
      DOGRO/
      GOONY/
      TALAG
    </Line>
    <Line>
      <!--Rwy17 BUNG5A-->
      BUNGO/
      LIGNU/
      GEORG/
      ALDOP/
      GOONY
    </Line>
    <Line>
      <!--Rwy17 BUNG5Y-->
      GEORG/
      VILIG/
      SAPIT
    </Line>
    <Line>
      <!--Rwy17 LECE1A-->
      LEECE/
      PADNA/
      GEORG
    </Line>
    <Line>
      <!--Rwy17 LECE1Y-->
    </Line>
    <Line>
      <!--Rwy17 MAND3A.ARRAN-->
      ARRAN/
      NONUP/
      MANDA
    </Line>
    <Line>
      <!--Rwy17 MAND3A.KACEY-->
      KACEY/
      MANDA
    </Line>
    <Line>
      <!--Rwy17 MAND3A.WG-->
      WG VOR/
      MANDA
    </Line>
    <Line>
      <!--Rwy17 MAND3A-->
      MANDA/
      IGMET/
      MEKON/
      BARTN/
      GOONY
    </Line>
    <Line>
      <!--Rwy17 MAND3X.ARRAN-->
    </Line>
    <Line>
      <!--Rwy17 MAND3X.KACEY-->
    </Line>
    <Line>
      <!--Rwy17 MAND3X.WG-->
    </Line>
    <Line>
      <!--Rwy17 MAND3X-->
      MEKON/
      VADMA
    </Line>
    <Symbol Type="HollowTriangle">
      <Point>TALAG</Point>
      <Point>SAPIT</Point>
      <Point>VADMA</Point>
    </Symbol>
    <Symbol Type="Circle">
      <Point>WG VOR</Point>
    </Symbol>
    <Symbol Type="HollowStar">
      <Point>OGORA</Point>
      <Point>OKERU</Point>
      <Point>AKMIR</Point>
      <Point>ROYAL</Point>
      <Point>ONGLO</Point>
      <Point>POPET</Point>
      <Point>AVBEG</Point>
      <Point>CULIN</Point>
      <Point>POKOP</Point>
      <Point>SAGIR</Point>
      <Point>DUBUS</Point>
      <Point>BIDGI</Point>
      <Point>KEATS</Point>
      <Point>HOWLY</Point>
      <Point>NONUP</Point>
      <Point>KELLY</Point>
      <Point>TANTA</Point>
      <Point>OMDAL</Point>
      <Point>DOGRO</Point>
      <Point>GOONY</Point>
      <Point>BUNGO</Point>
      <Point>LIGNU</Point>
      <Point>GEORG</Point>
      <Point>ALDOP</Point>
      <Point>VILIG</Point>
      <Point>LEECE</Point>
      <Point>PADNA</Point>
      <Point>MANDA</Point>
      <Point>IGMET</Point>
      <Point>MEKON</Point>
      <Point>BARTN</Point>
      <Point>ARRAN</Point>
      <Point>KACEY</Point>
    </Symbol>
  </Map>
  <Map Type="System" Name="CB_RWY1712_NAMES" Priority="2" Center="-35.306944+149.195000">
    <Label>
      <Point>OGORA</Point>
      <Point>OKERU</Point>
      <Point>AKMIR</Point>
      <Point>ROYAL</Point>
      <Point>ONGLO</Point>
      <Point>POPET</Point>
      <Point>AVBEG</Point>
      <Point>CULIN</Point>
      <Point>POKOP</Point>
      <Point>SAGIR</Point>
      <Point>DUBUS</Point>
      <Point>BIDGI</Point>
      <Point>KEATS</Point>
      <Point>HOWLY</Point>
      <Point>NONUP</Point>
      <Point>KELLY</Point>
      <Point>TANTA</Point>
      <Point>WG VOR</Point>
      <Point>OMDAL</Point>
      <Point>DOGRO</Point>
      <Point>GOONY</Point>
      <Point>TALAG</Point>
      <Point>BUNGO</Point>
      <Point>LIGNU</Point>
      <Point>GEORG</Point>
      <Point>ALDOP</Point>
      <Point>VILIG</Point>
      <Point>SAPIT</Point>
      <Point>LEECE</Point>
      <Point>PADNA</Point>
      <Point>ARRAN</Point>
      <Point>MANDA</Point>
      <Point>KACEY</Point>
      <Point>IGMET</Point>
      <Point>MEKON</Point>
      <Point>BARTN</Point>
      <Point>VADMA</Point>
      <Point>TESAT</Point>
      <Point>WOL NDB</Point>
      <Point>AY VOR</Point>
      <Point>PEGSU</Point>
      <Point>EXETA</Point>
      <Point>WAZZA</Point>
      <Point>TEMIS</Point>
      <Point>BOYSE</Point>
      <Point>CWR NDB</Point>
      <Point>MUDGI</Point>
      <Point>GLB NDB</Point>
      <Point>OMBIS</Point>
      <Point>SOVRU</Point>
      <Point>BORLI</Point>
      <Point>COM NDB</Point>
      <Point>VISER</Point>
      <Point>ESL NDB</Point>
      <Point>UGVER</Point>
      <Point>WOLBI</Point>
      <Point>BTH NDB</Point>
      <Point>POPLA</Point>
      <Point>IGDEL</Point>
      <Point>NOLUN</Point>
      <Point>MER NDB</Point>
      <Point>LTV NDB</Point>
      <Point>DADER</Point>
    </Label>
  </Map>
</Maps>