﻿<?xml version="1.0" encoding="utf-8"?>
<Maps>
  <Map Type="Ground_INF" Name="ASMGCS_TAXI_ALL" Priority="0" Center="-2380.8+13390.1">
    <Label HasLeader="False" Alignment="Center" VerticalAlignment="Middle">
      <Point Name="A">-3604.1133+14657.1983</Point>
      <Point Name="B">-3604.2049+14657.0928</Point>
      <Point Name="C">-3604.0733+14657.5483</Point>
      <Point Name="D">-3604.1683+14657.17</Point>
      <Point Name="E">-3604.1049+14657.0928</Point>
      <Point Name="F">-3604.0774+14657.2738</Point>
      <Point Name="G">-3604.2483+14657.1162</Point>
    </Label>
  </Map>
</Maps>