﻿<?xml version="1.0" encoding="utf-8"?>
<Maps>
  <Map Type="System" Name="AY_RWY07" Priority="1" Center="-36.067778+146.958056">
    <!--YMAY-->
    <Runway Name="07/25">
      <Threshold Name="07" Position="-36.068075+146.948892" ExtendedCentrelineTrack="261.18" ExtendedCentrelineLength="10" ExtendedCentrelineTickInterval="1" />
      <Threshold Name="25" Position="-36.065450+146.969742" />
    </Runway>
    <!--SIDs-->
    <Line>
      <!--Rwy07 DUGGI1-->
      -360355.620+1465811.070/
      ANUGO/
      RUMES/
      DUGGI
    </Line>
    <Line>
      <!--Rwy07 UGVER1-->
      ANUGO/
      OLTAN/
      UGVER
    </Line>
    <!--STARs-->
    <Line>
      <!--Rwy07 ARRAN1-->
      ARRAN/
      OLRUT/
      POKIT/
      RURLA
    </Line>
    <Line>
      <!--Rwy07 VEGRU1-->
      VEGRU/
      UPDUR
    </Line>
    <Symbol Type="HollowTriangle">
      <Point>RURLA</Point>
      <Point>UPDUR</Point>
    </Symbol>
    <Symbol Type="SolidStar">
      <Point>ANUGO</Point>
    </Symbol>
    <Symbol Type="HollowStar">
      <Point>RUMES</Point>
      <Point>DUGGI</Point>
      <Point>OLTAN</Point>
      <Point>UGVER</Point>
      <Point>ARRAN</Point>
      <Point>OLRUT</Point>
      <Point>POKIT</Point>
      <Point>VEGRU</Point>
    </Symbol>
  </Map>
  <Map Type="System" Name="AY_RWY07_NAMES" Priority="2" Center="-36.067778+146.958056">
    <Label>
      <Point>ANUGO</Point>
      <Point>RUMES</Point>
      <Point>DUGGI</Point>
      <Point>OLTAN</Point>
      <Point>UGVER</Point>
      <Point>ARRAN</Point>
      <Point>OLRUT</Point>
      <Point>POKIT</Point>
      <Point>RURLA</Point>
      <Point>VEGRU</Point>
      <Point>UPDUR</Point>
      <Point>WOL NDB</Point>
      <Point>CB VOR</Point>
      <Point>TEMIS</Point>
      <Point>COPPA</Point>
      <Point>WOLBI</Point>
      <Point>IGDEL</Point>
      <Point>SHT NDB</Point>
      <Point>CANTY</Point>
      <Point>MNG VOR</Point>
      <Point>LUTVU</Point>
      <Point>MER NDB</Point>
      <Point>COM NDB</Point>
      <Point>DUBUS</Point>
      <Point>MAKIV</Point>
      <Point>SWH NDB</Point>
      <Point>DOSEL</Point>
      <Point>BOGES</Point>
      <Point>ISNOL</Point>
      <Point>DU NDB</Point>
      <Point>PKS VOR</Point>
      <Point>WG VOR</Point>
      <Point>MUSOP</Point>
      <Point>AVBEG</Point>
      <Point>KEDDY</Point>
      <Point>AKMIR</Point>
      <Point>DARGI</Point>
    </Label>
  </Map>
</Maps>