﻿<?xml version="1.0" encoding="utf-8"?>
<Maps>
  <Map Type="System" Name="AY_RWY25" Priority="1" Center="-36.067778+146.958056">
    <!--YMAY-->
    <Runway Name="07/25">
      <Threshold Name="07" Position="-36.068075+146.948892" />
      <Threshold Name="25" Position="-36.065450+146.969742" ExtendedCentrelineTrack="81.19" ExtendedCentrelineLength="10" ExtendedCentrelineTickInterval="1" />
    </Runway>
    <!--SIDs-->
    <Line>
      <!--Rwy25 DUGGI1-->
      -360405.070+1465656.010/
      SAPAN/
      NIRIL/
      DUGGI
    </Line>
    <Line>
      <!--Rwy25 UGVER1-->
      SAPAN/
      ADLEK/
      UGVER
    </Line>
    <!--STARs-->
    <Line>
      <!--Rwy25 ARRAN1-->
      ARRAN/
      OLRUT
    </Line>
    <Line>
      <!--Rwy25 VEGRU1-->
      VEGRU/
      UPDUR/
      IVRAX/
      BEMGI
    </Line>
    <Symbol Type="HollowTriangle">
      <Point>OLRUT</Point>
      <Point>BEMGI</Point>
    </Symbol>
    <Symbol Type="SolidStar">
      <Point>SAPAN</Point>
    </Symbol>
    <Symbol Type="HollowStar">
      <Point>NIRIL</Point>
      <Point>DUGGI</Point>
      <Point>ADLEK</Point>
      <Point>UGVER</Point>
      <Point>ARRAN</Point>
      <Point>VEGRU</Point>
      <Point>UPDUR</Point>
      <Point>IVRAX</Point>
    </Symbol>
  </Map>
  <Map Type="System" Name="AY_RWY25_NAMES" Priority="2" Center="-36.067778+146.958056">
    <Label>
      <Point>SAPAN</Point>
      <Point>NIRIL</Point>
      <Point>DUGGI</Point>
      <Point>ADLEK</Point>
      <Point>UGVER</Point>
      <Point>ARRAN</Point>
      <Point>OLRUT</Point>
      <Point>VEGRU</Point>
      <Point>UPDUR</Point>
      <Point>IVRAX</Point>
      <Point>BEMGI</Point>
      <Point>WOL NDB</Point>
      <Point>CB VOR</Point>
      <Point>TEMIS</Point>
      <Point>COPPA</Point>
      <Point>WOLBI</Point>
      <Point>IGDEL</Point>
      <Point>SHT NDB</Point>
      <Point>CANTY</Point>
      <Point>MNG VOR</Point>
      <Point>LUTVU</Point>
      <Point>MER NDB</Point>
      <Point>COM NDB</Point>
      <Point>DUBUS</Point>
      <Point>MAKIV</Point>
      <Point>SWH NDB</Point>
      <Point>DOSEL</Point>
      <Point>BOGES</Point>
      <Point>ISNOL</Point>
      <Point>DU NDB</Point>
      <Point>PKS VOR</Point>
      <Point>WG VOR</Point>
      <Point>MUSOP</Point>
      <Point>AVBEG</Point>
      <Point>KEDDY</Point>
      <Point>AKMIR</Point>
      <Point>DARGI</Point>
    </Label>
  </Map>
</Maps>