﻿<?xml version="1.0" encoding="utf-8"?>
<Maps>
  <Map Type="System" Name="AY_TCU" Priority="1" Center="-36.067778+146.958056">
    <!--YMAY-->
    <Runway Name="07/25">
      <Threshold Name="07" Position="-36.068075+146.948892" />
      <Threshold Name="25" Position="-36.065450+146.969742" />
    </Runway>
    <!--Airway Routes-->
    <Line>
      <!--J42-->
      WOL NDB/
      CB VOR/
      ARRAN
    </Line>
    <Line>
      <!--V147-->
      DUGGI/
      TEMIS
    </Line>
    <Line>
      <!--W335-->
      COPPA/
      WOLBI/
      IGDEL
    </Line>
    <Line>
      <!--W424-->
      SHT NDB/
      CANTY
    </Line>
    <Line>
      <!--W465-->
      MNG VOR/
      LUTVU
    </Line>
    <Line>
      <!--W541-->
      MER NDB/
      COM NDB/
      DUBUS
    </Line>
    <Line>
      <!--W541-->
      MAKIV/
      SWH NDB
    </Line>
    <Line>
      <!--W569-->
      DOSEL/
      BOGES/
      VEGRU
    </Line>
    <Line>
      <!--W569-->
      UGVER/
      ISNOL
    </Line>
    <Line>
      <!--W638-->
      DU NDB/
      PKS VOR/
      WG VOR
    </Line>
    <Line>
      <!--W817-->
      MUSOP/
      AVBEG/
      KEDDY/
      AKMIR/
      DARGI
    </Line>
  </Map>
  <Map Type="System2" Name="AY_VFR" Priority="1" Center="-36.067778+146.958056">
    <Symbol Type="HollowSquare">
      <Point>APM</Point>
      <Point>BDT</Point>
      <Point>BCH</Point>
      <Point>BNG</Point>
      <Point>BOW</Point>
      <Point>BUG</Point>
      <Point>BMK</Point>
      <Point>CHN</Point>
      <Point>CCN</Point>
      <Point>DSS</Point>
      <Point>ELDO</Point>
      <Point>ETTA</Point>
      <Point>GOY</Point>
      <Point>GBRY</Point>
      <Point>GRAA</Point>
      <Point>HENTY</Point>
      <Point>HBKT</Point>
      <Point>HWG</Point>
      <Point>HWW</Point>
      <Point>JIA</Point>
      <Point>KIEWA</Point>
      <Point>KYP</Point>
      <Point>KYE</Point>
      <Point>LOGI</Point>
      <Point>MOP</Point>
      <Point>PIG</Point>
      <Point>TLAG</Point>
      <Point>TLY</Point>
      <Point>RCK</Point>
      <Point>WAM</Point>
      <Point>WMF</Point>
      <Point>YKH</Point>
    </Symbol>
    <Label HasLeader="True">
      <Point>APM</Point>
      <Point>BDT</Point>
      <Point>BCH</Point>
      <Point>BNG</Point>
      <Point>BOW</Point>
      <Point>BUG</Point>
      <Point>BMK</Point>
      <Point>CHN</Point>
      <Point>CCN</Point>
      <Point>DSS</Point>
      <Point>ELDO</Point>
      <Point>ETTA</Point>
      <Point>GOY</Point>
      <Point>GBRY</Point>
      <Point>GRAA</Point>
      <Point>HENTY</Point>
      <Point>HBKT</Point>
      <Point>HWG</Point>
      <Point>HWW</Point>
      <Point>JIA</Point>
      <Point>KIEWA</Point>
      <Point>KYP</Point>
      <Point>KYE</Point>
      <Point>LOGI</Point>
      <Point>MOP</Point>
      <Point>PIG</Point>
      <Point>TLAG</Point>
      <Point>TLY</Point>
      <Point>RCK</Point>
      <Point>WAM</Point>
      <Point>WMF</Point>
      <Point>YKH</Point>
    </Label>
  </Map>
  <Map Type="System2" Name="AY_VFR_FULL_NAME" Priority="1" Center="-36.067778+146.958056">
    <Label HasLeader="True" LabelOrientation="SW">
      <Point Name="ANM PAPER MILL">APM</Point>
      <Point Name="BARANDUDA TOWERS">BDT</Point>
      <Point Name="BEECHWORTH">BCH</Point>
      <Point Name="BONEGILLA">BNG</Point>
      <Point Name="BOWNA">BOW</Point>
      <Point Name="BUNGIL BRIDGE">BUG</Point>
      <Point Name="BURRUMBUTTOCK">BMK</Point>
      <Point Name="CHILTERN">CHN</Point>
      <Point Name="CULCAIRN">CCN</Point>
      <Point Name="DEDERANG SUBSTATION">DSS</Point>
      <Point Name="ELDORADO">ELDO</Point>
      <Point Name="ETTAMOGAH PUB">ETTA</Point>
      <Point Name="GEROGERY">GOY</Point>
      <Point Name="GLEN BRAY">GBRY</Point>
      <Point Name="GRANYA">GRAA</Point>
      <Point Name="HENTY">HENTY</Point>
      <Point Name="HOLBROOK TOWNSHIP">HBKT</Point>
      <Point Name="HOWLONG">HWG</Point>
      <Point Name="HUME WEIR WALL">HWW</Point>
      <Point Name="JINDERA">JIA</Point>
      <Point Name="KIEWA">KIEWA</Point>
      <Point Name="KYEAMBA PARK">KYP</Point>
      <Point Name="KYEAMBA TOWER">KYE</Point>
      <Point Name="LOGIC CENTRE">LOGI</Point>
      <Point Name="MANGOPLAH">MOP</Point>
      <Point Name="PIGGERY">PIG</Point>
      <Point Name="TALLANGATTA">TLAG</Point>
      <Point Name="TALLANGATTA CAUSEWAY">TLY</Point>
      <Point Name="THE ROCK">RCK</Point>
      <Point Name="WOOMARGAMA">WAM</Point>
      <Point Name="WYMAH FERRY">WMF</Point>
      <Point Name="YACKANDANDAH">YKH</Point>
    </Label>
  </Map>
  <Map Type="System" Name="YMAY_ALLRWYS" Priority="2" Center="-36.067778+146.958056">
    <!--YMAY-->
    <Runway Name="07/25">
      <Threshold Name="07" Position="-36.068075+146.948892" ExtendedCentrelineTrack="261.18" ExtendedCentrelineLength="10" ExtendedCentrelineTickInterval="1" />
      <Threshold Name="25" Position="-36.065450+146.969742" ExtendedCentrelineTrack="81.19" ExtendedCentrelineLength="10" ExtendedCentrelineTickInterval="1" />
    </Runway>
  </Map>
</Maps>