﻿<?xml version="1.0" encoding="utf-8"?>
<Maps>
  <Map Type="System" Name="PE_RWY36" Priority="1" Center="-31.667778+116.015000">
    <!--YPEA-->
    <Runway Name="18R/36L">
      <Threshold Name="18R" Position="-31.668781+116.013333" />
      <Threshold Name="36L" Position="-31.684389+116.015411" ExtendedCentrelineTrack="173.51" ExtendedCentrelineLength="0" ExtendedCentrelineTickInterval="0" />
    </Runway>
    <Runway Name="18L/36R">
      <Threshold Name="18L" Position="-31.662411+116.013714" />
      <Threshold Name="36R" Position="-31.684253+116.016633" ExtendedCentrelineTrack="173.48" ExtendedCentrelineLength="5" ExtendedCentrelineTickInterval="5" />
    </Runway>
    <!--SIDs-->
    <!--STARs-->
    <Line>
      <!--Rwy36L PEA4G.KABLI-->
      KABLI/
      KYEMA/
      GOSNL
    </Line>
    <Line>
      <!--Rwy36L PEA4G.LAVEX-->
      LAVEX/
      BOOKA/
      GOSNL
    </Line>
    <Line>
      <!--Rwy36L PEA4G-->
      GOSNL
    </Line>
    <Line>
      <!--Rwy36L PEA4R.KABLI-->
      KABLI/
      BOOKA/
      RONAN/
      VEPAN/
      ROLOB
    </Line>
    <Line>
      <!--Rwy36L PEA4R.LAVEX-->
      LAVEX/
      BUVOT/
      RONAN/
      UNDOW/
      ROLOB
    </Line>
    <Line>
      <!--Rwy36L PEA4R-->
      ROLOB
    </Line>
    <Line>
      <!--Rwy36L PEA4W.MALUP-->
      MALUP/
      DAYLR/
      WUNGO
    </Line>
    <Line>
      <!--Rwy36L PEA4W-->
      WUNGO/
      HARMN
    </Line>
    <Line>
      <!--Rwy36R PEA4G.KABLI-->
    </Line>
    <Line>
      <!--Rwy36R PEA4G.LAVEX-->
    </Line>
    <Line>
      <!--Rwy36R PEA4G-->
      GOSNL
    </Line>
    <Line>
      <!--Rwy36R PEA4R.KABLI-->
    </Line>
    <Line>
      <!--Rwy36R PEA4R.LAVEX-->
    </Line>
    <Line>
      <!--Rwy36R PEA4R-->
      ROLOB
    </Line>
    <Line>
      <!--Rwy36R PEA4W.MALUP-->
    </Line>
    <Line>
      <!--Rwy36R PEA4W-->
    </Line>
    <Symbol Type="HollowStar">
      <Point>GOSNL</Point>
      <Point>KABLI</Point>
      <Point>KYEMA</Point>
      <Point>LAVEX</Point>
      <Point>BOOKA</Point>
      <Point>ROLOB</Point>
      <Point>RONAN</Point>
      <Point>VEPAN</Point>
      <Point>BUVOT</Point>
      <Point>UNDOW</Point>
      <Point>WUNGO</Point>
      <Point>HARMN</Point>
      <Point>MALUP</Point>
      <Point>DAYLR</Point>
    </Symbol>
  </Map>
  <Map Type="System" Name="PE_RWY36_NAMES" Priority="2" Center="-31.667778+116.015000">
    <Label>
      <Point>KABLI</Point>
      <Point>KYEMA</Point>
      <Point>GOSNL</Point>
      <Point>LAVEX</Point>
      <Point>BOOKA</Point>
      <Point>RONAN</Point>
      <Point>VEPAN</Point>
      <Point>ROLOB</Point>
      <Point>BUVOT</Point>
      <Point>UNDOW</Point>
      <Point>MALUP</Point>
      <Point>DAYLR</Point>
      <Point>WUNGO</Point>
      <Point>HARMN</Point>
      <Point>HIDOT</Point>
      <Point>VEMON</Point>
      <Point>BURGU</Point>
      <Point>OTLED</Point>
      <Point>ONGAR</Point>
      <Point>DALWU</Point>
      <Point>AVPAL</Point>
      <Point>HINDS</Point>
      <Point>CALIG</Point>
      <Point>JULIM</Point>
      <Point>ESMIN</Point>
      <Point>KALBO</Point>
      <Point>KAGMI</Point>
      <Point>OPEGA</Point>
      <Point>MERIB</Point>
      <Point>OLMAM</Point>
      <Point>BLN NDB</Point>
      <Point>SOLUS</Point>
      <Point>JOSBU</Point>
      <Point>AVNEX</Point>
      <Point>ESDEG</Point>
      <Point>AMANA</Point>
      <Point>LAKIR</Point>
      <Point>MANIG</Point>
      <Point>LAKMO</Point>
      <Point>REPOK</Point>
      <Point>NINEK</Point>
      <Point>DUTAK</Point>
      <Point>LAKAV</Point>
      <Point>BUNGL</Point>
      <Point>YAHMO</Point>
      <Point>KELLA</Point>
      <Point>MEVAD</Point>
      <Point>PUMRY</Point>
    </Label>
  </Map>
</Maps>