﻿<?xml version="1.0" encoding="utf-8"?>
<Maps>
  <Map Type="System2" Name="PH RTCC" Priority="2" Center="-3156.4167+11558.0166">
    <Line Pattern="Dotted" Width="1.5">
      <Point>-312538.000+1152800.000/-314230.000+1153816.000</Point>
    </Line>
    <Line Pattern="Dotted" Width="1.5">
      <Point>-314230.000+1153816.000/-315245.000+1154155.000</Point>
    </Line>
    <Line Pattern="Dotted" Width="1.5">
      <Point>-315245.000+1154155.000/-320223.000+1154120.000</Point>
    </Line>
    <Line Pattern="Dotted" Width="1.5">
      <Point>-320223.000+1154120.000/-320439.000+1154525.000</Point>
    </Line>
    <Line Pattern="Dotted" Width="1.5">
      <Point>-320439.000+1154525.000/-320009.000+1155233.000</Point>
    </Line>
    <Line Pattern="Dotted" Width="1.5">
      <Point>-320009.000+1155233.000/-320015.837+1155156.801</Point>
    </Line>
    <Line Pattern="Dotted" Width="1.5">
      <Point>-320015.837+1155156.801/-320017.966+1155119.887</Point>
    </Line>
    <Line Pattern="Dotted" Width="1.5">
      <Point>-320017.966+1155119.887/-320014.625+1155043.097</Point>
    </Line>
    <Line Pattern="Dotted" Width="1.5">
      <Point>-320014.625+1155043.097/-320005.914+1155007.553</Point>
    </Line>
    <Line Pattern="Dotted" Width="1.5">
      <Point>-320005.914+1155007.553/-315952.098+1154934.335</Point>
    </Line>
    <Line Pattern="Dotted" Width="1.5">
      <Point>-315952.098+1154934.335/-315933.599+1154904.453</Point>
    </Line>
    <Line Pattern="Dotted" Width="1.5">
      <Point>-315933.599+1154904.453/-315910.978+1154838.817</Point>
    </Line>
    <Line Pattern="Dotted" Width="1.5">
      <Point>-315910.978+1154838.817/-315844.925+1154818.205</Point>
    </Line>
    <Line Pattern="Dotted" Width="1.5">
      <Point>-315844.925+1154818.205/-315816.231+1154803.242</Point>
    </Line>
    <Line Pattern="Dotted" Width="1.5">
      <Point>-315816.231+1154803.242/-315745.768+1154754.383</Point>
    </Line>
    <Line Pattern="Dotted" Width="1.5">
      <Point>-315745.768+1154754.383/-315714.463+1154751.894</Point>
    </Line>
    <Line Pattern="Dotted" Width="1.5">
      <Point>-315714.463+1154751.894/-315643.267+1154755.850</Point>
    </Line>
    <Line Pattern="Dotted" Width="1.5">
      <Point>-315643.267+1154755.850/-315613.128+1154806.128</Point>
    </Line>
    <Line Pattern="Dotted" Width="1.5">
      <Point>-315613.128+1154806.128/-315544.960+1154822.415</Point>
    </Line>
    <Line Pattern="Dotted" Width="1.5">
      <Point>-315544.960+1154822.415/-315519.620+1154844.215</Point>
    </Line>
    <Line Pattern="Dotted" Width="1.5">
      <Point>-315519.620+1154844.215/-315457.877+1154910.865</Point>
    </Line>
    <Line Pattern="Dotted" Width="1.5">
      <Point>-315457.877+1154910.865/-315440.389+1154941.555</Point>
    </Line>
    <Line Pattern="Dotted" Width="1.5">
      <Point>-315440.389+1154941.555/-315427.689+1155015.353</Point>
    </Line>
    <Line Pattern="Dotted" Width="1.5">
      <Point>-315427.689+1155015.353/-315420.161+1155051.234</Point>
    </Line>
    <Line Pattern="Dotted" Width="1.5">
      <Point>-315420.161+1155051.234/-315418.034+1155128.109</Point>
    </Line>
    <Line Pattern="Dotted" Width="1.5">
      <Point>-315418.034+1155128.109/-315421.372+1155204.859</Point>
    </Line>
    <Line Pattern="Dotted" Width="1.5">
      <Point>-315421.372+1155204.859/-315430.074+1155240.370</Point>
    </Line>
    <Line Pattern="Dotted" Width="1.5">
      <Point>-315430.074+1155240.370/-315436.000+1155256.000</Point>
    </Line>
    <Line Pattern="Dotted" Width="1.5">
      <Point>-315436.000+1155256.000/-315252.000+1155356.000</Point>
    </Line>
    <Line Pattern="Dotted" Width="1.5">
      <Point>-315252.000+1155356.000/-315206.000+1155859.000</Point>
    </Line>
    <Line Pattern="Dotted" Width="1.5">
      <Point>-315206.000+1155859.000/-315650.000+1155829.000</Point>
    </Line>
    <Line Pattern="Dotted" Width="1.5">
      <Point>-315650.000+1155829.000/-315829.000+1155746.000</Point>
    </Line>
    <Line Pattern="Dotted" Width="1.5">
      <Point>-315829.000+1155746.000/-320929.000+1155554.000</Point>
    </Line>
    <Line Pattern="Dotted" Width="1.5">
      <Point>-320929.000+1155554.000/-320918.000+1154657.000</Point>
    </Line>
    <Line Pattern="Dotted" Width="1.5">
      <Point>-320918.000+1154657.000/-320557.000+1154000.000</Point>
    </Line>
    <Line Pattern="Dotted" Width="1.5">
      <Point>-320557.000+1154000.000/-320704.000+1153649.000</Point>
    </Line>
    <Line Pattern="Dotted" Width="1.5">
      <Point>-320704.000+1153649.000/-321042.000+1153510.000</Point>
    </Line>
    <Line Pattern="Dotted" Width="1.5">
      <Point>-321042.000+1153510.000/-322643.000+1153921.000</Point>
    </Line>
    <Line Pattern="Dotted" Width="1.5">
      <Point>-322643.000+1153921.000/-323225.000+1153718.000</Point>
    </Line>
    <Line Pattern="Dotted" Width="1.5">
      <Point>-323225.000+1153718.000/-322847.013+1153014.312</Point>
    </Line>
    <Line Pattern="Dotted" Width="1.5">
      <Point>-322847.013+1153014.312/-322411.808+1152400.980</Point>
    </Line>
    <Line Pattern="Dotted" Width="1.5">
      <Point>-322411.808+1152400.980/-321845.844+1151850.570</Point>
    </Line>
    <Line Pattern="Dotted" Width="1.5">
      <Point>-321845.844+1151850.570/-321239.158+1151452.441</Point>
    </Line>
    <Line Pattern="Dotted" Width="1.5">
      <Point>-321239.158+1151452.441/-320603.008+1151213.648</Point>
    </Line>
    <Line Pattern="Dotted" Width="1.5">
      <Point>-320603.008+1151213.648/-315909.515+1151058.757</Point>
    </Line>
    <Line Pattern="Dotted" Width="1.5">
      <Point>-315909.515+1151058.757/-315211.280+1151109.732</Point>
    </Line>
    <Line Pattern="Dotted" Width="1.5">
      <Point>-315211.280+1151109.732/-314521.005+1151245.919</Point>
    </Line>
    <Line Pattern="Dotted" Width="1.5">
      <Point>-314521.005+1151245.919/-313851.102+1151544.104</Point>
    </Line>
    <Line Pattern="Dotted" Width="1.5">
      <Point>-313851.102+1151544.104/-313253.325+1151958.640</Point>
    </Line>
    <Line Pattern="Dotted" Width="1.5">
      <Point>-313253.325+1151958.640/-312738.425+1152521.652</Point>
    </Line>
    <Line Pattern="Dotted" Width="1.5">
      <Point>-312738.425+1152521.652/-312538.000+1152800.000</Point>
    </Line>
    <Line Pattern="Dotted" Width="1.5">
      <Point>-315938.000+1152320.000/-315618.000+1152849.000</Point>
    </Line>
    <Line Pattern="Dotted" Width="1.5">
      <Point>-315618.000+1152849.000/-315609.000+1153349.000</Point>
    </Line>
    <Line Pattern="Dotted" Width="1.5">
      <Point>-315609.000+1153349.000/-315916.000+1153711.000</Point>
    </Line>
    <Line Pattern="Dotted" Width="1.5">
      <Point>-315916.000+1153711.000/-320155.000+1153703.000</Point>
    </Line>
    <Line Pattern="Dotted" Width="1.5">
      <Point>-320155.000+1153703.000/-320447.000+1153256.000</Point>
    </Line>
    <Line Pattern="Dotted" Width="1.5">
      <Point>-320447.000+1153256.000/-320439.000+1152527.000</Point>
    </Line>
    <Line Pattern="Dotted" Width="1.5">
      <Point>-320439.000+1152527.000/-320252.000+1152313.000</Point>
    </Line>
    <Line Pattern="Dotted" Width="1.5">
      <Point>-320252.000+1152313.000/-315938.000+1152320.000</Point>
    </Line>
    <Line Pattern="Dotted" Width="1.5">
      <Point>-311652.000+1152625.000/-312823.000+1153214.000</Point>
    </Line>
    <Line Pattern="Dotted" Width="1.5">
      <Point>-312823.000+1153214.000/-313829.000+1154124.000</Point>
    </Line>
    <Line Pattern="Dotted" Width="1.5">
      <Point>-313829.000+1154124.000/-314908.000+1154618.000</Point>
    </Line>
    <Line Pattern="Dotted" Width="1.5">
      <Point>-314908.000+1154618.000/-315239.000+1154918.000</Point>
    </Line>
    <Line Pattern="Dotted" Width="1.5">
      <Point>-315239.000+1154918.000/-315311.000+1155155.000</Point>
    </Line>
    <Line Pattern="Dotted" Width="1.5">
      <Point>-315311.000+1155155.000/-315252.000+1155356.000</Point>
    </Line>
    <Line Pattern="Dotted" Width="1.5">
      <Point>-315436.000+1155256.000/-315424.745+1155221.516</Point>
    </Line>
    <Line Pattern="Dotted" Width="1.5">
      <Point>-315424.745+1155221.516/-315418.902+1155145.203</Point>
    </Line>
    <Line Pattern="Dotted" Width="1.5">
      <Point>-315418.902+1155145.203/-315418.497+1155108.246</Point>
    </Line>
    <Line Pattern="Dotted" Width="1.5">
      <Point>-315418.497+1155108.246/-315423.544+1155031.767</Point>
    </Line>
    <Line Pattern="Dotted" Width="1.5">
      <Point>-315423.544+1155031.767/-315433.889+1154956.873</Point>
    </Line>
    <Line Pattern="Dotted" Width="1.5">
      <Point>-315433.889+1154956.873/-315449.218+1154924.622</Point>
    </Line>
    <Line Pattern="Dotted" Width="1.5">
      <Point>-315449.218+1154924.622/-315509.066+1154855.994</Point>
    </Line>
    <Line Pattern="Dotted" Width="1.5">
      <Point>-315509.066+1154855.994/-315532.831+1154831.857</Point>
    </Line>
    <Line Pattern="Dotted" Width="1.5">
      <Point>-315532.831+1154831.857/-315559.791+1154812.946</Point>
    </Line>
    <Line Pattern="Dotted" Width="1.5">
      <Point>-315559.791+1154812.946/-315629.128+1154759.836</Point>
    </Line>
    <Line Pattern="Dotted" Width="1.5">
      <Point>-315629.128+1154759.836/-315659.952+1154752.927</Point>
    </Line>
    <Line Pattern="Dotted" Width="1.5">
      <Point>-315659.952+1154752.927/-315731.325+1154752.430</Point>
    </Line>
    <Line Pattern="Dotted" Width="1.5">
      <Point>-315731.325+1154752.430/-315802.295+1154758.362</Point>
    </Line>
    <Line Pattern="Dotted" Width="1.5">
      <Point>-315802.295+1154758.362/-315831.920+1154810.545</Point>
    </Line>
    <Line Pattern="Dotted" Width="1.5">
      <Point>-315831.920+1154810.545/-315859.300+1154828.610</Point>
    </Line>
    <Line Pattern="Dotted" Width="1.5">
      <Point>-315859.300+1154828.610/-315923.602+1154852.008</Point>
    </Line>
    <Line Pattern="Dotted" Width="1.5">
      <Point>-315923.602+1154852.008/-315944.087+1154920.031</Point>
    </Line>
    <Line Pattern="Dotted" Width="1.5">
      <Point>-315944.087+1154920.031/-320000.131+1154951.825</Point>
    </Line>
    <Line Pattern="Dotted" Width="1.5">
      <Point>-320000.131+1154951.825/-320011.248+1155026.423</Point>
    </Line>
    <Line Pattern="Dotted" Width="1.5">
      <Point>-320011.248+1155026.423/-320017.097+1155102.774</Point>
    </Line>
    <Line Pattern="Dotted" Width="1.5">
      <Point>-320017.097+1155102.774/-320017.502+1155139.771</Point>
    </Line>
    <Line Pattern="Dotted" Width="1.5">
      <Point>-320017.502+1155139.771/-320012.450+1155216.288</Point>
    </Line>
    <Line Pattern="Dotted" Width="1.5">
      <Point>-320012.450+1155216.288/-320009.000+1155233.000</Point>
    </Line>
    <Line Pattern="Dotted" Width="1.5">
      <Point>-312538.000+1152800.000/-312507.000+1152843.000</Point>
    </Line>
    <Line Pattern="Dotted" Width="1.5">
      <Point>-312507.000+1152843.000/-312331.876+1152752.006</Point>
    </Line>
    <Line Pattern="Dotted" Width="1.5">
      <Point>-312331.876+1152752.006/-312152.451+1152713.625</Point>
    </Line>
    <Line Pattern="Dotted" Width="1.5">
      <Point>-312152.451+1152713.625/-312010.546+1152645.559</Point>
    </Line>
    <Line Pattern="Dotted" Width="1.5">
      <Point>-312010.546+1152645.559/-311826.939+1152628.011</Point>
    </Line>
    <Line Pattern="Dotted" Width="1.5">
      <Point>-311826.939+1152628.011/-311652.000+1152625.000</Point>
    </Line>
    <Line Pattern="Dotted" Width="1.5">
      <Point>-323225.000+1153718.000/-323346.540+1154106.920</Point>
    </Line>
    <Line Pattern="Dotted" Width="1.5">
      <Point>-323346.540+1154106.920/-323452.956+1154502.534</Point>
    </Line>
    <Line Pattern="Dotted" Width="1.5">
      <Point>-323452.956+1154502.534/-323541.688+1154904.198</Point>
    </Line>
    <Line Pattern="Dotted" Width="1.5">
      <Point>-323541.688+1154904.198/-323612.358+1155310.038</Point>
    </Line>
    <Line Pattern="Dotted" Width="1.5">
      <Point>-323612.358+1155310.038/-323620.000+1155345.000</Point>
    </Line>
    <Line Pattern="Dotted" Width="1.5">
      <Point>-323620.000+1155345.000/-321934.000+1155618.000</Point>
    </Line>
    <Line Pattern="Dotted" Width="1.5">
      <Point>-321934.000+1155618.000/-320406.000+1155742.000</Point>
    </Line>
    <Line Pattern="Dotted" Width="1.5">
      <Point>-320406.000+1155742.000/-315650.000+1155829.000</Point>
    </Line>
    <Line Pattern="Dotted" Width="1.5">
      <Point>-315418.000+1155124.000/-315420.733+1155200.819</Point>
    </Line>
    <Line Pattern="Dotted" Width="1.5">
      <Point>-315420.733+1155200.819/-315428.850+1155236.522</Point>
    </Line>
    <Line Pattern="Dotted" Width="1.5">
      <Point>-315428.850+1155236.522/-315442.103+1155310.024</Point>
    </Line>
    <Line Pattern="Dotted" Width="1.5">
      <Point>-315442.103+1155310.024/-315500.092+1155340.309</Point>
    </Line>
    <Line Pattern="Dotted" Width="1.5">
      <Point>-315500.092+1155340.309/-315522.269+1155406.458</Point>
    </Line>
    <Line Pattern="Dotted" Width="1.5">
      <Point>-315522.269+1155406.458/-315547.963+1155427.676</Point>
    </Line>
    <Line Pattern="Dotted" Width="1.5">
      <Point>-315547.963+1155427.676/-315616.393+1155443.317</Point>
    </Line>
    <Line Pattern="Dotted" Width="1.5">
      <Point>-315616.393+1155443.317/-315646.696+1155452.905</Point>
    </Line>
    <Line Pattern="Dotted" Width="1.5">
      <Point>-315646.696+1155452.905/-315717.951+1155456.148</Point>
    </Line>
    <Line Pattern="Dotted" Width="1.5">
      <Point>-315717.951+1155456.148/-315749.209+1155452.945</Point>
    </Line>
    <Line Pattern="Dotted" Width="1.5">
      <Point>-315749.209+1155452.945/-315819.520+1155443.391</Point>
    </Line>
    <Line Pattern="Dotted" Width="1.5">
      <Point>-315819.520+1155443.391/-315847.963+1155427.776</Point>
    </Line>
    <Line Pattern="Dotted" Width="1.5">
      <Point>-315847.963+1155427.776/-315913.673+1155406.572</Point>
    </Line>
    <Line Pattern="Dotted" Width="1.5">
      <Point>-315913.673+1155406.572/-315935.868+1155340.423</Point>
    </Line>
    <Line Pattern="Dotted" Width="1.5">
      <Point>-315935.868+1155340.423/-315953.872+1155310.124</Point>
    </Line>
    <Line Pattern="Dotted" Width="1.5">
      <Point>-315953.872+1155310.124/-320007.139+1155236.596</Point>
    </Line>
    <Line Pattern="Dotted" Width="1.5">
      <Point>-320007.139+1155236.596/-320015.264+1155200.859</Point>
    </Line>
    <Line Pattern="Dotted" Width="1.5">
      <Point>-320015.264+1155200.859/-320018.000+1155124.000</Point>
    </Line>
    <Line Pattern="Dotted" Width="1.5">
      <Point>-320018.000+1155124.000/-320015.264+1155047.141</Point>
    </Line>
    <Line Pattern="Dotted" Width="1.5">
      <Point>-320015.264+1155047.141/-320007.139+1155011.404</Point>
    </Line>
    <Line Pattern="Dotted" Width="1.5">
      <Point>-320007.139+1155011.404/-315953.872+1154937.876</Point>
    </Line>
    <Line Pattern="Dotted" Width="1.5">
      <Point>-315953.872+1154937.876/-315935.868+1154907.577</Point>
    </Line>
    <Line Pattern="Dotted" Width="1.5">
      <Point>-315935.868+1154907.577/-315913.673+1154841.428</Point>
    </Line>
    <Line Pattern="Dotted" Width="1.5">
      <Point>-315913.673+1154841.428/-315847.963+1154820.224</Point>
    </Line>
    <Line Pattern="Dotted" Width="1.5">
      <Point>-315847.963+1154820.224/-315819.520+1154804.609</Point>
    </Line>
    <Line Pattern="Dotted" Width="1.5">
      <Point>-315819.520+1154804.609/-315749.209+1154755.055</Point>
    </Line>
    <Line Pattern="Dotted" Width="1.5">
      <Point>-315749.209+1154755.055/-315717.951+1154751.852</Point>
    </Line>
    <Line Pattern="Dotted" Width="1.5">
      <Point>-315717.951+1154751.852/-315646.696+1154755.095</Point>
    </Line>
    <Line Pattern="Dotted" Width="1.5">
      <Point>-315646.696+1154755.095/-315616.393+1154804.683</Point>
    </Line>
    <Line Pattern="Dotted" Width="1.5">
      <Point>-315616.393+1154804.683/-315547.963+1154820.324</Point>
    </Line>
    <Line Pattern="Dotted" Width="1.5">
      <Point>-315547.963+1154820.324/-315522.269+1154841.542</Point>
    </Line>
    <Line Pattern="Dotted" Width="1.5">
      <Point>-315522.269+1154841.542/-315500.092+1154907.691</Point>
    </Line>
    <Line Pattern="Dotted" Width="1.5">
      <Point>-315500.092+1154907.691/-315442.103+1154937.976</Point>
    </Line>
    <Line Pattern="Dotted" Width="1.5">
      <Point>-315442.103+1154937.976/-315428.850+1155011.478</Point>
    </Line>
    <Line Pattern="Dotted" Width="1.5">
      <Point>-315428.850+1155011.478/-315420.733+1155047.181</Point>
    </Line>
    <Line Pattern="Dotted" Width="1.5">
      <Point>-315420.733+1155047.181/-315418.000+1155124.000</Point>
    </Line>
    <Line Pattern="Dotted" Width="1.5">
      <Point>-305851.000+1153830.000/-311242.000+1154548.000</Point>
    </Line>
    <Line Pattern="Dotted" Width="1.5">
      <Point>-311242.000+1154548.000/-313902.000+1155918.000</Point>
    </Line>
    <Line Pattern="Dotted" Width="1.5">
      <Point>-313902.000+1155918.000/-315019.000+1155941.000</Point>
    </Line>
    <Line Pattern="Dotted" Width="1.5">
      <Point>-315019.000+1155941.000/-315033.000+1155953.000</Point>
    </Line>
    <Line Pattern="Dotted" Width="1.5">
      <Point>-315033.000+1155953.000/-315206.000+1155859.000</Point>
    </Line>
    <Line Pattern="Dotted" Width="1.5">
      <Point>-315206.000+1155859.000/-315311.000+1155155.000</Point>
    </Line>
    <Line Pattern="Dotted" Width="1.5">
      <Point>-311652.000+1152625.000/-311507.407+1152624.093</Point>
    </Line>
    <Line Pattern="Dotted" Width="1.5">
      <Point>-311507.407+1152624.093/-311323.355+1152637.544</Point>
    </Line>
    <Line Pattern="Dotted" Width="1.5">
      <Point>-311323.355+1152637.544/-311140.700+1152701.537</Point>
    </Line>
    <Line Pattern="Dotted" Width="1.5">
      <Point>-311140.700+1152701.537/-311000.222+1152735.881</Point>
    </Line>
    <Line Pattern="Dotted" Width="1.5">
      <Point>-311000.222+1152735.881/-310822.683+1152820.305</Point>
    </Line>
    <Line Pattern="Dotted" Width="1.5">
      <Point>-310822.683+1152820.305/-310648.824+1152914.465</Point>
    </Line>
    <Line Pattern="Dotted" Width="1.5">
      <Point>-310648.824+1152914.465/-310519.354+1153017.943</Point>
    </Line>
    <Line Pattern="Dotted" Width="1.5">
      <Point>-310519.354+1153017.943/-310354.951+1153130.251</Point>
    </Line>
    <Line Pattern="Dotted" Width="1.5">
      <Point>-310354.951+1153130.251/-310236.253+1153250.836</Point>
    </Line>
    <Line Pattern="Dotted" Width="1.5">
      <Point>-310236.253+1153250.836/-310123.856+1153419.083</Point>
    </Line>
    <Line Pattern="Dotted" Width="1.5">
      <Point>-310123.856+1153419.083/-310018.306+1153554.321</Point>
    </Line>
    <Line Pattern="Dotted" Width="1.5">
      <Point>-310018.306+1153554.321/-305920.097+1153735.828</Point>
    </Line>
    <Line Pattern="Dotted" Width="1.5">
      <Point>-305920.097+1153735.828/-305851.000+1153830.000</Point>
    </Line>
    <Line Pattern="Dotted" Width="1.5">
      <Point>-310057.000+1160435.000/-311000.000+1160319.000</Point>
    </Line>
    <Line Pattern="Dotted" Width="1.5">
      <Point>-311000.000+1160319.000/-312154.000+1160933.000</Point>
    </Line>
    <Line Pattern="Dotted" Width="1.5">
      <Point>-312154.000+1160933.000/-313354.000+1160903.000</Point>
    </Line>
    <Line Pattern="Dotted" Width="1.5">
      <Point>-313354.000+1160903.000/-314711.000+1160334.000</Point>
    </Line>
    <Line Pattern="Dotted" Width="1.5">
      <Point>-314711.000+1160334.000/-315150.000+1160559.000</Point>
    </Line>
    <Line Pattern="Dotted" Width="1.5">
      <Point>-315150.000+1160559.000/-315919.000+1160000.000</Point>
    </Line>
    <Line Pattern="Dotted" Width="1.5">
      <Point>-315919.000+1160000.000/-321331.000+1160000.000</Point>
    </Line>
    <Line Pattern="Dotted" Width="1.5">
      <Point>-321331.000+1160000.000/-321616.000+1155840.000</Point>
    </Line>
    <Line Pattern="Dotted" Width="1.5">
      <Point>-321616.000+1155840.000/-322902.000+1155742.000</Point>
    </Line>
    <Line Pattern="Dotted" Width="1.5">
      <Point>-322902.000+1155742.000/-323628.000+1155626.000</Point>
    </Line>
    <Line Pattern="Dotted" Width="1.5">
      <Point>-323628.000+1155626.000/-323619.380+1155446.861</Point>
    </Line>
    <Line Pattern="Dotted" Width="1.5">
      <Point>-323619.380+1155446.861/-323620.000+1155345.000</Point>
    </Line>
    <Line Pattern="Dotted" Width="1.5">
      <Point>-305851.000+1153830.000/-305806.542+1154020.676</Point>
    </Line>
    <Line Pattern="Dotted" Width="1.5">
      <Point>-305806.542+1154020.676/-305728.671+1154214.491</Point>
    </Line>
    <Line Pattern="Dotted" Width="1.5">
      <Point>-305728.671+1154214.491/-305659.422+1154411.701</Point>
    </Line>
    <Line Pattern="Dotted" Width="1.5">
      <Point>-305659.422+1154411.701/-305639.015+1154611.422</Point>
    </Line>
    <Line Pattern="Dotted" Width="1.5">
      <Point>-305639.015+1154611.422/-305627.602+1154812.751</Point>
    </Line>
    <Line Pattern="Dotted" Width="1.5">
      <Point>-305627.602+1154812.751/-305625.271+1155014.775</Point>
    </Line>
    <Line Pattern="Dotted" Width="1.5">
      <Point>-305625.271+1155014.775/-305632.038+1155216.575</Point>
    </Line>
    <Line Pattern="Dotted" Width="1.5">
      <Point>-305632.038+1155216.575/-305647.853+1155417.233</Point>
    </Line>
    <Line Pattern="Dotted" Width="1.5">
      <Point>-305647.853+1155417.233/-305712.597+1155615.840</Point>
    </Line>
    <Line Pattern="Dotted" Width="1.5">
      <Point>-305712.597+1155615.840/-305746.083+1155811.503</Point>
    </Line>
    <Line Pattern="Dotted" Width="1.5">
      <Point>-305746.083+1155811.503/-305828.058+1160003.349</Point>
    </Line>
    <Line Pattern="Dotted" Width="1.5">
      <Point>-305828.058+1160003.349/-305918.208+1160150.533</Point>
    </Line>
    <Line Pattern="Dotted" Width="1.5">
      <Point>-305918.208+1160150.533/-310016.152+1160332.244</Point>
    </Line>
    <Line Pattern="Dotted" Width="1.5">
      <Point>-310016.152+1160332.244/-310057.000+1160435.000</Point>
    </Line>
    <Line Pattern="Dotted" Width="1.5">
      <Point>-313354.000+1160903.000/-315000.000+1162431.000</Point>
    </Line>
    <Line Pattern="Dotted" Width="1.5">
      <Point>-315000.000+1162431.000/-320202.000+1162225.000</Point>
    </Line>
    <Line Pattern="Dotted" Width="1.5">
      <Point>-320202.000+1162225.000/-320346.000+1161136.000</Point>
    </Line>
    <Line Pattern="Dotted" Width="1.5">
      <Point>-320346.000+1161136.000/-321255.000+1161136.000</Point>
    </Line>
    <Line Pattern="Dotted" Width="1.5">
      <Point>-321255.000+1161136.000/-321823.000+1160559.000</Point>
    </Line>
    <Line Pattern="Dotted" Width="1.5">
      <Point>-321823.000+1160559.000/-322902.000+1155742.000</Point>
    </Line>
    <Line Pattern="Dotted" Width="1.5">
      <Point>-314758.000+1164356.000/-315000.000+1162431.000</Point>
    </Line>
    <Line Pattern="Dotted" Width="1.5">
      <Point>-310057.000+1160435.000/-310207.240+1160605.626</Point>
    </Line>
    <Line Pattern="Dotted" Width="1.5">
      <Point>-310207.240+1160605.626/-310323.548+1160729.275</Point>
    </Line>
    <Line Pattern="Dotted" Width="1.5">
      <Point>-310323.548+1160729.275/-310445.800+1160844.880</Point>
    </Line>
    <Line Pattern="Dotted" Width="1.5">
      <Point>-310445.800+1160844.880/-310613.372+1160951.863</Point>
    </Line>
    <Line Pattern="Dotted" Width="1.5">
      <Point>-310613.372+1160951.863/-310745.603+1161049.710</Point>
    </Line>
    <Line Pattern="Dotted" Width="1.5">
      <Point>-310745.603+1161049.710/-310921.793+1161137.977</Point>
    </Line>
    <Line Pattern="Dotted" Width="1.5">
      <Point>-310921.793+1161137.977/-311101.215+1161216.288</Point>
    </Line>
    <Line Pattern="Dotted" Width="1.5">
      <Point>-311101.215+1161216.288/-311243.113+1161244.345</Point>
    </Line>
    <Line Pattern="Dotted" Width="1.5">
      <Point>-311243.113+1161244.345/-311426.714+1161301.925</Point>
    </Line>
    <Line Pattern="Dotted" Width="1.5">
      <Point>-311426.714+1161301.925/-311611.230+1161308.884</Point>
    </Line>
    <Line Pattern="Dotted" Width="1.5">
      <Point>-311611.230+1161308.884/-311755.868+1161305.162</Point>
    </Line>
    <Line Pattern="Dotted" Width="1.5">
      <Point>-311755.868+1161305.162/-311825.000+1161258.000</Point>
    </Line>
    <Line Pattern="Dotted" Width="1.5">
      <Point>-311825.000+1161258.000/-311944.125+1161645.213</Point>
    </Line>
    <Line Pattern="Dotted" Width="1.5">
      <Point>-311944.125+1161645.213/-312115.599+1162025.718</Point>
    </Line>
    <Line Pattern="Dotted" Width="1.5">
      <Point>-312115.599+1162025.718/-312303.040+1162356.179</Point>
    </Line>
    <Line Pattern="Dotted" Width="1.5">
      <Point>-312303.040+1162356.179/-312505.645+1162715.015</Point>
    </Line>
    <Line Pattern="Dotted" Width="1.5">
      <Point>-312505.645+1162715.015/-312722.497+1163020.726</Point>
    </Line>
    <Line Pattern="Dotted" Width="1.5">
      <Point>-312722.497+1163020.726/-312952.572+1163311.904</Point>
    </Line>
    <Line Pattern="Dotted" Width="1.5">
      <Point>-312952.572+1163311.904/-313234.744+1163547.245</Point>
    </Line>
    <Line Pattern="Dotted" Width="1.5">
      <Point>-313234.744+1163547.245/-313527.796+1163805.560</Point>
    </Line>
    <Line Pattern="Dotted" Width="1.5">
      <Point>-313527.796+1163805.560/-313830.425+1164005.783</Point>
    </Line>
    <Line Pattern="Dotted" Width="1.5">
      <Point>-313830.425+1164005.783/-314141.259+1164146.977</Point>
    </Line>
    <Line Pattern="Dotted" Width="1.5">
      <Point>-314141.259+1164146.977/-314458.855+1164308.348</Point>
    </Line>
    <Line Pattern="Dotted" Width="1.5">
      <Point>-314458.855+1164308.348/-314758.000+1164356.000</Point>
    </Line>
    <Line Pattern="Dotted" Width="1.5">
      <Point>-314758.000+1164356.000/-315451.525+1164506.649</Point>
    </Line>
    <Line Pattern="Dotted" Width="1.5">
      <Point>-315451.525+1164506.649/-320149.446+1164444.608</Point>
    </Line>
    <Line Pattern="Dotted" Width="1.5">
      <Point>-320149.446+1164444.608/-320837.756+1164257.144</Point>
    </Line>
    <Line Pattern="Dotted" Width="1.5">
      <Point>-320837.756+1164257.144/-321503.993+1163947.228</Point>
    </Line>
    <Line Pattern="Dotted" Width="1.5">
      <Point>-321503.993+1163947.228/-322056.324+1163520.396</Point>
    </Line>
    <Line Pattern="Dotted" Width="1.5">
      <Point>-322056.324+1163520.396/-322603.920+1162944.616</Point>
    </Line>
    <Line Pattern="Dotted" Width="1.5">
      <Point>-322603.920+1162944.616/-323017.295+1162310.059</Point>
    </Line>
    <Line Pattern="Dotted" Width="1.5">
      <Point>-323017.295+1162310.059/-323328.617+1161548.799</Point>
    </Line>
    <Line Pattern="Dotted" Width="1.5">
      <Point>-323328.617+1161548.799/-323531.958+1160754.432</Point>
    </Line>
    <Line Pattern="Dotted" Width="1.5">
      <Point>-323531.958+1160754.432/-323623.491+1155941.646</Point>
    </Line>
    <Line Pattern="Dotted" Width="1.5">
      <Point>-323623.491+1155941.646/-323628.000+1155626.000</Point>
    </Line>
    <Label HasLeader="false" Alignment="Center" VerticalAlignment="Bottom">
      <Point Name="20">-311717.088+1153658.314</Point>
      <Point Name="25">-311413.426+1155530.355</Point>
      <Point Name="30">-313435.331+1162234.606</Point>
      <Point Name="15">-314741.113+1152934.810</Point>
      <Point Name="20">-314811.061+1155347.217</Point>
      <Point Name="28">-315148.394+1161319.560</Point>
      <Point Name="17">-315735.341+1154447.640</Point>
      <Point Name="17">-320220.029+1153037.987</Point>
      <Point Name="25">-315308.941+1160152.258</Point>
      <Point Name="15">-320600.108+1155000.023</Point>
      <Point Name="33">-321626.715+1162131.206</Point>
      <Point Name="28">-320855.059+1160522.007</Point>
      <Point Name="17">-321749.458+1154727.554</Point>
      <Point Name="15">-321827.570+1152918.684</Point>
      <Point Name="25">-323118.891+1155542.523</Point>
      <Point Name="19">-315817.146+1155108.633</Point>
      <Point Name="25">-320806.876+1155835.669</Point>
    </Label>
  </Map>
</Maps>