﻿<?xml version="1.0" encoding="utf-8"?>
<Maps>
  <Map Type="System" Name="PH_TCU" Priority="1" Center="-31.940278+115.966944">
    <!--YGIG-->
    <Runway Name="08/26">
      <Threshold Name="08" Position="-31.466489+115.853731" ExtendedCentrelineTrack="254.99" ExtendedCentrelineLength="3" ExtendedCentrelineTickInterval="3" />
      <Threshold Name="26" Position="-31.462219+115.872314" ExtendedCentrelineTrack="75" ExtendedCentrelineLength="3" ExtendedCentrelineTickInterval="3" />
    </Runway>
    <!--YPJT-->
    <Runway Name="06L/24R">
      <Threshold Name="06L" Position="-32.099978+115.874594" ExtendedCentrelineTrack="234.42" ExtendedCentrelineLength="3" ExtendedCentrelineTickInterval="3" />
      <Threshold Name="24R" Position="-32.094058+115.884314" ExtendedCentrelineTrack="54.42" ExtendedCentrelineLength="3" ExtendedCentrelineTickInterval="3" />
    </Runway>
    <Runway Name="06R/24L">
      <Threshold Name="06R" Position="-32.100881+115.876939" />
      <Threshold Name="24L" Position="-32.094844+115.886847" />
    </Runway>
    <Runway Name="12/30">
      <Threshold Name="12" Position="-32.099947+115.872486" ExtendedCentrelineTrack="294.48" ExtendedCentrelineLength="3" ExtendedCentrelineTickInterval="3" />
      <Threshold Name="30" Position="-32.105581+115.887022" ExtendedCentrelineTrack="114.48" ExtendedCentrelineLength="3" ExtendedCentrelineTickInterval="3" />
    </Runway>
    <!--YPEA-->
    <Runway Name="05/23">
      <Threshold Name="05" Position="-31.672319+116.008692" />
      <Threshold Name="23" Position="-31.661486+116.021242" />
    </Runway>
    <Runway Name="18L/36R">
      <Threshold Name="18L" Position="-31.662411+116.013714" />
      <Threshold Name="36R" Position="-31.684253+116.016633" />
    </Runway>
    <Runway Name="18R/36L">
      <Threshold Name="18R" Position="-31.668781+116.013333" />
      <Threshold Name="36L" Position="-31.684389+116.015411" />
    </Runway>
    <!--YPPH-->
    <Runway Name="03/21">
      <Threshold Name="03" Position="-31.958739+115.959683" />
      <Threshold Name="21" Position="-31.928594+115.968464" />
    </Runway>
    <Runway Name="06/24">
      <Threshold Name="06" Position="-31.940989+115.959203" />
      <Threshold Name="24" Position="-31.930908+115.978792" />
    </Runway>
    <!--Airway Routes-->
    <Line>
      <!--H18-->
      HIDOT/
      VEMON/
      BURGU
    </Line>
    <Line>
      <!--Q17-->
      OTLED/
      ONGAR
    </Line>
    <Line>
      <!--Q38-->
      DALWU/
      AVPAL/
      HINDS/
      CALIG/
      JULIM
    </Line>
    <Line>
      <!--Q158-->
      ESMIN/
      MALUP/
      KABLI
    </Line>
    <Line>
      <!--T12-->
      KALBO/
      KAGMI/
      OPEGA/
      MERIB
    </Line>
    <Line>
      <!--W20-->
      OLMAM/
      BLN NDB
    </Line>
    <Line>
      <!--W172-->
      SOLUS/
      JOSBU
    </Line>
    <Line>
      <!--Y15-->
      AVNEX/
      ESDEG
    </Line>
    <Line>
      <!--Y31-->
      AMANA/
      LAKIR/
      MANIG/
      LAKMO
    </Line>
    <Line>
      <!--Z19-->
      REPOK/
      NINEK/
      DUTAK/
      LAKAV
    </Line>
    <Line>
      <!--Z38-->
      BUNGL/
      YAHMO/
      KELLA/
      LAVEX
    </Line>
    <Line>
      <!--Z44-->
      MEVAD/
      PUMRY
    </Line>
  </Map>
  <Map Type="System2" Name="PH_VFR" Priority="1" Center="-31.940278+115.966944">
    <Symbol Type="HollowSquare">
      <Point>ADWD</Point>
      <Point>AKMW</Point>
      <Point>SHOP</Point>
      <Point>BARB</Point>
      <Point>BOAT</Point>
      <Point>BUB</Point>
      <Point>BYFD</Point>
      <Point>CNB</Point>
      <Point>CDM</Point>
      <Point>CYB</Point>
      <Point>CTE</Point>
      <Point>FDL</Point>
      <Point>FFLD</Point>
      <Point>FRE</Point>
      <Point>FREM</Point>
      <Point>HRR</Point>
      <Point>HKE</Point>
      <Point>JADL</Point>
      <Point>MDU</Point>
      <Point>MAYL</Point>
      <Point>MTK</Point>
      <Point>MUE</Point>
      <Point>MUP</Point>
      <Point>MWR</Point>
      <Point>NORT</Point>
      <Point>OAKF</Point>
      <Point>OBC</Point>
      <Point>PCTY</Point>
      <Point>PIB</Point>
      <Point>POWR</Point>
      <Point>REDC</Point>
      <Point>ROHM</Point>
      <Point>RLY</Point>
      <Point>RUSS</Point>
      <Point>SWY</Point>
      <Point>SEL</Point>
      <Point>TLMI</Point>
      <Point>TOML</Point>
      <Point>TOS</Point>
      <Point>USW</Point>
      <Point>VPH</Point>
      <Point>WMP</Point>
      <Point>WUN</Point>
      <Point>WUNG</Point>
      <Point>YGB</Point>
      <Point>ORKT</Point>
    </Symbol>
    <Label HasLeader="True">
      <Point>ADWD</Point>
      <Point>AKMW</Point>
      <Point>SHOP</Point>
      <Point>BARB</Point>
      <Point>BOAT</Point>
      <Point>BUB</Point>
      <Point>BYFD</Point>
      <Point>CNB</Point>
      <Point>CDM</Point>
      <Point>CYB</Point>
      <Point>CTE</Point>
      <Point>FDL</Point>
      <Point>FFLD</Point>
      <Point>FRE</Point>
      <Point>FREM</Point>
      <Point>HRR</Point>
      <Point>HKE</Point>
      <Point>JADL</Point>
      <Point>MDU</Point>
      <Point>MAYL</Point>
      <Point>MTK</Point>
      <Point>MUE</Point>
      <Point>MUP</Point>
      <Point>MWR</Point>
      <Point>NORT</Point>
      <Point>OAKF</Point>
      <Point>OBC</Point>
      <Point>PCTY</Point>
      <Point>PIB</Point>
      <Point>POWR</Point>
      <Point>REDC</Point>
      <Point>ROHM</Point>
      <Point>RLY</Point>
      <Point>RUSS</Point>
      <Point>SWY</Point>
      <Point>SEL</Point>
      <Point>TLMI</Point>
      <Point>TOML</Point>
      <Point>TOS</Point>
      <Point>USW</Point>
      <Point>VPH</Point>
      <Point>WMP</Point>
      <Point>WUN</Point>
      <Point>WUNG</Point>
      <Point>YGB</Point>
      <Point>ORKT</Point>
    </Label>
    <Label HasLeader="True" LabelOrientation="NW">
      <Point Name="IN_MOUNT_DALE">MUE</Point>
      <Point Name="IN_NW">-314634.000+1154327.000</Point>
      <Point Name="IN_OAKFORD">OAKF</Point>
      <Point Name="OUT_ARMADALESHOP">-320656.932+1155609.801</Point>
      <Point Name="OUT_LAKE_THOMSON">YGB</Point>
      <Point Name="OUT_VICTOR_65">NORT</Point>
      <Point Name="VIA_CANNING_DAM">-313950.000+1163800.000</Point>
      <Point Name="VIA_VICTOR_66">TLMI</Point>
      <Point Name="JURIEN_BAY_1">-301809.461+1150318.590</Point>
      <Point Name="ROUTE_1">-303015.333+1150332.936</Point>
      <Point Name="ROUTE_2">-303015.580+1150332.801</Point>
      <Point Name="ROUTE_3">-310136.579+1151943.020</Point>
    </Label>
    <Label HasLeader="True" LabelOrientation="SE">
      <Point Name="JURIEN_BAY_2">-301809.461+1150318.590</Point>
      <Point Name="ROUTE_4">-310136.579+1151943.020</Point>
    </Label>
    <!--IN_MOUNT_DALE-->
    <Line Pattern="Dotted">
      MUE/WUNG/RUSS/FDL/-320821.411+1155447.799
    </Line>
    <!--IN_NW-->
    <Line Pattern="Dotted">
      -314634.000+1154327.000/MUP/OBC/CYB/CTE/FRE/POWR/ADWD
    </Line>
    <!--IN_OAKFORD-->
    <Line Pattern="Dotted">
      OAKF/FDL/-320821.411+1155447.799
    </Line>
    <!--OUT_ARMADALESHOP-->
    <Line Pattern="Dotted">
      -320656.932+1155609.801/SHOP/CDM
    </Line>
    <!--OUT_LAKE_THOMSON-->
    <Line Pattern="Dotted">
      YGB/TOML
    </Line>
    <!--OUT_VICTOR_65-->
    <Line Pattern="Dotted">
      NORT/FREM/CTE/-315735.102+1155235.209/HKE
    </Line>
    <!--VIA_CANNING_DAM-->
    <Line Pattern="Dotted">
      -313950.000+1163800.000/MUE/CDM
    </Line>
    <!--VIA_VICTOR_66-->
    <Line Pattern="Dotted">
      TLMI/HRR/CDM/WUNG
    </Line>
    <!--JURIEN_BAY_1-->
    <Line Pattern="Dotted">
      -301809.461+1150318.590/-303428.593+1151449.098/-304436.000+1151924.000
    </Line>
    <!--JURIEN_BAY_2-->
    <Line Pattern="Dotted">
      -301809.461+1150318.590/-303923.768+1152747.715
    </Line>
    <!--ROUTE_1-->
    <Line Pattern="Dotted">
      -303015.333+1150332.936/-304436.000+1151924.000/-305436.000+1152530.000/-310136.579+1151943.020
    </Line>
    <!--ROUTE_2-->
    <Line Pattern="Dotted">
      -303015.580+1150332.801/-303923.737+1152747.708/-304432.666+1153326.213/-304924.267+1153620.655/-305209.606+1153727.433/-310136.579+1151943.020
    </Line>
    <!--ROUTE_3-->
    <Line Pattern="Dotted">
      -310136.579+1151943.020/-304911.191+1151124.949/-303015.333+1150332.936
    </Line>
    <!--ROUTE_4-->
    <Line Pattern="Dotted">
      -310136.579+1151943.020/-310638.198+1152216.546/-311641.335+1152624.059/-312146.376+1153008.867/-312436.668+1153220.571/-312749.653+1153344.187/TOS/BUB/-314634.000+1154327.000
    </Line>
  </Map>
  <Map Type="System2" Name="PH_VFR_FULL_NAME" Priority="1" Center="-31.940278+115.966944">
    <Label HasLeader="True" LabelOrientation="SW">
      <Point Name="ADVENTURE WORLD">ADWD</Point>
      <Point Name="ALKIMOS WATER">AKMW</Point>
      <Point Name="ARMADALE SHOPS">SHOP</Point>
      <Point Name="BARBAGALLO RACEWAY">BARB</Point>
      <Point Name="BOATYARD">BOAT</Point>
      <Point Name="BURNS BEACH">BUB</Point>
      <Point Name="BYFORD">BYFD</Point>
      <Point Name="CANNING BRIDGE">CNB</Point>
      <Point Name="CANNING DAM">CDM</Point>
      <Point Name="CITY BEACH">CYB</Point>
      <Point Name="COTTESLOE">CTE</Point>
      <Point Name="FORRESTDALE LAKE">FDL</Point>
      <Point Name="FORRESTFIELD">FFLD</Point>
      <Point Name="FREMANTLE">FRE</Point>
      <Point Name="FREMANTLE GOLF COURSE">FREM</Point>
      <Point Name="HELENA RIVER RESV">HRR</Point>
      <Point Name="HERDSMAN LAKE">HKE</Point>
      <Point Name="JARRAHDALE">JADL</Point>
      <Point Name="MANDURAH">MDU</Point>
      <Point Name="MAYLANDS POLICE ACADEMY">MAYL</Point>
      <Point Name="MOUNT COOKE">MTK</Point>
      <Point Name="MOUNT DALE">MUE</Point>
      <Point Name="MULLALOO PT">MUP</Point>
      <Point Name="MUNDARING WEIR">MWR</Point>
      <Point Name="NORTH LAKE">NORT</Point>
      <Point Name="OAKFORD">OAKF</Point>
      <Point Name="OBSERVATION CITY">OBC</Point>
      <Point Name="PERTH CITY">PCTY</Point>
      <Point Name="PICKERING BROOK GOLF COURSE">PIB</Point>
      <Point Name="POWERHOUSE">POWR</Point>
      <Point Name="REDCLIFFE BRIDGE">REDC</Point>
      <Point Name="ROCKINGHAM">ROHM</Point>
      <Point Name="ROLEYSTONE">RLY</Point>
      <Point Name="RUSSELL">RUSS</Point>
      <Point Name="SAWYERS VALLEY">SWY</Point>
      <Point Name="SHELLEY BRIDGE">SEL</Point>
      <Point Name="THE LAKES MINE">TLMI</Point>
      <Point Name="THOMSONS LAKE">TOML</Point>
      <Point Name="TWO ROCKS">TOS</Point>
      <Point Name="UPPER SWAN">USW</Point>
      <Point Name="VPH">VPH</Point>
      <Point Name="WOODMAN PT">WMP</Point>
      <Point Name="WUNDOWIE">WUN</Point>
      <Point Name="WUNGONG RESERVOIR">WUNG</Point>
      <Point Name="YANGEBUP LAKE">YGB</Point>
      <Point Name="YORK TOWNSHIP">ORKT</Point>
    </Label>
  </Map>
  <Map Type="System" Name="YPPH_ALLRWYS" Priority="2" Center="-31.940278+115.966944">
    <!--YPPH-->
    <Runway Name="03/21">
      <Threshold Name="03" Position="-31.958739+115.959683" ExtendedCentrelineTrack="193.95" ExtendedCentrelineLength="10" ExtendedCentrelineTickInterval="1" />
      <Threshold Name="21" Position="-31.928594+115.968464" ExtendedCentrelineTrack="13.95" ExtendedCentrelineLength="10" ExtendedCentrelineTickInterval="1" />
    </Runway>
    <!--YPPH-->
    <Runway Name="06/24">
      <Threshold Name="06" Position="-31.940989+115.959203" ExtendedCentrelineTrack="238.89" ExtendedCentrelineLength="10" ExtendedCentrelineTickInterval="1" />
      <Threshold Name="24" Position="-31.930908+115.978792" ExtendedCentrelineTrack="58.9" ExtendedCentrelineLength="10" ExtendedCentrelineTickInterval="1" />
    </Runway>
    <!--YPEA-->
    <Runway Name="05/23">
      <Threshold Name="05" Position="-31.672319+116.008692" ExtendedCentrelineTrack="224.73" ExtendedCentrelineLength="5" ExtendedCentrelineTickInterval="5" />
      <Threshold Name="23" Position="-31.661486+116.021242" ExtendedCentrelineTrack="44.74" ExtendedCentrelineLength="5" ExtendedCentrelineTickInterval="5" />
    </Runway>
    <!--YPEA-->
    <Runway Name="18L/36R">
      <Threshold Name="18L" Position="-31.662411+116.013714" ExtendedCentrelineTrack="353.48" ExtendedCentrelineLength="12" ExtendedCentrelineTickInterval="1" />
      <Threshold Name="36R" Position="-31.684253+116.016633" ExtendedCentrelineTrack="173.48" ExtendedCentrelineLength="5" ExtendedCentrelineTickInterval="5" />
    </Runway>
    <!--YPEA-->
    <Runway Name="18R/36L">
      <Threshold Name="18R" Position="-31.668781+116.013333" />
      <Threshold Name="36L" Position="-31.684389+116.015411" />
    </Runway>
  </Map>
</Maps>