﻿<?xml version="1.0" encoding="utf-8"?>
<Maps>
  <Map Type="System" Name="WLM_RWY12" Priority="1" Center="-32.795000+151.834444">
    <!--YWLM-->
    <Runway Name="12/30">
      <Threshold Name="12" Position="-32.787122+151.822594" ExtendedCentrelineTrack="310.3" ExtendedCentrelineLength="15" ExtendedCentrelineTickInterval="1" />
      <Threshold Name="30" Position="-32.804958+151.847497" />
    </Runway>
    <!--SIDs-->
    <Line>
      <!--Rwy12 KEXAR1-->
      -324817.850+1515050.990/
      -324817.850+1515050.990/
      -325053.878+1515427.750/
      -325132.255+1515459.124/
      -325218.704+1515503.394/
      -325300.723+1515439.438/
      -325327.050+1515353.667/
      -325330.625+1515258.349/
      DOXIR/
      UPLUG/
      EPGIV/
      KEXAR
    </Line>
    <Line>
      <!--Rwy12 LIMLO1-->
      -325218.704+1515503.394/
      EGEVO/
      LIMLO
    </Line>
    <Line>
      <!--Rwy12 MONDO1-->
      UPLUG/
      AVKUT/
      MONDO
    </Line>
    <Line>
      <!--Rwy12 UBSO1A-->
      -325053.878+1515427.750/
      -325114.048+1515517.697/
      -325110.473+1515612.991/
      -325044.147+1515658.742/
      -325002.128+1515722.688/
      IBADI/
      IGNUV/
      UBSON
    </Line>
    <Line>
      <!--Rwy12 UBSO1B-->
      DOXIR/
      UBSON
    </Line>
    <!--STARs-->
    <Line>
      <!--Rwy12 ASUVA1-->
      ASUVA/
      AVGOP/
      LIBMU/
      OMLIR
    </Line>
    <Line>
      <!--Rwy12 EKIPU2-->
      EKIPU/
      IGLUM/
      MATLA/
      OSATO
    </Line>
    <Line>
      <!--Rwy12 LAXU2A-->
      LAXUM/
      EGAPU/
      OMLIR
    </Line>
    <Line>
      <!--Rwy12 LAXU2B-->
      LAXUM/
      ESDOD/
      ATLOR/
      OBKUR/
      IPMED
    </Line>
    <Line>
      <!--Rwy12 LAXU2R-->
      OMLIR/
      ISDUS
    </Line>
    <Line>
      <!--Rwy12 LAXU2V-->
      ISDUS/
      UPTEB
    </Line>
    <Line>
      <!--Rwy12 OVLUX2-->
      OVLUX/
      IGLUM
    </Line>
    <Line>
      <!--Rwy12 PUDUT1-->
      PUDUT/
      IGLUM
    </Line>
    <Symbol Type="HollowTriangle">
      <Point>OMLIR</Point>
      <Point>OSATO</Point>
      <Point>IPMED</Point>
      <Point>ISDUS</Point>
      <Point>UPTEB</Point>
    </Symbol>
    <Symbol Type="HollowStar">
      <Point>DOXIR</Point>
      <Point>UPLUG</Point>
      <Point>EPGIV</Point>
      <Point>KEXAR</Point>
      <Point>EGEVO</Point>
      <Point>LIMLO</Point>
      <Point>AVKUT</Point>
      <Point>MONDO</Point>
      <Point>IBADI</Point>
      <Point>IGNUV</Point>
      <Point>UBSON</Point>
      <Point>ASUVA</Point>
      <Point>AVGOP</Point>
      <Point>LIBMU</Point>
      <Point>EKIPU</Point>
      <Point>IGLUM</Point>
      <Point>MATLA</Point>
      <Point>LAXUM</Point>
      <Point>EGAPU</Point>
      <Point>ESDOD</Point>
      <Point>ATLOR</Point>
      <Point>OBKUR</Point>
      <Point>OVLUX</Point>
      <Point>PUDUT</Point>
    </Symbol>
  </Map>
  <Map Type="System" Name="WLM_RWY12_NAMES" Priority="2" Center="-32.795000+151.834444">
    <Label>
      <Point>DOXIR</Point>
      <Point>UPLUG</Point>
      <Point>EPGIV</Point>
      <Point>KEXAR</Point>
      <Point>EGEVO</Point>
      <Point>LIMLO</Point>
      <Point>AVKUT</Point>
      <Point>MONDO</Point>
      <Point>IBADI</Point>
      <Point>IGNUV</Point>
      <Point>UBSON</Point>
      <Point>ASUVA</Point>
      <Point>AVGOP</Point>
      <Point>LIBMU</Point>
      <Point>OMLIR</Point>
      <Point>EKIPU</Point>
      <Point>IGLUM</Point>
      <Point>MATLA</Point>
      <Point>OSATO</Point>
      <Point>LAXUM</Point>
      <Point>EGAPU</Point>
      <Point>ESDOD</Point>
      <Point>ATLOR</Point>
      <Point>OBKUR</Point>
      <Point>IPMED</Point>
      <Point>ISDUS</Point>
      <Point>UPTEB</Point>
      <Point>OVLUX</Point>
      <Point>PUDUT</Point>
      <Point>TESAT</Point>
      <Point>OLSEM</Point>
      <Point>UPNEX</Point>
      <Point>BANDA</Point>
      <Point>OMKAX</Point>
      <Point>OMGAB</Point>
      <Point>OMLAV</Point>
      <Point>ABASS</Point>
      <Point>NWA NDB</Point>
      <Point>NONID</Point>
      <Point>KAMBA</Point>
      <Point>TOOKI</Point>
      <Point>MAKOR</Point>
      <Point>LOWEP</Point>
      <Point>NBR NDB</Point>
      <Point>OLRON</Point>
      <Point>TW VOR</Point>
      <Point>TIMBO</Point>
      <Point>NICLA</Point>
      <Point>LOSKU</Point>
      <Point>IVL NDB</Point>
      <Point>SANAD</Point>
      <Point>COOPA</Point>
      <Point>IDSEB</Point>
      <Point>CFS VOR</Point>
      <Point>UGPOT</Point>
      <Point>ARM NDB</Point>
    </Label>
  </Map>
</Maps>