﻿<?xml version="1.0" encoding="utf-8"?>
<Maps>
  <Map Type="System" Name="WLM_RWY30" Priority="1" Center="-32.795000+151.834444">
    <!--YWLM-->
    <Runway Name="12/30">
      <Threshold Name="12" Position="-32.787122+151.822594" />
      <Threshold Name="30" Position="-32.804958+151.847497" ExtendedCentrelineTrack="130.31" ExtendedCentrelineLength="15" ExtendedCentrelineTickInterval="1" />
    </Runway>
    <!--SIDs-->
    <Line>
      <!--Rwy30 KEXAR1-->
      -324713.640+1514921.340/
      URDAX/
      MATLA/
      IRPES/
      KEXAR
    </Line>
    <Line>
      <!--Rwy30 LIMLO1-->
      -324713.640+1514921.340/
      -324713.640+1514921.340/
      -324437.508+1514544.835/
      -324417.326+1514454.915/
      -324420.899+1514359.692/
      -324447.214+1514313.986/
      -324529.223+1514250.038/
      -324615.674+1514254.274/
      IKEBU/
      IGMUP/
      LIMLO
    </Line>
    <Line>
      <!--Rwy30 MONDO1-->
      URDAX/
      UGISU/
      ATSUG/
      IGBAK/
      MONDO
    </Line>
    <Line>
      <!--Rwy30 UBSO1A-->
      -324713.640+1514921.340/
      OBKUP/
      OBDIB/
      UBSON
    </Line>
    <!--STARs-->
    <Line>
      <!--Rwy30 ASUVA1-->
      ASUVA/
      UPVIB
    </Line>
    <Line>
      <!--Rwy30 EKIPU2-->
      EKIPU/
      IVTAG/
      DOXAP
    </Line>
    <Line>
      <!--Rwy30 IVTA1R.EKIPU-->
      EKIPU/
      IVTAG
    </Line>
    <Line>
      <!--Rwy30 IVTA1R.OVLUX-->
      OVLUX/
      IVTAG
    </Line>
    <Line>
      <!--Rwy30 IVTA1R.PUDUT-->
      PUDUT/
      IVTAG
    </Line>
    <Line>
      <!--Rwy30 IVTA1R-->
      IVTAG/
      UBGIM
    </Line>
    <Line>
      <!--Rwy30 IVTA1V.EKIPU-->
    </Line>
    <Line>
      <!--Rwy30 IVTA1V.OVLUX-->
    </Line>
    <Line>
      <!--Rwy30 IVTA1V.PUDUT-->
    </Line>
    <Line>
      <!--Rwy30 IVTA1V-->
      UBGIM/
      UBMAX/
      ELKOV
    </Line>
    <Line>
      <!--Rwy30 LAXU2A-->
      LAXUM/
      IPGUX/
      ENVIR/
      UBNIL/
      AVGOP/
      AKLOL
    </Line>
    <Line>
      <!--Rwy30 LAXU2B-->
      LAXUM/
      IDPEP/
      ISVUP/
      UGVOK/
      IDSOM/
      IVTAG
    </Line>
    <Line>
      <!--Rwy30 LAXU2R-->
      IPGUX/
      IVSES/
      IDSAX
    </Line>
    <Line>
      <!--Rwy30 LAXU2V-->
      IDSAX/
      AKRUS/
      UDEPO/
      OVPEV
    </Line>
    <Line>
      <!--Rwy30 OVLUX2-->
      OVLUX/
      IVTAG
    </Line>
    <Line>
      <!--Rwy30 PUDUT1-->
      PUDUT/
      IVTAG
    </Line>
    <Symbol Type="HollowTriangle">
      <Point>UPVIB</Point>
      <Point>DOXAP</Point>
      <Point>UBGIM</Point>
      <Point>ELKOV</Point>
      <Point>AKLOL</Point>
      <Point>IDSAX</Point>
      <Point>OVPEV</Point>
    </Symbol>
    <Symbol Type="HollowStar">
      <Point>URDAX</Point>
      <Point>MATLA</Point>
      <Point>IRPES</Point>
      <Point>KEXAR</Point>
      <Point>IKEBU</Point>
      <Point>IGMUP</Point>
      <Point>LIMLO</Point>
      <Point>UGISU</Point>
      <Point>ATSUG</Point>
      <Point>IGBAK</Point>
      <Point>MONDO</Point>
      <Point>OBKUP</Point>
      <Point>OBDIB</Point>
      <Point>UBSON</Point>
      <Point>ASUVA</Point>
      <Point>EKIPU</Point>
      <Point>IVTAG</Point>
      <Point>OVLUX</Point>
      <Point>PUDUT</Point>
      <Point>UBMAX</Point>
      <Point>LAXUM</Point>
      <Point>IPGUX</Point>
      <Point>ENVIR</Point>
      <Point>UBNIL</Point>
      <Point>AVGOP</Point>
      <Point>IDPEP</Point>
      <Point>ISVUP</Point>
      <Point>UGVOK</Point>
      <Point>IDSOM</Point>
      <Point>IVSES</Point>
      <Point>AKRUS</Point>
      <Point>UDEPO</Point>
    </Symbol>
  </Map>
  <Map Type="System" Name="WLM_RWY30_NAMES" Priority="2" Center="-32.795000+151.834444">
    <Label>
      <Point>URDAX</Point>
      <Point>MATLA</Point>
      <Point>IRPES</Point>
      <Point>KEXAR</Point>
      <Point>IKEBU</Point>
      <Point>IGMUP</Point>
      <Point>LIMLO</Point>
      <Point>UGISU</Point>
      <Point>ATSUG</Point>
      <Point>IGBAK</Point>
      <Point>MONDO</Point>
      <Point>OBKUP</Point>
      <Point>OBDIB</Point>
      <Point>UBSON</Point>
      <Point>ASUVA</Point>
      <Point>UPVIB</Point>
      <Point>EKIPU</Point>
      <Point>IVTAG</Point>
      <Point>DOXAP</Point>
      <Point>OVLUX</Point>
      <Point>PUDUT</Point>
      <Point>UBGIM</Point>
      <Point>UBMAX</Point>
      <Point>ELKOV</Point>
      <Point>LAXUM</Point>
      <Point>IPGUX</Point>
      <Point>ENVIR</Point>
      <Point>UBNIL</Point>
      <Point>AVGOP</Point>
      <Point>AKLOL</Point>
      <Point>IDPEP</Point>
      <Point>ISVUP</Point>
      <Point>UGVOK</Point>
      <Point>IDSOM</Point>
      <Point>IVSES</Point>
      <Point>IDSAX</Point>
      <Point>AKRUS</Point>
      <Point>UDEPO</Point>
      <Point>OVPEV</Point>
      <Point>TESAT</Point>
      <Point>OLSEM</Point>
      <Point>UPNEX</Point>
      <Point>BANDA</Point>
      <Point>OMKAX</Point>
      <Point>OMGAB</Point>
      <Point>OMLAV</Point>
      <Point>ABASS</Point>
      <Point>NWA NDB</Point>
      <Point>NONID</Point>
      <Point>KAMBA</Point>
      <Point>TOOKI</Point>
      <Point>MAKOR</Point>
      <Point>LOWEP</Point>
      <Point>NBR NDB</Point>
      <Point>OLRON</Point>
      <Point>TW VOR</Point>
      <Point>TIMBO</Point>
      <Point>NICLA</Point>
      <Point>LOSKU</Point>
      <Point>IVL NDB</Point>
      <Point>SANAD</Point>
      <Point>COOPA</Point>
      <Point>IDSEB</Point>
      <Point>CFS VOR</Point>
      <Point>UGPOT</Point>
      <Point>ARM NDB</Point>
    </Label>
  </Map>
</Maps>