﻿<?xml version="1.0" encoding="utf-8"?>
<Maps>
  <Map Type="System" Name="WLM_TCU" Priority="1" Center="-32.795000+151.834444">
    <!--YWLM-->
    <Runway Name="12/30">
      <Threshold Name="12" Position="-32.787122+151.822594" />
      <Threshold Name="30" Position="-32.804958+151.847497" />
    </Runway>
    <!--Airway Routes-->
    <Line>
      <!--H252-->
      TESAT/
      OLSEM/
      UPNEX/
      EKIPU
    </Line>
    <Line>
      <!--H252-->
      BANDA/
      OMKAX
    </Line>
    <Line>
      <!--H536-->
      LIMLO/
      OMGAB/
      OMLAV/
      ABASS/
      NWA NDB
    </Line>
    <Line>
      <!--Q226-->
      NONID/
      ASUVA
    </Line>
    <Line>
      <!--V140-->
      TESAT/
      KAMBA/
      TOOKI/
      OVLUX
    </Line>
    <Line>
      <!--V402-->
      MAKOR/
      LOWEP
    </Line>
    <Line>
      <!--V417-->
      NBR NDB/
      OLRON/
      TW VOR/
      TIMBO/
      LAXUM
    </Line>
    <Line>
      <!--V535-->
      NICLA/
      LOSKU
    </Line>
    <Line>
      <!--V779-->
      IVL NDB/
      SANAD/
      COOPA/
      IDSEB/
      LAXUM
    </Line>
    <Line>
      <!--W603-->
      CFS VOR/
      UGPOT
    </Line>
    <Line>
      <!--W674-->
      ARM NDB/
      IVL NDB
    </Line>
  </Map>
  <Map Type="System2" Name="WLM_VFR" Priority="1" Center="-32.795000+151.834444">
    <Symbol Type="HollowSquare">
      <Point>ANA</Point>
      <Point>BAXT</Point>
      <Point>BRI</Point>
      <Point>EGT</Point>
      <Point>GCR</Point>
      <Point>HXB</Point>
      <Point>NBB</Point>
      <Point>PSS</Point>
      <Point>SRP</Point>
      <Point>SRO</Point>
      <Point>SUG</Point>
    </Symbol>
    <Label HasLeader="True">
      <Point>ANA</Point>
      <Point>BAXT</Point>
      <Point>BRI</Point>
      <Point>EGT</Point>
      <Point>GCR</Point>
      <Point>HXB</Point>
      <Point>NBB</Point>
      <Point>PSS</Point>
      <Point>SRP</Point>
      <Point>SRO</Point>
      <Point>SUG</Point>
    </Label>
    <Label HasLeader="True" LabelOrientation="NW">
      <Point Name="COASTAL">-325549.244+1514738.912</Point>
      <Point Name="INLAND">-324356.214+1513226.190</Point>
    </Label>
    <!--COASTAL-->
    <Line Pattern="Dotted">
      -325549.244+1514738.912/-325123.819+1515621.714/-324902.837+1520803.680/-324615.742+1521333.210/-323902.884+1521433.060/-323704.616+1521807.370/-323349.318+1522235.635/-322643.134+1523625.149
    </Line>
    <!--INLAND-->
    <Line Pattern="Dotted">
      -324356.214+1513226.190/-324313.405+1513226.172/-324253.838+1513241.924/-324222.557+1513231.731/-324139.859+1513415.730/-324107.056+1513426.356/-324043.460+1513502.563/-324024.306+1513500.543/-323937.346+1513514.478/-323903.190+1513458.633/-323844.467+1513504.859/-323822.372+1513449.880/-323749.189+1513458.834/-323713.214+1513449.294/-323646.704+1513531.738/-323636.474+1513614.779/-323559.963+1513702.119/-323419.318+1513715.004/-323356.332+1513729.578/-323329.426+1513707.343/-323228.836+1513644.135/-323144.941+1513735.504/-323050.519+1513814.373/-323024.188+1513836.347/-323021.319+1513856.531/-323007.766+1513908.135/-323016.494+1513942.507/-323030.004+1513953.776/-323029.617+1514034.858/-322948.675+1514124.223/-322924.997+1514257.951/-322816.420+1514421.963/-322748.013+1514432.204/-322727.932+1514444.957/-322706.794+1514442.942/-322636.893+1514515.461/-322614.447+1514512.357/-322354.604+1514537.409/-322245.007+1514656.117/-322235.688+1514715.539/-322209.814+1514728.132/-322213.925+1514829.416/-322237.174+1514834.715/-322255.642+1514846.966/-322242.269+1515010.548/-322248.677+1515031.748/-322206.934+1515147.149/-322211.893+1515229.403/-322157.092+1515246.510/-322156.422+1515309.278/-322049.967+1515547.124/-322002.610+1515624.154/-321807.594+1515642.945/-321753.516+1515710.117/-321613.854+1515628.592/-321519.663+1515636.386/-321308.807+1515619.099/-320923.668+1515636.759/-320704.160+1515616.354/-320604.894+1515621.136/-320439.922+1515657.043/-320338.633+1515711.424/-320021.068+1515755.637/-315947.799+1515803.554/-315853.470+1515753.829/-315831.700+1515852.380/-315747.488+1515907.133/-315653.044+1520104.413/-315552.361+1520132.813/-315509.231+1520129.417/-315447.453+1520241.236/-315345.683+1520525.583
    </Line>
  </Map>
  <Map Type="System2" Name="WLM_VFR_FULL_NAME" Priority="1" Center="-32.795000+151.834444">
    <Label HasLeader="True" LabelOrientation="SW">
      <Point Name="ANNA BAY">ANA</Point>
      <Point Name="BRANXTON">BAXT</Point>
      <Point Name="BROUGHTON ISLAND">BRI</Point>
      <Point Name="EAST GRETA">EGT</Point>
      <Point Name="GLOUCESTER">GCR</Point>
      <Point Name="HEXHAM BRIDGE">HXB</Point>
      <Point Name="NOBBYS HEAD">NBB</Point>
      <Point Name="POINT STEPHENS LIGHTHOUSE">PSS</Point>
      <Point Name="SOLDIERS POINT">SRP</Point>
      <Point Name="STROUD ROAD">SRO</Point>
      <Point Name="SUGARLOAF PT">SUG</Point>
    </Label>
  </Map>
  <Map Type="System" Name="YWLM_ALLRWYS" Priority="2" Center="-32.795000+151.834444">
    <!--YWLM-->
    <Runway Name="12/30">
      <Threshold Name="12" Position="-32.787122+151.822594" ExtendedCentrelineTrack="310.3" ExtendedCentrelineLength="15" ExtendedCentrelineTickInterval="1" />
      <Threshold Name="30" Position="-32.804958+151.847497" ExtendedCentrelineTrack="130.31" ExtendedCentrelineLength="15" ExtendedCentrelineTickInterval="1" />
    </Runway>
  </Map>
</Maps>