﻿<?xml version="1.0" encoding="utf-8"?>
<Maps>
  <Map Type="System" Name="MK_RWY32" Priority="1" Center="-21.171389+149.179722">
    <!--YBMK-->
    <Runway Name="14/32">
      <Threshold Name="14" Position="-21.163175+149.177478" />
      <Threshold Name="32" Position="-21.178306+149.187675" ExtendedCentrelineTrack="147.7" ExtendedCentrelineLength="15" ExtendedCentrelineTickInterval="1" />
    </Runway>
    <!--SIDs-->
    <Line>
      <!--Rwy32 CLIFT3-->
      -210947.430+1491038.920/
      -210947.491+1491038.870/
      -210539.300+1490752.025/
      CLIFT
    </Line>
    <Line>
      <!--Rwy32 MUNAR1-->
      -210947.491+1491038.870/
      -210840.188+1490950.843/
      AVKIK/
      -210023.792+1484631.927/
      -210027.796+1484559.550/
      -210046.147+1484533.467/
      -210114.098+1484520.422/
      RUVAL/
      MUNAR
    </Line>
    <!--STARs-->
    <Line>
      <!--Rwy32 DAGSI1-->
      DAGSI/
      LUMVA/
      SADID/
      BURNO
    </Line>
    <Line>
      <!--Rwy32 WELKE1-->
      WELKE/
      BAVAM
    </Line>
    <Symbol Type="HollowTriangle">
      <Point>BURNO</Point>
      <Point>BAVAM</Point>
    </Symbol>
    <Symbol Type="SolidStar">
      <Point>AVKIK</Point>
    </Symbol>
    <Symbol Type="HollowStar">
      <Point>CLIFT</Point>
      <Point>RUVAL</Point>
      <Point>MUNAR</Point>
      <Point>DAGSI</Point>
      <Point>LUMVA</Point>
      <Point>SADID</Point>
      <Point>WELKE</Point>
    </Symbol>
  </Map>
  <Map Type="System" Name="MK_RWY32_NAMES" Priority="2" Center="-21.171389+149.179722">
    <Label>
      <Point>CLIFT</Point>
      <Point>AVKIK</Point>
      <Point>RUVAL</Point>
      <Point>MUNAR</Point>
      <Point>DAGSI</Point>
      <Point>LUMVA</Point>
      <Point>SADID</Point>
      <Point>BURNO</Point>
      <Point>WELKE</Point>
      <Point>BAVAM</Point>
      <Point>MAGRA</Point>
      <Point>ALAXU</Point>
      <Point>IBUXI</Point>
      <Point>BINUN</Point>
      <Point>TL VOR</Point>
      <Point>WALTA</Point>
      <Point>ALBUX</Point>
      <Point>LERKI</Point>
      <Point>ABVAS</Point>
      <Point>RK VOR</Point>
      <Point>OLDIB</Point>
      <Point>DADBO</Point>
      <Point>EMSUP</Point>
      <Point>BITAS</Point>
      <Point>POROB</Point>
      <Point>ADLAG</Point>
      <Point>PEWEE</Point>
      <Point>CARMN</Point>
      <Point>LINBO</Point>
      <Point>PN VOR</Point>
      <Point>ISAAK</Point>
      <Point>EML NDB</Point>
      <Point>NIPOM</Point>
      <Point>VANVA</Point>
    </Label>
  </Map>
</Maps>