﻿<?xml version="1.0" encoding="utf-8"?>
<Maps>
  <Map Type="System" Name="MK_RWY14" Priority="1" Center="-21.171389+149.179722">
    <!--YBMK-->
    <Runway Name="14/32">
      <Threshold Name="14" Position="-21.163175+149.177478" ExtendedCentrelineTrack="327.7" ExtendedCentrelineLength="15" ExtendedCentrelineTickInterval="1" />
      <Threshold Name="32" Position="-21.178306+149.187675" />
    </Runway>
    <!--SIDs-->
    <Line>
      <!--Rwy14 CLIFT3-->
      -211041.900+1491115.630/
      -211041.970+1491115.601/
      -211141.256+1491156.896/
      -211258.329+1491311.343/
      MUNAR/
      TANUD/
      MIBEK/
      CLIFT
    </Line>
    <Line>
      <!--Rwy14 MUNAR1-->
      -211041.970+1491115.601/
      -211352.157+1491323.438/
      MUNAR
    </Line>
    <!--STARs-->
    <Line>
      <!--Rwy14 DAGSI1-->
      DAGSI/
      LEDUS
    </Line>
    <Line>
      <!--Rwy14 WELKE1-->
      WELKE/
      BURNO/
      SADID/
      LUMVA
    </Line>
    <Symbol Type="HollowTriangle">
      <Point>LEDUS</Point>
      <Point>LUMVA</Point>
    </Symbol>
    <Symbol Type="SolidStar">
      <Point>TANUD</Point>
    </Symbol>
    <Symbol Type="HollowStar">
      <Point>MUNAR</Point>
      <Point>MIBEK</Point>
      <Point>CLIFT</Point>
      <Point>DAGSI</Point>
      <Point>WELKE</Point>
      <Point>BURNO</Point>
      <Point>SADID</Point>
    </Symbol>
  </Map>
  <Map Type="System" Name="MK_RWY14_NAMES" Priority="2" Center="-21.171389+149.179722">
    <Label>
      <Point>MUNAR</Point>
      <Point>TANUD</Point>
      <Point>MIBEK</Point>
      <Point>CLIFT</Point>
      <Point>DAGSI</Point>
      <Point>LEDUS</Point>
      <Point>WELKE</Point>
      <Point>BURNO</Point>
      <Point>SADID</Point>
      <Point>LUMVA</Point>
      <Point>MAGRA</Point>
      <Point>ALAXU</Point>
      <Point>IBUXI</Point>
      <Point>BINUN</Point>
      <Point>TL VOR</Point>
      <Point>WALTA</Point>
      <Point>ALBUX</Point>
      <Point>LERKI</Point>
      <Point>ABVAS</Point>
      <Point>RK VOR</Point>
      <Point>OLDIB</Point>
      <Point>DADBO</Point>
      <Point>EMSUP</Point>
      <Point>BITAS</Point>
      <Point>POROB</Point>
      <Point>ADLAG</Point>
      <Point>PEWEE</Point>
      <Point>CARMN</Point>
      <Point>LINBO</Point>
      <Point>PN VOR</Point>
      <Point>ISAAK</Point>
      <Point>EML NDB</Point>
      <Point>NIPOM</Point>
      <Point>VANVA</Point>
    </Label>
  </Map>
</Maps>