﻿<?xml version="1.0" encoding="utf-8"?>
<Maps>
  <Map Type="System" Name="MK_TCU" Priority="1" Center="-21.171389+149.179722">
    <!--YBMK-->
    <Runway Name="14/32">
      <Threshold Name="14" Position="-21.163175+149.177478" />
      <Threshold Name="32" Position="-21.178306+149.187675" />
    </Runway>
    <!--Airway Routes-->
    <Line>
      <!--H652-->
      MAGRA/
      ALAXU
    </Line>
    <Line>
      <!--V153-->
      IBUXI/
      BINUN/
      TL VOR/
      WALTA/
      ALBUX/
      DAGSI
    </Line>
    <Line>
      <!--V153-->
      LERKI/
      ABVAS/
      RK VOR
    </Line>
    <Line>
      <!--V308-->
      OLDIB/
      DADBO/
      RK VOR/
      EMSUP/
      WELKE
    </Line>
    <Line>
      <!--V308-->
      CLIFT/
      BITAS/
      POROB/
      TL VOR/
      ADLAG/
      PEWEE
    </Line>
    <Line>
      <!--W387-->
      CARMN/
      TL VOR/
      LINBO/
      ALBUX/
      PN VOR
    </Line>
    <Line>
      <!--W472-->
      ISAAK/
      EML NDB
    </Line>
    <Line>
      <!--W592-->
      EML NDB/
      NIPOM
    </Line>
    <Line>
      <!--W889-->
      RK VOR/
      VANVA
    </Line>
  </Map>
  <Map Type="System2" Name="MK_VFR" Priority="1" Center="-21.171389+149.179722">
    <Symbol Type="HollowSquare">
      <Point>BCT</Point>
      <Point>BKIS</Point>
      <Point>BPI</Point>
      <Point>CALEN</Point>
      <Point>CPY</Point>
      <Point>CPH</Point>
      <Point>COWI</Point>
      <Point>ETON</Point>
      <Point>GOI</Point>
      <Point>GRL</Point>
      <Point>HPT</Point>
      <Point>HBU</Point>
      <Point>KSI</Point>
      <Point>LEM</Point>
      <Point>MII</Point>
      <Point>MBK</Point>
      <Point>MFN</Point>
      <Point>RIL</Point>
      <Point>SRIN</Point>
      <Point>SHI</Point>
      <Point>SLPT</Point>
      <Point>WKT</Point>
      <Point>ALBO</Point>
    </Symbol>
    <Label HasLeader="True">
      <Point>BCT</Point>
      <Point>BKIS</Point>
      <Point>BPI</Point>
      <Point>CALEN</Point>
      <Point>CPY</Point>
      <Point>CPH</Point>
      <Point>COWI</Point>
      <Point>ETON</Point>
      <Point>GOI</Point>
      <Point>GRL</Point>
      <Point>HPT</Point>
      <Point>HBU</Point>
      <Point>KSI</Point>
      <Point>LEM</Point>
      <Point>MII</Point>
      <Point>MBK</Point>
      <Point>MFN</Point>
      <Point>RIL</Point>
      <Point>SRIN</Point>
      <Point>SHI</Point>
      <Point>SLPT</Point>
      <Point>WKT</Point>
      <Point>ALBO</Point>
    </Label>
  </Map>
  <Map Type="System2" Name="MK_VFR_FULL_NAME" Priority="1" Center="-21.171389+149.179722">
    <Label HasLeader="True" LabelOrientation="SW">
      <Point Name="BLACK MT">BCT</Point>
      <Point Name="BLACKSMITH ISLAND">BKIS</Point>
      <Point Name="BRAMPTON ISLAND">BPI</Point>
      <Point Name="CALEN">CALEN</Point>
      <Point Name="CAPE CONWAY">CPY</Point>
      <Point Name="CAPE HILLSBOROUGH">CPH</Point>
      <Point Name="COW ISLAND">COWI</Point>
      <Point Name="ETON">ETON</Point>
      <Point Name="GOLDSMITH ISLAND">GOI</Point>
      <Point Name="GREEN ISLAND (MACKAY)">GRL</Point>
      <Point Name="HAY PT">HPT</Point>
      <Point Name="HOMEBUSH">HBU</Point>
      <Point Name="KESWICK ISLAND">KSI</Point>
      <Point Name="LAKE EPSOM">LEM</Point>
      <Point Name="MIDGE ISLAND">MII</Point>
      <Point Name="MOUNT BLACKWOOD">MBK</Point>
      <Point Name="MOUNT FUNNEL">MFN</Point>
      <Point Name="RABBIT ISLAND">RIL</Point>
      <Point Name="SARINA">SRIN</Point>
      <Point Name="SHAW ISLAND">SHI</Point>
      <Point Name="SLADE POINT">SLPT</Point>
      <Point Name="WALKERSTON">WKT</Point>
      <Point Name="YALBOROO">ALBO</Point>
    </Label>
  </Map>
  <Map Type="System" Name="YBMK_ALLRWYS" Priority="2" Center="-21.171389+149.179722">
    <!--YBMK-->
    <Runway Name="14/32">
      <Threshold Name="14" Position="-21.163175+149.177478" ExtendedCentrelineTrack="327.7" ExtendedCentrelineLength="15" ExtendedCentrelineTickInterval="1" />
      <Threshold Name="32" Position="-21.178306+149.187675" ExtendedCentrelineTrack="147.7" ExtendedCentrelineLength="15" ExtendedCentrelineTickInterval="1" />
    </Runway>
  </Map>
</Maps>