﻿<?xml version="1.0" encoding="utf-8"?>
<Maps>
  <Map Type="System" Name="OK_RWY14" Priority="1" Center="-27.411389+151.735278">
    <!--YBOK-->
    <Runway Name="14/32">
      <Threshold Name="14" Position="-27.402669+151.737094" ExtendedCentrelineTrack="325.1" ExtendedCentrelineLength="15" ExtendedCentrelineTickInterval="1" />
      <Threshold Name="32" Position="-27.414881+151.746639" />
    </Runway>
    <!--SIDs-->
    <!--STARs-->
    <Symbol Type="HollowTriangle">
      <Point>NUTPA</Point>
    </Symbol>
  </Map>
  <Map Type="System" Name="OK_RWY14_NAMES" Priority="2" Center="-27.411389+151.735278">
    <Label>
      <Point>SU VOR</Point>
      <Point>SURPO</Point>
      <Point>IVL NDB</Point>
      <Point>OLRON</Point>
      <Point>IVTET</Point>
      <Point>DULIN</Point>
      <Point>GERBL</Point>
      <Point>UNVAT</Point>
      <Point>OVENS</Point>
      <Point>ENKOG</Point>
      <Point>IMATI</Point>
      <Point>BARTA</Point>
      <Point>SGE NDB</Point>
      <Point>ARM NDB</Point>
      <Point>MASMI</Point>
      <Point>SUSGI</Point>
      <Point>GLA VOR</Point>
      <Point>RIRSA</Point>
      <Point>ALONE</Point>
      <Point>DEBEE</Point>
      <Point>IDNER</Point>
      <Point>BN VOR</Point>
      <Point>RUDEY</Point>
      <Point>MATVI</Point>
      <Point>SHIKO</Point>
      <Point>ROM NDB</Point>
      <Point>MOR NDB</Point>
      <Point>PARRY</Point>
      <Point>ELENI</Point>
      <Point>GLENN</Point>
      <Point>MUPIK</Point>
      <Point>COLLY</Point>
      <Point>NUTPA</Point>
    </Label>
  </Map>
</Maps>