﻿<?xml version="1.0" encoding="utf-8"?>
<Maps>
  <Map Type="System" Name="OK_TCU" Priority="1" Center="-27.411389+151.735278">
    <!--YBOK-->
    <Runway Name="05/23">
      <Threshold Name="05" Position="-27.406086+151.730889" />
      <Threshold Name="23" Position="-27.401339+151.738456" />
    </Runway>
    <Runway Name="09/27">
      <Threshold Name="09" Position="-27.409100+151.724728" />
      <Threshold Name="27" Position="-27.410736+151.735592" />
    </Runway>
    <Runway Name="14/32">
      <Threshold Name="14" Position="-27.402669+151.737094" />
      <Threshold Name="32" Position="-27.414881+151.746639" />
    </Runway>
    <!--Airway Routes-->
    <Line>
      <!--W207-->
      SU VOR/
      SURPO
    </Line>
    <Line>
      <!--W207-->
      IVL NDB/
      OLRON/
      IVTET
    </Line>
    <Line>
      <!--W270-->
      DULIN/
      GERBL
    </Line>
    <Line>
      <!--W270-->
      UNVAT/
      OVENS
    </Line>
    <Line>
      <!--W279-->
      ENKOG/
      IMATI
    </Line>
    <Line>
      <!--W279-->
      BARTA/
      SGE NDB
    </Line>
    <Line>
      <!--W347-->
      ARM NDB/
      MASMI
    </Line>
    <Line>
      <!--W347-->
      SUSGI/
      GLA VOR
    </Line>
    <Line>
      <!--W356-->
      RIRSA/
      ALONE
    </Line>
    <Line>
      <!--W356-->
      DEBEE/
      IDNER
    </Line>
    <Line>
      <!--W369-->
      BN VOR/
      RUDEY
    </Line>
    <Line>
      <!--W369-->
      MATVI/
      SHIKO/
      ROM NDB
    </Line>
    <Line>
      <!--W572-->
      MOR NDB/
      OLRON
    </Line>
    <Line>
      <!--Y195-->
      PARRY/
      ELENI/
      DULIN/
      GLENN/
      BN VOR
    </Line>
    <Line>
      <!--Z418-->
      MUPIK/
      COLLY
    </Line>
  </Map>
  <Map Type="System2" Name="OK_VFR" Priority="1" Center="-27.411389+151.735278">
    <Symbol Type="HollowSquare">
      <Point>ACLD</Point>
      <Point>BSL</Point>
      <Point>BDTN</Point>
      <Point>BWV</Point>
      <Point>CCP</Point>
      <Point>CBYC</Point>
      <Point>CNT</Point>
      <Point>FNVL</Point>
      <Point>FMN</Point>
      <Point>GMBG</Point>
      <Point>GOW</Point>
      <Point>GNM</Point>
      <Point>HADEN</Point>
      <Point>HMN</Point>
      <Point>HED</Point>
      <Point>JDN</Point>
      <Point>KKN</Point>
      <Point>KGT</Point>
      <Point>LDLY</Point>
      <Point>LKON</Point>
      <Point>LVE</Point>
      <Point>LWD</Point>
      <Point>MTMA</Point>
      <Point>MTY</Point>
      <Point>MTWK</Point>
      <Point>MUNM</Point>
      <Point>MHY</Point>
      <Point>NRWN</Point>
      <Point>PCKD</Point>
      <Point>PWH</Point>
      <Point>PWDA</Point>
      <Point>QLW</Point>
      <Point>RSWD</Point>
      <Point>SMD</Point>
      <Point>TORN</Point>
      <Point>WCP</Point>
      <Point>WHDW</Point>
      <Point>WUTUL</Point>
      <Point>WYR</Point>
    </Symbol>
    <Label HasLeader="True">
      <Point>ACLD</Point>
      <Point>BSL</Point>
      <Point>BDTN</Point>
      <Point>BWV</Point>
      <Point>CCP</Point>
      <Point>CBYC</Point>
      <Point>CNT</Point>
      <Point>FNVL</Point>
      <Point>FMN</Point>
      <Point>GMBG</Point>
      <Point>GOW</Point>
      <Point>GNM</Point>
      <Point>HADEN</Point>
      <Point>HMN</Point>
      <Point>HED</Point>
      <Point>JDN</Point>
      <Point>KKN</Point>
      <Point>KGT</Point>
      <Point>LDLY</Point>
      <Point>LKON</Point>
      <Point>LVE</Point>
      <Point>LWD</Point>
      <Point>MTMA</Point>
      <Point>MTY</Point>
      <Point>MTWK</Point>
      <Point>MUNM</Point>
      <Point>MHY</Point>
      <Point>NRWN</Point>
      <Point>PCKD</Point>
      <Point>PWH</Point>
      <Point>PWDA</Point>
      <Point>QLW</Point>
      <Point>RSWD</Point>
      <Point>SMD</Point>
      <Point>TORN</Point>
      <Point>WCP</Point>
      <Point>WHDW</Point>
      <Point>WUTUL</Point>
      <Point>WYR</Point>
    </Label>
  </Map>
  <Map Type="System2" Name="OK_VFR_FULL_NAME" Priority="1" Center="-27.411389+151.735278">
    <Label HasLeader="True" LabelOrientation="SW">
      <Point Name="ACLAND">ACLD</Point>
      <Point Name="BARNES HILL">BSL</Point>
      <Point Name="BIDDESTON">BDTN</Point>
      <Point Name="BOWENVILLE">BWV</Point>
      <Point Name="CECIL PLAINS">CCP</Point>
      <Point Name="COOBY CREEK RESV">CBYC</Point>
      <Point Name="CROWS NEST">CNT</Point>
      <Point Name="FERNVALE">FNVL</Point>
      <Point Name="FORMARTIN">FMN</Point>
      <Point Name="GOOMBUNGEE">GMBG</Point>
      <Point Name="GOWRIE JUNCTION">GOW</Point>
      <Point Name="GREENMOUNT">GNM</Point>
      <Point Name="HADEN">HADEN</Point>
      <Point Name="HAMPTON">HMN</Point>
      <Point Name="HELIDON">HED</Point>
      <Point Name="JONDARYAN">JDN</Point>
      <Point Name="KAIMKILLENBUN">KKN</Point>
      <Point Name="KINGSTHORPE">KGT</Point>
      <Point Name="LAIDLEY">LDLY</Point>
      <Point Name="LAKE CLARENDON">LKON</Point>
      <Point Name="LINVILLE">LVE</Point>
      <Point Name="LOWOOD">LWD</Point>
      <Point Name="MOUNT MARIA">MTMA</Point>
      <Point Name="MOUNT TYSON">MTY</Point>
      <Point Name="MOUNT WALKER">MTWK</Point>
      <Point Name="MUNIGANEEN MT">MUNM</Point>
      <Point Name="MURPHY'S CREEK">MHY</Point>
      <Point Name="NORWIN">NRWN</Point>
      <Point Name="PERSEVERENCE CREEK DAM">PCKD</Point>
      <Point Name="PITTSWORTH">PWH</Point>
      <Point Name="PURRAWUNDA">PWDA</Point>
      <Point Name="QUINALOW">QLW</Point>
      <Point Name="ROSEWOOD">RSWD</Point>
      <Point Name="SOMERSET DAM">SMD</Point>
      <Point Name="THORNTON">TORN</Point>
      <Point Name="WELLCAMP DOWNS">WCP</Point>
      <Point Name="WIVENHOE DAM WALL">WHDW</Point>
      <Point Name="WUTUL">WUTUL</Point>
      <Point Name="WYREEMA">WYR</Point>
    </Label>
  </Map>
  <Map Type="System" Name="YBOK_ALLRWYS" Priority="2" Center="-27.411389+151.735278">
    <!--YBOK-->
    <Runway Name="05/23">
      <Threshold Name="05" Position="-27.406086+151.730889" ExtendedCentrelineTrack="234.89" ExtendedCentrelineLength="5" ExtendedCentrelineTickInterval="5" />
      <Threshold Name="23" Position="-27.401339+151.738456" ExtendedCentrelineTrack="54.9" ExtendedCentrelineLength="15" ExtendedCentrelineTickInterval="1" />
    </Runway>
    <!--YBOK-->
    <Runway Name="09/27">
      <Threshold Name="09" Position="-27.409100+151.724728" ExtendedCentrelineTrack="279.58" ExtendedCentrelineLength="5" ExtendedCentrelineTickInterval="5" />
      <Threshold Name="27" Position="-27.410736+151.735592" ExtendedCentrelineTrack="99.58" ExtendedCentrelineLength="5" ExtendedCentrelineTickInterval="5" />
    </Runway>
    <!--YBOK-->
    <Runway Name="14/32">
      <Threshold Name="14" Position="-27.402669+151.737094" ExtendedCentrelineTrack="325.1" ExtendedCentrelineLength="15" ExtendedCentrelineTickInterval="1" />
      <Threshold Name="32" Position="-27.414881+151.746639" ExtendedCentrelineTrack="145.1" ExtendedCentrelineLength="5" ExtendedCentrelineTickInterval="5" />
    </Runway>
  </Map>
</Maps>