﻿<?xml version="1.0" encoding="utf-8"?>
<AlertParameters>
  <ConflictAlerts>
    <STCA Name="TMA" LateralNM="2.1" SecondsLookahead="60" AlertPriority="1">
      <Vertical LowerLevel="0" UpperLevel="28000" Height="600" HeightWithRVSM="600"/>
      <Vertical LowerLevel="28001" UpperLevel="41000" Height="1600" HeightWithRVSM="600"/>
      <Vertical LowerLevel="41001" UpperLevel="99999" Height="1600" HeightWithRVSM="1600"/>
      <Volumes>ADA,BNA,CBA,BAG_NORTH,BAG_SOUTH,CSA,DNA,MLA,PHA,SYA,WLM_APP,HBA,LTA,MKA,RKA,TLA</Volumes>
	  <InhibitionAreas>
  		<InhibitionArea Name="YSSY" LowerLevel="0" UpperLevel="3000">
        -334244.4699+1510848.9368/
        -341033.458+1511605.0391/
        -341113.613+1511308.0493/
        -334321.3702+1510550.5188/
        -334244.4699+1510848.9368
  		</InhibitionArea>
      <InhibitionArea Name="YBBN" LowerLevel="0" UpperLevel="3000">
        -271012.7007+1531626.9019/
        -273657.3706+1530104.4897/
        -273521.7964+1525750.3613/
        -270844.4392+1531258.3814
      </InhibitionArea>
	  </InhibitionAreas>
    </STCA>
    <STCA Name="ENR" LateralNM="4.8" SecondsLookahead="90" AlertPriority="1">
      <Vertical LowerLevel="0" UpperLevel="28000" Height="600" HeightWithRVSM="600"/>
      <Vertical LowerLevel="28001" UpperLevel="41000" Height="1600" HeightWithRVSM="600"/>
      <Vertical LowerLevel="41001" UpperLevel="99999" Height="1600" HeightWithRVSM="1600"/>
      <Volumes>ARA,ARL,ASP,ASW,AUG,BAR,BIK,BIK_SY_TMA_CAP,BLA,BLA_CB_TMA_CAP,BKE,BUR,BUR_BN_TMA_CAP,COL,CRS,CVN,DOS,ELW,ELW_ML_TMA_CAP,ESP,FLD,GEL,INL,GTH,GVE,HWE,HYD,IND,INE,INS,ISA,JAR,KAT,KEN,KEN_CS_TMA_CAP,KIY,KPL,LEA,MDE,MEK,MLD,MUN,MTK,MZI,NEW,NFFF,NZCM,NZZO,OCN,OLW,OXL,PAR,PIY,PIY_PH_TMA_CAP,POT,SNO,STR,SDY,SDY_BN_TMA_CAP,SWY,HUO,HUO_TMA_CAP,TBD,TBD_TMA_CAP,TBP,TRT,TSN,WAR,WEG,WOL,WOL_CB_TMA_CAP,WON,WRA,YWE,GUN,GUN_CB_TMA_CAP,GOLD_COAST_A,GOLD_COAST_B,GOLD_COAST_C,GOLD_COAST_D,GOLD_COAST_E,GOLD_COAST_F,GRAFTON_E,NSA,NSA_BN_TMA_CAP,MNN,CNK</Volumes>
    </STCA>
    <MTCA Name="ENR" LateralNM="5.0" SecondsLookahead="300" AlertPriority="3">
      <Vertical LowerLevel="18000" UpperLevel="28000" Height="600" HeightWithRVSM="600"/>
      <Vertical LowerLevel="28001" UpperLevel="41000" Height="1600" HeightWithRVSM="600"/>
      <Vertical LowerLevel="41001" UpperLevel="99999" Height="1600" HeightWithRVSM="1600"/>
      <Volumes>ARA,ARL,ASP,ASW,AUG,BAR,BIK,BIK_SY_TMA_CAP,BLA,BLA_CB_TMA_CAP,BKE,BUR,BUR_BN_TMA_CAP,COL,CRS,CVN,DOS,ELW,ELW_ML_TMA_CAP,ESP,FLD,GEL,INL,GTH,GVE,HWE,HYD,IND,INE,INS,ISA,JAR,KAT,KEN,KEN_CS_TMA_CAP,KIY,KPL,LEA,MDE,MEK,MLD,MUN,MTK,MZI,NEW,NFFF,NZCM,NZZO,OCN,OLW,OXL,PAR,PIY,PIY_PH_TMA_CAP,POT,SNO,STR,SDY,SDY_BN_TMA_CAP,SWY,HUO,HUO_TMA_CAP,TBD,TBD_TMA_CAP,TBP,TRT,TSN,WAR,WEG,WOL,WOL_CB_TMA_CAP,WON,WRA,YWE,GUN,GUN_CB_TMA_CAP,GOLD_COAST_A,GOLD_COAST_B,GOLD_COAST_C,GOLD_COAST_D,GOLD_COAST_E,GOLD_COAST_F,GRAFTON_E,NSA,NSA_BN_TMA_CAP,MNN,CNK</Volumes>
    </MTCA>
  </ConflictAlerts>
  <EMG SSRCode="7700" AlertPriority="2"/>
  <RAD SSRCode="7600" AlertPriority="2"/>
  <RAM WaypointNodeRadius="14" CorridorWidth="14" AirportRadius="20" AlertPriority="3"/>
  <MPR SecondsAfterETO="180" AlertPriority="4"/>
  <ETO SecondsDifferentFromSystem="180" AlertPriority="4"/>
  <DAIW SecondsLookahead="60" AlertPriority="1" />
  <CLAM AltitudeDeviation="200" MinutesMaintaining="15" AlertPriority="3"/>
  <MSAW Height="600" SecondsLookahead="60" AlertPriority="1" />
</AlertParameters>