<?xml version="1.0" encoding="utf-8" ?>
<ATIS>
 <Frequencies>
    <Frequency Airport="YAMB" Frequency="123.3" />
    <Frequency Airport="YBAF" Frequency="120.9" />
    <Frequency Airport="YBAS" Frequency="123.0" />
    <Frequency Airport="YBBN" Frequency="125.5" />
    <Frequency Airport="YBCG" Frequency="134.5" />
    <Frequency Airport="YBCS" Frequency="131.1" />
    <Frequency Airport="YBHM" Frequency="128.35" />
    <Frequency Airport="YBMK" Frequency="128.0" />
    <Frequency Airport="YBOK" Frequency="124.3" />
    <Frequency Airport="YBRK" Frequency="128.5" />
    <Frequency Airport="YBRM" Frequency="128.2" />
    <Frequency Airport="YBSU" Frequency="119.8" />
    <Frequency Airport="YBTL" Frequency="133.5" />
    <Frequency Airport="YCFS" Frequency="130.3" />
    <Frequency Airport="YGIG" Frequency="134.5" />
    <Frequency Airport="YMAV" Frequency="118.2" />
    <Frequency Airport="YMAY" Frequency="133.85" />
    <Frequency Airport="YMEN" Frequency="119.8" />
    <Frequency Airport="YMES" Frequency="125.4" />
    <Frequency Airport="YMHB" Frequency="128.45" />
    <Frequency Airport="YMLT" Frequency="134.75" />
    <Frequency Airport="YMMB" Frequency="120.9" />
    <Frequency Airport="YMML" Frequency="118.0" />
    <Frequency Airport="YPAD" Frequency="134.5" />
    <Frequency Airport="YPDN" Frequency="128.25" />
    <Frequency Airport="YPEA" Frequency="136.4" />
    <Frequency Airport="YPED" Frequency="126.25" />
    <Frequency Airport="YPJT" Frequency="128.65" />
    <Frequency Airport="YPKA" Frequency="134.55" />
    <Frequency Airport="YPPF" Frequency="120.9" />
    <Frequency Airport="YPPH" Frequency="123.8" />
    <Frequency Airport="YPTN" Frequency="124.0" />
    <Frequency Airport="YSBK" Frequency="120.9" />
    <Frequency Airport="YSCB" Frequency="127.45" />
    <Frequency Airport="YSCN" Frequency="125.1" />
    <Frequency Airport="YSNW" Frequency="125.65" />
    <Frequency Airport="YSRI" Frequency="126.3" />
    <Frequency Airport="YSSY" Frequency="126.25" />
    <Frequency Airport="YSTW" Frequency="123.8" />
    <Frequency Airport="YWLM" Frequency="134.45" />
    <Frequency Airport="YBSG" Frequency="132.25" />
    <Frequency Airport="YCIN" Frequency="134.8" />
    <Frequency Airport="YPLM" Frequency="123.3" />
    <Frequency Airport="YPWR" Frequency="118.1" />
  </Frequencies>
  <Translations>
    <Translation String="AYGA" Spoken="Goroka" />
    <Translation String="AYMD" Spoken="Madang" />
    <Translation String="AYMH" Spoken="Mount Hagen" />
    <Translation String="AYNZ" Spoken="Nadzab" />
    <Translation String="AYPY" Spoken="Port Moresby" />
    <Translation String="AYTK" Spoken="Tokua" />
    <Translation String="AYWK" Spoken="Wewak" />
    <Translation String="NFFN" Spoken="Nandi" />
    <Translation String="NFNA" Spoken="Nausori" />
    <Translation String="NVVV" Spoken="Port Villa" />
    <Translation String="NWWM" Spoken="Magenta" />
    <Translation String="NWWW" Spoken="Ton-Two-Ta" />
    <Translation String="PKWA" Spoken="Bucholz" />
    <Translation String="YAMB" Spoken="Amberley" />
    <Translation String="YBAF" Spoken="Archer" />
    <Translation String="YBAS" Spoken="Alice" />
    <Translation String="YBBN" Spoken="Brisbane" />
    <Translation String="YBCG" Spoken="Gold Coast" />
    <Translation String="YBCS" Spoken="Cairns" />
    <Translation String="YBHM" Spoken="Hamilton Island" />
    <Translation String="YBMK" Spoken="Mackay" />
    <Translation String="YBOK" Spoken="Oakey" />
    <Translation String="YBRK" Spoken="Rocky" />
    <Translation String="YBRM" Spoken="Broome" />
    <Translation String="YBSG" Spoken="Scherger" />
    <Translation String="YBSU" Spoken="Sunshine Coast" />
    <Translation String="YBTL" Spoken="Townsville" />
    <Translation String="YCFS" Spoken="Coffs Harbour" />
    <Translation String="YCIN" Spoken="Curtin" />
    <Translation String="YGIG" Spoken="GinGin" />
    <Translation String="YMAV" Spoken="Avalon" />
    <Translation String="YMAY" Spoken="Albury" />
    <Translation String="YMEN" Spoken="Essendon" />
    <Translation String="YMES" Spoken="East Sale" />
    <Translation String="YMHB" Spoken="Hobart" />
    <Translation String="YMLT" Spoken="Launy" />
    <Translation String="YMMB" Spoken="Moorabbin" />
    <Translation String="YMML" Spoken="Melbourne" />
    <Translation String="YPAD" Spoken="Adelaide" />
    <Translation String="YPDN" Spoken="Darwin" />
    <Translation String="YPEA" Spoken="Pearce" />
    <Translation String="YPED" Spoken="Edinburgh" />
    <Translation String="YPJT" Spoken="Jandakot" />
    <Translation String="YPKA" Spoken="Karratha" />
    <Translation String="YPPF" Spoken="Parafield" />
    <Translation String="YPPH" Spoken="Perth" />
    <Translation String="YPLM" Spoken="Learmonth" />
    <Translation String="YPTN" Spoken="Tindal" />
    <Translation String="YPWR" Spoken="Woomera" />
    <Translation String="YSBK" Spoken="Bankstown" />
    <Translation String="YSCB" Spoken="Canberra" />
    <Translation String="YSCN" Spoken="Camden" />
    <Translation String="YSNW" Spoken="Nowra" />
    <Translation String="YSRI" Spoken="Richmond" />
    <Translation String="YSSY" Spoken="Sydney" />
    <Translation String="YSTW" Spoken="Tamworth" />
    <Translation String="YWLM" Spoken="Willy" />
    <Translation String="YMMM" Spoken="Melbourne" />
    <Translation String="YBBB" Spoken="Brisbane" />
    <Translation String="ML" Spoken="Melbourne" />
    <Translation String="BN" Spoken="Brisbane" />
    <Translation String="ATIS" Spoken="terminal information" />
    <Translation String="A" Spoken="alpha" />
    <Translation String="B" Spoken="bravo" />
    <Translation String="C" Spoken="charlie" />
    <Translation String="D" Spoken="delta" />
    <Translation String="E" Spoken="echo" />
    <Translation String="F" Spoken="foxtrot" />
    <Translation String="G" Spoken="golf" />
    <Translation String="H" Spoken="hotel" />
    <Translation String="I" Spoken="india" />
    <Translation String="J" Spoken="juliet" />
    <Translation String="K" Spoken="kilo" />
    <Translation String="L" Spoken="lima" />
    <Translation String="M" Spoken="mike" />
    <Translation String="N" Spoken="november" />
    <Translation String="O" Spoken="oscar" />
    <Translation String="P" Spoken="papa" />
    <Translation String="Q" Spoken="quebec" />
    <Translation String="R" Spoken="romeo" />
    <Translation String="S" Spoken="sierra" />
    <Translation String="T" Spoken="tango" />
    <Translation String="U" Spoken="uniform" />
    <Translation String="V" Spoken="victor" />
    <Translation String="W" Spoken="whiskey" />
    <Translation String="X" Spoken="x-ray" />
    <Translation String="Y" Spoken="yankee" />
    <Translation String="Z" Spoken="zulu" />

    <Translation String="3" Spoken="tree" />
    <Translation String="5" Spoken="fife" />
    <Translation String="9" Spoken="niner" />

    <Translation String="APCH" Spoken="approach" />
    <Translation String="INST" Spoken="instrument" />
    <Translation String="INSTR" Spoken="instrument" />
    <Translation String="ILS" Spoken="I L S" />
    <Translation String="NDB" Spoken="N D B" />
    <Translation String="VOR" Spoken="V O R" />
    <Translation String="GLS" Spoken="G L S" />
    <Translation String="DME" Spoken="D M E" />
    <Translation String="RNP" Spoken="R N P" />
    <Translation String="RNAV" Spoken="ɑ&#x02D0;næv&#x02D0;" Alphabet="IPA" FallbackSpoken="are-navv" />
    <Translation String="OPR" Spoken="operational" />
    <Translation String="EXP" Spoken="expect" />
    <Translation String="EIA" Spoken="expect instrument approach" />
    <Translation String="HIRL" Spoken="high intensity runway lighting" />
    <Translation String="HIAL" Spoken="high intensity approach lighting" />
    <Translation String="OPS" Spoken="operations" />
    <Translation String="PROG" Spoken="progress" />
    <Translation String="INDEP" Spoken="independent" />
    <Translation String="AVBL" Spoken="available" />
    <Translation String="REQ" Spoken="request" />  
    <Translation String="REQD" Spoken="required" />  
    <Translation String="LAHSO" Spoken="land and hold short operations" />
    <Translation String="FM" Spoken="from" />
    <Translation String="THRU" Spoken="through" />
    <Translation String="CEN" Spoken="centre" />
    <Translation String="GND" Spoken="ground" />
    <Translation String="CL" Spoken="centre line" />
    <Translation String="PARL" Spoken="parallel" />
    <Translation String="ABV" Spoken="above" />
    <Translation String="BLW" Spoken="below" />
    <Translation String="BTN" Spoken="between" />
    <Translation String="DLA" Spoken="delay" />
    <Translation String="DLAS" Spoken="delays" />
    <Translation String="TWY" Spoken="taxiway" />
    <Translation String="TWYS" Spoken="taxiways" />
    <Translation String="FREQ" Spoken="frequency" />
    <Translation String="ARR" Spoken="arrivals" />
    <Translation String="ARRS" Spoken="arrivals" />
    <Translation String="APPS" Spoken="approaches" />
    <Translation String="DEP" Spoken="departures" />
    <Translation String="DEPS" Spoken="departures" />
    <Translation String="ACFT" Spoken="aircraft" />
    <Translation String="CTC" Spoken="contact" />
    <Translation String="CCT" Spoken="circuit" />
    <Translation String="CCTS" Spoken="circuits" />
    <Translation String="TURB" Spoken="turbulence" />
    <Translation String="MOD" Spoken="moderate" />
    <Translation String="SEV" Spoken="severe" />
    <Translation String="LGT" Spoken="light" />
    <Translation String="OTLED" Spoken="OTLEDD" />
    <Translation String="DEG" Spoken="degrees" />
    <Translation String="NAVBL" Spoken="not available" /> 
    <Translation String="SIMUL" Spoken="simultaneous" />
    <Translation String="OPP" Spoken="opposite" />
    <Translation String="DIR" Spoken="direction" />
    <Translation String="RECIP" Spoken="reciprocal" />
    <Translation String="APRV" Spoken="approval" />
    <Translation String="NE" Spoken="north east" />
    <Translation String="PDC" Spoken="pre departute clearance" />
    <Translation String="TIL" Spoken="until" />
    <Translation String="TFC" Spoken="traffic" />
    <Translation String="HLDG" Spoken="holding" />
    <Translation String="MINS" Spoken="minutes" />
    <Translation String="TRL" Spoken="transition level" />
	  <Translation String="WOL" Spoken="wollongong" />
	  <Translation String="SOLUS" Spoken="sohluss" />
	  <Translation String="MNG" Spoken="mangalore" />
	  <Translation String="BOGES" Spoken="bogezz" />
	  <Translation String="NONIX" Spoken="nonnix" />
	  <Translation String="OCNL" Spoken="occasional" />
	  <Translation String="LEN" Spoken="length" />
	  <Translation String="THR" Spoken="threshold" />
	  <Translation String="NML" Spoken="normal" />
	  <Translation String="LDA" Spoken="landing distance available" />
	  <Translation String="TORA" Spoken="takeoff runway available" />
	  <Translation String="TODA" Spoken="takeoff distance available" />
	  <Translation String="DISP" Spoken="displaced" />
	  <Translation String="RESTR" Spoken="restrictions" />
	  <Translation String="ADDN" Spoken="additional" />
	  <Translation String="NM" Spoken="nautical miles" />
	  <Translation String="POSS" Spoken="possible" />
	  <Translation String="REP" Spoken="reported" />
	  <Translation String="OBS" Spoken="observed" />
	  <Translation String="WS" Spoken="wind shear" />
	  <Translation String="WRNG" Spoken="warning" />
	  <Translation String="PROCS" Spoken="procedures" />
	  <Translation String="RQ" Spoken="required" />
	  <Translation String="FAC" Spoken="facility" />
	  <Translation String="MN" Spoken="mean" />
	  <Translation String="KT" Spoken="knots" />
	  <Translation String="CAT" Spoken="category" />
	  <Translation String="VRBL" Spoken="variable" />
	  <Translation String="FCST" Spoken="forecast" />
	  <Translation String="AD" Spoken="aerodrome" />
	  <Translation String="MX" Spoken="maxiumum" />
    <Translation String="CLSD" Spoken="closed" />
	  <Translation String="LV" Spoken="light and variable" />
	  <Translation String="SWS" Spoken="soft wet surface" />
	  <Translation String="CTAF" Spoken="seetaf" />
	  <Translation String="PAL" Spoken="pal" />
	  <Translation String="AWIS" Spoken="aywiss" />
	  <Translation String="AFRU" Spoken="aerodrome frequency response unit" />
	  <Translation String="AIP" Spoken="a i p" />
	  <Translation String="ERSA" Spoken="ersa" />
	  <Translation String="LT" Spoken="light" />
	  <Translation String="COND" Spoken="condition" />
	  <Translation String="SFC" Spoken="surface" />
	  <Translation String="GP" Spoken="glide path" />
	  <Translation String="MBZ" Spoken="mandatory broadcast zone" />
	  <Translation String="PAPI" Spoken="papi" />
	  <Translation String="GT 10KM" Spoken="greater than one zero kilometres" />
	  <Translation String="GREATER THAN 10 KM" Spoken="greater than one zero kilometres" />
	  <Translation String="9999" Spoken="greater than one zero kilometres" />
	  <Translation String="B707" Spoken="boeing seven zero seven" />
	  <Translation String="B717" Spoken="boeing seven one seven" />
	  <Translation String="B727" Spoken="boeing seven two seven" />
	  <Translation String="B737" Spoken="boeing seven three seven" />
	  <Translation String="B747" Spoken="boeing seven four seven" />
	  <Translation String="B757" Spoken="boeing seven five seven" />
	  <Translation String="B767" Spoken="boeing seven six seven" />
	  <Translation String="B777" Spoken="boeing seven seven seven" />
	  <Translation String="B787" Spoken="boeing seven eight seven" />
	  <Translation String="A300" Spoken="airbus three hundred" />
	  <Translation String="A310" Spoken="airbus three ten" />
	  <Translation String="A320" Spoken="airbus three twenty" />
	  <Translation String="A330" Spoken="airbus three thirty" />
	  <Translation String="A340" Spoken="airbus three fourty" />
	  <Translation String="A350" Spoken="airbus three fifty" />
	  <Translation String="A380" Spoken="airbus three eighty" />
	  <Translation String="DH8A" Spoken="dash eight" />
	  <Translation String="DH8B" Spoken="dash eight" />
	  <Translation String="DH8C" Spoken="dash eight" />
	  <Translation String="DH8D" Spoken="dash eight" />
	  <Translation String="SF34" Spoken="sahb three four zero" />

    <Translation String="AWY" Spoken="airway" />
    <Translation String="CLR" Spoken="clearance" />

    <Translation String="RWY" Spoken="runway" />
    <Translation String="RWYS" Spoken="runways" />
	
    <!--Changes xxx.xxx to xxx decimal xxx for frequencies -->
    <Translation Regex="(\d{3})\.(\d{1,3})" Spoken="$1 decimal $2" />
	
    <!--Changes L to Left when it is associated with a two digit runway identifier-->
    <Translation Regex="([012]\d|[3][0123456])L AND R" Spoken="$1 left and right" />
    <Translation Regex="([012]\d|[3][0123456])L AND C" Spoken="$1 left and centre" />
    <Translation Regex="([012]\d|[3][0123456])C AND R" Spoken="$1 centre and right" />
    <Translation Regex="([012]\d|[3][0123456])L" Spoken="$1 left" />
    <Translation Regex="([012]\d|[3][0123456])R" Spoken="$1 right" />
    <Translation Regex="([012]\d|[3][0123456])C" Spoken="$1 centre" />

    <Translation String="WIND" Spoken="wind:" />
    <!--This regex will change xxx/yyy to xxx degrees, yyy knots-->
    <Translation Regex="(\d{3})\/(\d{1,3})" Spoken="$1 degrees, $2 knots" />
    <Translation Regex="(\d{3})\/(\d{1,3})-(\d{1,3})" Spoken="$1 degrees, minimum $2 knots, maximum $3 knots" />
    <Translation Regex="(\d{3})-(\d{3})\/(\d{1,3})" Spoken="varying $1 degrees to $2 degrees, $3 knots" />
    <Translation Regex="(\d{3})-(\d{3})\/(\d{1,3})-(\d{1,3})" Spoken="varying $1 degrees to $2 degrees, minimum $3 knots, maximum $4 knots" />
    <Translation String="MAX" Spoken="maximum" />
    <Translation String="MIN" Spoken="minimum" />
    <Translation String="XW" Spoken="crosswind" />
    <Translation String="TW" Spoken="tailwind" />
    <!--This regex will change xxxKTS to xxx knots-->
    <Translation Regex="(\d{1,3})KTS" Spoken="$1 knots" />
    <Translation String="KTS" Spoken="knots" />
    <Translation String="VRB" Spoken="variable" />
    <Translation String="CLD" Spoken="cloud" />
	  
    <!--Changes cloud to abbreviation and altitude * 100 without leading zeros-->
    <Translation Regex="(FEW|SCT|BKN|OVC)[0]{0,2}(\d+)" Spoken="$1 ${2}00 feet" />
    <Translation String="FT" Spoken="feet" />
    <Translation String="FEW" Spoken="few" />
    <Translation String="SCT" Spoken="scattered" />
    <Translation String="BKN" Spoken="broken" />
    <Translation String="OVC" Spoken="overcast" />
    <Translation String="VIS" Spoken="visibility" />
    <Translation String="RED" Spoken="reduced" />
    <Translation Regex="[0]{0,3}(\d+)M" Spoken="$1 meters" />
    <Translation String="10KM" Spoken="1 0 kilometres" />
    <Translation Regex="[0]{0,1}(\d+)KM" Spoken="$1 kilometres" />
    <Translation String="RVR" Spoken="runway visual range" />
    <Translation String="GT" Spoken="greater than" />
    <Translation String="CAVOK" Spoken="ˈkævˈoʊˈkeɪ" Alphabet="IPA" FallbackSpoken="kuv-okay"/>
    <Translation String="NSC" Spoken="nil significant cloud" />
    <Translation Regex="\+([A-Z]+)" Spoken="heavy $1" />
    <Translation Regex="\-([A-Z]+)" Spoken="light $1" />
    <Translation Regex="RE(SH|SHRA|DZ|GR|SN|SG|DU|SA|SS|DS|FG|RA|GS|FU|BR|HZ|PO|SQ|FC|VA|IC|PL|VCSH|SIA|TS|VCTS|TSRA|TSRAGS|TCU)" Spoken="recent $1" />
    <Translation String="MI" Spoken="shallow" />
    <Translation String="BC" Spoken="patches" />
    <Translation String="PR" Spoken="partial" />
    <Translation String="DR" Spoken="drifting" />
    <Translation String="BL" Spoken="blowing" />
    <Translation String="SH" Spoken="showers" />
    <Translation String="FZ" Spoken="freezing" />
    <Translation String="SHRA" Spoken="showers of rain" />
    <Translation String="DZ" Spoken="drizzle" />
    <Translation String="GR" Spoken="hail" />
    <Translation String="SN" Spoken="snow" />
    <Translation String="SG" Spoken="snow grains" />
    <Translation String="DU" Spoken="dust" />
    <Translation String="SA" Spoken="sand" />
    <Translation String="SS" Spoken="sandstorm" />
    <Translation String="DS" Spoken="duststorm" />
    <Translation String="FG" Spoken="fog" />
    <Translation String="RA" Spoken="rain" />
    <Translation String="GS" Spoken="small hail pellets" />
    <Translation String="FU" Spoken="smoke" />
    <Translation String="BR" Spoken="mist" />
    <Translation String="HZ" Spoken="haze" />
    <Translation String="PO" Spoken="dust devil" />
    <Translation String="SQ" Spoken="squall" />
    <Translation String="FC" Spoken="funnel cloud" />
    <Translation String="VA" Spoken="volcanic ash" />
    <Translation String="VC" Spoken="vicinity" />
    <Translation String="IC" Spoken="ice crystals" />
    <Translation String="PL" Spoken="ice pellets" />
    <Translation String="VCSH" Spoken="showers in area" />
    <Translation String="SIA" Spoken="showers in area" />
    <Translation String="TS" Spoken="thunderstorm" />
    <Translation String="VCTS" Spoken="thunderstorms in area" />
    <Translation String="TSRA" Spoken="thunderstorms and rain" />
    <Translation String="TSRAGS" Spoken="thunderstorms and rain with hail" />
    <Translation String="TCU" Spoken="towering cumulus" />
    <Translation String="TMP" Spoken="temperature" />
    <Translation String="QNH" Spoken="Q-N-H" />
    <Translation String="SIGMET" Spoken="sɪɢɱɛt" Alphabet="IPA" FallbackSpoken="sygmet" />
  </Translations>
  <Editor>
    <Input name="APCH" NameIsSpoken="false" InputType="Edit" />
    <Input name="RWY" NameIsSpoken="true" InputType="Edit" />
    <Input name="SFC COND" NameIsSpoken="false" InputType="Edit" />
    <Input name="OPR INFO" NameIsSpoken="false" InputType="Edit" />
    <Input name="WIND" NameIsSpoken="true" InputType="Edit" />
    <Input name="VIS" NameIsSpoken="true" InputType="Edit" NumbersSpokenGrouped="true" />
    <Input name="WX" NameIsSpoken="false" InputType="Edit" />
    <Input name="CLD" NameIsSpoken="true" InputType="Edit" NumbersSpokenGrouped="true" />
    <Input name="TMP" NameIsSpoken="true" InputType="Edit" />
    <Input name="QNH" NameIsSpoken="true" InputType="Edit" />
    <Input name="SIGWX" NameIsSpoken="false" InputType="Edit" NumbersSpokenGrouped="true" />
    <Input name="OFCW_NOTIFY" value="ground or approach" InputType="Edit" />
  </Editor>
</ATIS>
