<?xml version="1.0" encoding="utf-8" ?>
<Profile Name="Australia" FullName="Eurocat Australia (YMMM/YBBB)">
	<Version AIRAC="2504" Revision="a" PublishDate="20250425" UpdateURL="https://vatsys.sawbe.com/downloads/data/Australia" />
	<Servers>
		<VATSIMStatus url="https://status.vatsim.net/" />
		<GRIB url="https://sawbe.com/GRIB/" />
		<G2G url="antifaff.vatsys.sawbe.com" port="64738" />
		<SweatBox url="sweatbox01-training.vatpac.org" />
		<SweatBox2 url="sweatbox02-training.vatpac.org" />
	</Servers>	
</Profile>
