<?xml version="1.0" encoding="utf-8"?>
<Sectors xmlns:xsd="http://www.w3.org/2001/XMLSchema" xmlns:xsi="http://www.w3.org/2001/XMLSchema-instance">
  <Sector FullName="Alice Springs" Frequency="128.850" Callsign="ML-ASP_CTR" Name="ASP">
    <Volumes>ASP</Volumes>
    <ResponsibleSectors>FOR,WAR,ASW,WRA,BKE,ESP</ResponsibleSectors>
  </Sector>
  <Sector FullName="Alice Springs West" Frequency="131.800" Callsign="ML-ASW_CTR" Name="ASW">
    <Volumes>ASW</Volumes>
  </Sector>
  <Sector FullName="Arafura" Frequency="133.700" Callsign="BN-ARA_CTR" Name="ARA">
    <Volumes>ARA</Volumes>
  </Sector>
  <Sector FullName="Armidale" Frequency="130.900" Callsign="BN-ARL_CTR" Name="ARL">
    <Volumes>ARL</Volumes>
    <ResponsibleSectors>MDE,MLD,OCN,MNN,CNK</ResponsibleSectors>
  </Sector>
  <Sector FullName="Ashmore" Frequency="133.400" Callsign="BN-ASH_CTR" Name="ASH">
    <Volumes>ASH</Volumes>
  </Sector>
  <Sector FullName="Augusta" Frequency="127.050" Callsign="ML-AUG_CTR" Name="AUG">
    <Volumes>AUG</Volumes>
  </Sector>
  <Sector FullName="Barra" Frequency="123.800" Callsign="BN-BAR_CTR" Name="BAR">
    <Volumes>BAR</Volumes>
  </Sector>
  <Sector FullName="Benalla" Frequency="132.200" Callsign="ML-BLA_CTR" Name="BLA">
    <Volumes>BLA,BLA_CB_TMA_CAP</Volumes>
    <ResponsibleSectors>ELW,MAE,MAV</ResponsibleSectors>
  </Sector>
  <Sector FullName="Bindook" Frequency="129.800" Callsign="ML-BIK_CTR" Name="BIK">
    <Volumes>BIK,BIK_SY_TMA_CAP</Volumes>
  </Sector>
  <Sector FullName="Bourke" Frequency="128.200" Callsign="ML-BKE_CTR" Name="BKE">
    <Volumes>BKE</Volumes>
  </Sector>
  <Sector FullName="Burnett" Frequency="123.000" Callsign="BN-BUR_CTR" Name="BUR">
    <Volumes>BUR,BUR_BN_TMA_CAP</Volumes>
  </Sector>
  <Sector FullName="Carnarvon" Frequency="133.800" Callsign="BN-CVN_CTR" Name="CVN">
    <Volumes>CVN</Volumes>
  </Sector>
  <Sector FullName="Cessnock" Frequency="123.400" Callsign="BN-CNK_CTR" Name="CNK">
    <Volumes>CNK</Volumes>
  </Sector>
  <Sector FullName="Colombo" Frequency="124.900" Callsign="VCCF_CTR" Name="VCCF" DisplayInSectorsWindow="False">
    <Volumes>VCCF</Volumes>
  </Sector>
  <Sector FullName="Colombo Training" Frequency="124.900" Callsign="VCCF_T_CTR" Name="VCCFT" DisplayInSectorsWindow="False">
    <Volumes>VCCF</Volumes>
  </Sector>
  <Sector FullName="Cross" Frequency="135.800" Callsign="ML-CRS_CTR" Name="CRS">
    <Volumes>CRS</Volumes>
  </Sector>
  <Sector FullName="Downs" Frequency="135.600" Callsign="BN-DOS_CTR" Name="DOS">
    <Volumes>DOS</Volumes>
  </Sector>
  <Sector FullName="Eildon Weir" Frequency="123.750" Callsign="ML-ELW_CTR" Name="ELW">
    <Volumes>ELW,ELW_ML_TMA_CAP</Volumes>
    <ResponsibleSectors>MAE</ResponsibleSectors>
  </Sector>
  <Sector FullName="Esperance" Frequency="123.950" Callsign="ML-ESP_CTR" Name="ESP">
    <Volumes>ESP</Volumes>
  </Sector>
  <Sector FullName="Forrest" Frequency="132.700" Callsign="ML-FOR_CTR" Name="FOR">
    <Volumes>FOR</Volumes>
  </Sector>
  <Sector FullName="Geraldton" Frequency="134.200" Callsign="ML-GEL_CTR" Name="GEL">
    <Volumes>GEL</Volumes>
  </Sector>
  <Sector FullName="Gold Coast" Frequency="130.400" Callsign="BN-GOL_CTR" Name="GOL">
    <Volumes>GOLD_COAST_A,GOLD_COAST_B,GOLD_COAST_C,GOLD_COAST_D,GOLD_COAST_E,GOLD_COAST_F,GRAFTON_E</Volumes>
  </Sector>
  <Sector FullName="Griffith" Frequency="122.750" Callsign="ML-GTH_CTR" Name="GTH">
    <Volumes>GTH</Volumes>
  </Sector>
  <Sector FullName="Grove" Frequency="133.800" Callsign="ML-GVE_CTR" Name="GVE">
    <Volumes>GVE</Volumes>
  </Sector>
  <Sector FullName="Gundagai" Frequency="128.400" Callsign="ML-GUN_CTR" Name="GUN">
    <Volumes>GUN,GUN_CB_TMA_CAP</Volumes>
    <ResponsibleSectors>KAT,BIK,SAS</ResponsibleSectors>
  </Sector>
  <Sector FullName="Howe" Frequency="124.950" Callsign="BN-HWE_CTR" Name="HWE">
    <Volumes>HWE</Volumes>
  </Sector>
  <Sector FullName="Huon" Frequency="122.600" Callsign="ML-HUO_CTR" Name="HUO">
    <Volumes>HUO,HUO_TMA_CAP</Volumes>
    <ResponsibleSectors>WON,HBA,LTA</ResponsibleSectors>
  </Sector>
  <Sector FullName="Hyden" Frequency="118.200" Callsign="ML-HYD_CTR" Name="HYD">
    <Volumes>HYD</Volumes>
    <ResponsibleSectors>JAR,HYD,PIY,CRS,GVE,GEL,LEA,PHA</ResponsibleSectors>
  </Sector>
  <Sector FullName="Inverell" Frequency="134.200" Callsign="BN-INL_CTR" Name="INL">
    <Volumes>INL</Volumes>
    <ResponsibleSectors>DOS,SDY,BUR,GOL,NSA</ResponsibleSectors>
  </Sector>
  <Sector FullName="Isa" Frequency="125.700" Callsign="BN-ISA_CTR" Name="ISA">
    <Volumes>ISA</Volumes>
    <ResponsibleSectors>WEG,ARA,STR</ResponsibleSectors>
  </Sector>
  <Sector FullName="Jakarta Control" Frequency="132.300" Callsign="WIIF_CTR" Name="WIIF" DisplayInSectorsWindow="False">
    <Volumes>WIIF</Volumes>
  </Sector>
  <Sector FullName="Jakarta Control" Frequency="120.900" Callsign="WIIF_E_CTR" Name="WIIFE" DisplayInSectorsWindow="False">
    <Volumes>WIIF-E</Volumes>
  </Sector>
  <Sector FullName="Jakarta Control" Frequency="135.900" Callsign="WIIF_W_CTR" Name="WIIFW" DisplayInSectorsWindow="False">
    <Volumes>WIIF-W</Volumes>
  </Sector>
  <Sector FullName="Jakarta Control Training" Frequency="132.300" Callsign="WIIF_T_CTR" Name="WIIFT" DisplayInSectorsWindow="False">
    <Volumes>WIIF</Volumes>
  </Sector>
  <Sector FullName="Jarrah" Frequency="120.300" Callsign="ML-JAR_CTR" Name="JAR">
    <Volumes>JAR</Volumes>
  </Sector>
  <Sector FullName="Katoomba" Frequency="133.500" Callsign="ML-KAT_CTR" Name="KAT">
    <Volumes>KAT</Volumes>
  </Sector>
  <Sector FullName="Kennedy" Frequency="120.150" Callsign="BN-KEN_CTR" Name="KEN">
    <Volumes>KEN,KEN_CS_TMA_CAP</Volumes>
    <ResponsibleSectors>BAR,TBP,WIL,CS1</ResponsibleSectors>
  </Sector>
  <Sector FullName="Keppel" Frequency="125.900" Callsign="BN-KPL_CTR" Name="KPL">
    <Volumes>KPL</Volumes>
    <ResponsibleSectors>CVN,SWY,RKA,MKA</ResponsibleSectors>
  </Sector>
  <Sector FullName="Kimberley" Frequency="132.100" Callsign="BN-KIY_CTR" Name="KIY">
    <Volumes>KIY</Volumes>
  </Sector>
  <Sector FullName="Leeman" Frequency="122.400" Callsign="ML-LEA_CTR" Name="LEA">
    <Volumes>LEA</Volumes>
  </Sector>
  <Sector FullName="Maitland" Frequency="132.350" Callsign="BN-MLD_CTR" Name="MLD">
    <Volumes>MLD</Volumes>
  </Sector>
  <Sector FullName="Male" Frequency="123.900" Callsign="VRMF_CTR" Name="VRMF" DisplayInSectorsWindow="False">
    <Volumes>VRMF</Volumes>
  </Sector>
  <Sector FullName="Manning" Frequency="130.100" Callsign="BN-MNN_CTR" Name="MNN">
    <Volumes>MNN</Volumes>
    <ResponsibleSectors>MLD</ResponsibleSectors>
  </Sector>
  <Sector FullName="Mauritius" Frequency="129.300" Callsign="FIMM_CTR" Name="FIMM" DisplayInSectorsWindow="False">
    <Volumes>FIMM</Volumes>
  </Sector>
  <Sector FullName="Meekatharra" Frequency="132.000" Callsign="ML-MEK_CTR" Name="MEK">
    <Volumes>MEK</Volumes>
  </Sector>
  <Sector FullName="Menzies" Frequency="134.300" Callsign="ML-MZI_CTR" Name="MZI">
    <Volumes>MZI</Volumes>
  </Sector>
  <Sector FullName="Moresby Centre" Frequency="123.400" Callsign="AYPM_CTR" Name="AYPM" DisplayInSectorsWindow="False">
    <Volumes>AYPM</Volumes>
  </Sector>
  <Sector FullName="Mount" Frequency="133.700" Callsign="ML-MTK_CTR" Name="MTK">
    <Volumes>MTK</Volumes>
  </Sector>
  <Sector FullName="Mudgee" Frequency="133.000" Callsign="BN-MDE_CTR" Name="MDE">
    <Volumes>MDE</Volumes>
  </Sector>
  <Sector FullName="Mungo" Frequency="132.600" Callsign="ML-MUN_CTR" Name="MUN">
    <Volumes>MUN</Volumes>
    <ResponsibleSectors>YWE,OXL,GTH</ResponsibleSectors>
  </Sector>
  <Sector FullName="Nadi Centre" Frequency="120.900" Callsign="NFFN_CTR" Name="NFFN" />
  <Sector FullName="Newman" Frequency="125.400" Callsign="ML-NEW_CTR" Name="NEW">
    <Volumes>NEW</Volumes>
  </Sector>
  <Sector FullName="Noosa" Frequency="124.100" Callsign="BN-NSA_CTR" Name="NSA">
    <Volumes>NSA,NSA_BN_TMA_CAP</Volumes>
    <ResponsibleSectors>BAN</ResponsibleSectors>
  </Sector>
  <Sector FullName="Ocean" Frequency="128.600" Callsign="BN-OCN_CTR" Name="OCN">
    <Volumes>OCN</Volumes>
  </Sector>
  <Sector FullName="Onslow" Frequency="134.000" Callsign="ML-OLW_CTR" Name="OLW">
    <Volumes>OLW</Volumes>
    <ResponsibleSectors>POT,PAR,MEK,MTK,NEW,MZI</ResponsibleSectors>
  </Sector>
  <Sector FullName="Oxley" Frequency="128.500" Callsign="ML-OXL_CTR" Name="OXL">
    <Volumes>OXL</Volumes>
  </Sector>
  <Sector FullName="Paraburdoo" Frequency="133.500" Callsign="ML-PAR_CTR" Name="PAR">
    <Volumes>PAR</Volumes>
  </Sector>
  <Sector FullName="Pingelly" Frequency="133.900" Callsign="ML-PIY_CTR" Name="PIY">
    <Volumes>PIY,PIY_PH_TMA_CAP</Volumes>
  </Sector>
  <Sector FullName="Port" Frequency="127.000" Callsign="ML-POT_CTR" Name="POT">
    <Volumes>POT</Volumes>
  </Sector>
  <Sector FullName="Port Vila Centre" Frequency="120.700" Callsign="NVVV_CTR" Name="NVVV" DisplayInSectorsWindow="False">
    <Volumes>NVVV</Volumes>
  </Sector>
  <Sector FullName="Snowy" Frequency="120.750" Callsign="ML-SNO_CTR" Name="SNO">
    <Volumes>SNO</Volumes>
  </Sector>
  <Sector FullName="Straddy" Frequency="134.300" Callsign="BN-SDY_CTR" Name="SDY">
    <Volumes>SDY,SDY_BN_TMA_CAP</Volumes>
  </Sector>
  <Sector FullName="Sturt" Frequency="134.400" Callsign="BN-STR_CTR" Name="STR">
    <Volumes>STR</Volumes>
  </Sector>
  <Sector FullName="Swampy" Frequency="133.200" Callsign="BN-SWY_CTR" Name="SWY">
    <Volumes>SWY</Volumes>
  </Sector>
  <Sector FullName="Tabletop" Frequency="120.550" Callsign="BN-TBP_CTR" Name="TBP">
    <Volumes>TBP,TBPTMA</Volumes>
  </Sector>
  <Sector FullName="Tailem Bend" Frequency="123.050" Callsign="ML-TBD_CTR" Name="TBD">
    <Volumes>TBD,TBD_TMA_CAP</Volumes>
    <ResponsibleSectors>AUG,AAW</ResponsibleSectors>
  </Sector>
  <Sector FullName="Territory North" Frequency="123.850" Callsign="BN-TRT_CTR" Name="TRT">
    <Volumes>TRT,TRTTMA</Volumes>
    <ResponsibleSectors>KIY,DAE,ASH,TRS</ResponsibleSectors>
  </Sector>
  <Sector FullName="Territory South" Frequency="133.200" Callsign="BN-TRS_CTR" Name="TRS">
    <Volumes>TRS</Volumes>
  </Sector>
  <Sector FullName="Tontouta Centre" Frequency="128.200" Callsign="NWWW_CTR" Name="NWWW" DisplayInSectorsWindow="False">
    <Volumes>NWWW</Volumes>
  </Sector>
  <Sector FullName="Ujung Pandang Control" Frequency="128.100" Callsign="WAAF_CTR" Name="WAAF" DisplayInSectorsWindow="False">
    <Volumes>WAAF</Volumes>
  </Sector>
  <Sector FullName="Ujung Pandang Control" Frequency="120.700" Callsign="WAAF_B_CTR" Name="WAAFB" DisplayInSectorsWindow="False">
    <Volumes>WAAF-B</Volumes>
  </Sector>
  <Sector FullName="Ujung Pandang Control" Frequency="132.500" Callsign="WAAF_E_CTR" Name="WAAFE" DisplayInSectorsWindow="False">
    <Volumes>WAAF-E</Volumes>
  </Sector>
  <Sector FullName="Ujung Pandang Training" Frequency="128.100" Callsign="WAAF_T_CTR" Name="WAAFT" DisplayInSectorsWindow="False">
    <Volumes>WAAF</Volumes>
  </Sector>
  <Sector FullName="Ujung Pandang Training" Frequency="128.100" Callsign="WAAF_X_CTR" Name="WAAFX" DisplayInSectorsWindow="False">
    <Volumes>WAAF</Volumes>
  </Sector>
  <Sector FullName="Warburton" Frequency="124.900" Callsign="ML-WAR_CTR" Name="WAR">
    <Volumes>WAR</Volumes>
  </Sector>
  <Sector FullName="Warrego" Frequency="132.450" Callsign="BN-WEG_CTR" Name="WEG">
    <Volumes>WEG</Volumes>
  </Sector>
  <Sector FullName="Willis" Frequency="127.600" Callsign="BN-WIL_CTR" Name="WIL">
    <Volumes>WIL</Volumes>
  </Sector>
  <Sector FullName="Wollongong" Frequency="125.000" Callsign="ML-WOL_CTR" Name="WOL">
    <Volumes>WOL,WOL_CB_TMA_CAP</Volumes>
    <ResponsibleSectors>WOL,SNO,CAE,CAW</ResponsibleSectors>
  </Sector>
  <Sector FullName="Wonthaggi" Frequency="135.300" Callsign="ML-WON_CTR" Name="WON">
    <Volumes>WON,WON_ML_TMA_CAP</Volumes>
  </Sector>
  <Sector FullName="Woomera" Frequency="132.900" Callsign="ML-WRA_CTR" Name="WRA">
    <Volumes>WRA</Volumes>
  </Sector>
  <Sector FullName="Yarrowee" Frequency="134.325" Callsign="ML-YWE_CTR" Name="YWE">
    <Volumes>YWE</Volumes>
  </Sector>
  <Sector FullName="Auckland (Tasman) Radio" Frequency="129.500" Callsign="NZZO-TSN_FSS" Name="NZZOT" DisplayInSectorsWindow="False">
    <Volumes>NZZO-TSN</Volumes>
  </Sector>
  <Sector FullName="Auckland Radio" Frequency="129.000" Callsign="NZZO_FSS" Name="NZZO" DisplayInSectorsWindow="False">
    <Volumes>NZZO</Volumes>
  </Sector>
  <Sector FullName="Brisbane Radio (Coral)" Frequency="133.150" Callsign="BN-COL_FSS" Name="COL">
    <Volumes>COL</Volumes>
  </Sector>
  <Sector FullName="Brisbane Radio (Flinders)" Frequency="132.850" Callsign="BN-FLD_FSS" Name="FLD">
    <Volumes>FLD</Volumes>
    <ResponsibleSectors>COL</ResponsibleSectors>
  </Sector>
  <Sector FullName="Brisbane Radio (Indian East)" Frequency="123.650" Callsign="ML-INE_FSS" Name="INE">
    <Volumes>INE</Volumes>
  </Sector>
  <Sector FullName="Brisbane Radio (Indian South)" Frequency="123.200" Callsign="ML-INS_FSS" Name="INS">
    <Volumes>INS</Volumes>
  </Sector>
  <Sector FullName="Brisbane Radio (Indian)" Frequency="129.250" Callsign="ML-IND_FSS" Name="IND">
    <Volumes>IND</Volumes>
    <ResponsibleSectors>INE,INS</ResponsibleSectors>
  </Sector>
  <Sector FullName="Brisbane Radio (Tasman)" Frequency="124.650" Callsign="BN-TSN_FSS" Name="TSN">
    <Volumes>TSN,HWE</Volumes>
    <ResponsibleSectors>FLD,COL</ResponsibleSectors>
  </Sector>
  <Sector FullName="Johannesburg Oceanic" Frequency="120.850" Callsign="FAJO_FSS" Name="FAJO" DisplayInSectorsWindow="False">
    <Volumes>FAJO</Volumes>
  </Sector>
  <Sector FullName="Mauritius Upper" Frequency="133.050" Callsign="FIMM_FSS" Name="FIMMU" DisplayInSectorsWindow="False">
    <Volumes>FIMM</Volumes>
  </Sector>
  <Sector FullName="McMurdo Radio" Frequency="128.700" Callsign="NZCM_FSS" Name="NZCM" DisplayInSectorsWindow="False">
    <Volumes>NZCM</Volumes>
  </Sector>
  <Sector FullName="Nadi Radio" Frequency="123.600" Callsign="NFFF_FSS" Name="NFFF" DisplayInSectorsWindow="False">
    <Volumes>NFFF</Volumes>
  </Sector>
  <Sector FullName="San Fransico Radio" Frequency="129.400" Callsign="ZAK_FSS" Name="KZAK" DisplayInSectorsWindow="False">
    <Volumes>KZAK_E,KZAK_W</Volumes>
  </Sector>
  <Sector FullName="San Fransico Radio (East)" Frequency="131.175" Callsign="ZAK_E_FSS" Name="KZAKE" DisplayInSectorsWindow="False">
    <Volumes>KZAK_E</Volumes>
  </Sector>
  <Sector FullName="San Fransico Radio (East1)" Frequency="130.800" Callsign="ZAK_E1_FSS" Name="KZAKE1" DisplayInSectorsWindow="False">
    <Volumes>KZAK_E</Volumes>
  </Sector>
  <Sector FullName="San Fransico Radio (West)" Frequency="131.950" Callsign="ZAK_W_FSS" Name="KZAKW" DisplayInSectorsWindow="False">
    <Volumes>KZAK_W</Volumes>
  </Sector>
  <Sector FullName="San Fransico Radio (West1)" Frequency="130.700" Callsign="ZAK_W1_FSS" Name="KZAKW1" DisplayInSectorsWindow="False">
    <Volumes>KZAK_W</Volumes>
  </Sector>
  <Sector FullName="San Fransico Radio (West2)" Frequency="128.900" Callsign="ZAK_W2_FSS" Name="KZAKW2" DisplayInSectorsWindow="False">
    <Volumes>KZAK_W</Volumes>
  </Sector>
  <Sector FullName="SE Asia Upper" Frequency="135.350" Callsign="ASEA_FSS" Name="ASEA" DisplayInSectorsWindow="False">
    <Volumes>WIIF,WAAF</Volumes>
  </Sector>
  <Sector FullName="South Africa Upper" Frequency="134.575" Callsign="AFRS_FSS" Name="AFRS" DisplayInSectorsWindow="False">
    <Volumes>FIMM</Volumes>
  </Sector>
  <Sector FullName="West Asia Control" Frequency="135.40" Callsign="ASIA_W_FSS" Name="ASIAW" DisplayInSectorsWindow="False">
    <Volumes>VCCF,VRMF</Volumes>
  </Sector>
  <Sector FullName="Adelaide Approach (East)" Frequency="118.200" Callsign="AD_APP" Name="AAE">
    <Volumes>ADA</Volumes>
    <ResponsibleSectors>AAW</ResponsibleSectors>
  </Sector>
  <Sector FullName="Adelaide Approach (West)" Frequency="124.200" Callsign="AD-W_APP" Name="AAW">
    <Volumes>ADA</Volumes>
  </Sector>
  <Sector FullName="Amberley Approach" Frequency="126.200" Callsign="AMB_APP" Name="AMA">
    <Volumes>AMBAPP</Volumes>
  </Sector>
  <Sector FullName="Avalon Approach" Frequency="133.550" Callsign="AV_APP" Name="MAV">
    <Volumes>MAV</Volumes>
  </Sector>
  <Sector FullName="Brisbane Approach (Gold Coast)" Frequency="123.500" Callsign="BN-C_APP" Name="BAC">
    <Volumes>BAG_NORTH,BAG_SOUTH</Volumes>
  </Sector>
  <Sector FullName="Brisbane Approach (North)" Frequency="124.700" Callsign="BN_APP" Name="BAN">
    <Volumes>BNA</Volumes>
    <ResponsibleSectors>BAS,BDN,BDS</ResponsibleSectors>
  </Sector>
  <Sector FullName="Brisbane Approach (South)" Frequency="125.600" Callsign="BN-S_APP" Name="BAS">
    <Volumes>BNA</Volumes>
    <ResponsibleSectors>BAC</ResponsibleSectors>
  </Sector>
  <Sector FullName="Brisbane Departures (North)" Frequency="133.450" Callsign="BN_DEP" Name="BDN">
    <Volumes>BNA</Volumes>
  </Sector>
  <Sector FullName="Brisbane Departures (South)" Frequency="118.450" Callsign="BN-S_DEP" Name="BDS">
    <Volumes>BNA</Volumes>
  </Sector>
  <Sector FullName="Brisbane Finals" Frequency="119.250" Callsign="BN-F_APP" Name="BN-FA" />
  <Sector FullName="Cairns Approach (East)" Frequency="118.400" Callsign="CS_APP" Name="CS1">
    <Volumes>CSA</Volumes>
    <ResponsibleSectors>CS2</ResponsibleSectors>
  </Sector>
  <Sector FullName="Cairns Approach (West)" Frequency="126.100" Callsign="CS-W_APP" Name="CS2">
    <Volumes>CSA</Volumes>
  </Sector>
  <Sector FullName="Canberra Approach (East)" Frequency="124.500" Callsign="CB_APP" Name="CAE">
    <Volumes>CBA</Volumes>
    <ResponsibleSectors>CAW</ResponsibleSectors>
  </Sector>
  <Sector FullName="Canberra Approach (West)" Frequency="125.900" Callsign="CB-W_APP" Name="CAW">
    <Volumes>CBA</Volumes>
  </Sector>
  <Sector FullName="Coral Approach (Mackay)" Frequency="125.650" Callsign="MK_APP" Name="MKA">
    <Volumes>MKA</Volumes>
  </Sector>
  <Sector FullName="Coral Approach (Rocky)" Frequency="123.750" Callsign="RK_APP" Name="RKA">
    <Volumes>RKA</Volumes>
  </Sector>
  <Sector FullName="Curtin Approach" Frequency="121.000" Callsign="CIN_APP" Name="CIA">
    <Volumes>CIN</Volumes>
  </Sector>
  <Sector FullName="Darwin Approach (East)" Frequency="125.200" Callsign="DN_APP" Name="DAE">
    <Volumes>DNA</Volumes>
    <ResponsibleSectors>DAW</ResponsibleSectors>
  </Sector>
  <Sector FullName="Darwin Approach (West)" Frequency="134.100" Callsign="DN-W_APP" Name="DAW">
    <Volumes>DNA</Volumes>
  </Sector>
  <Sector FullName="East Sale Approach" Frequency="123.300" Callsign="ES_APP" Name="ESA">
    <Volumes>ESA</Volumes>
  </Sector>
  <Sector FullName="Hobart Approach" Frequency="125.550" Callsign="HB_APP" Name="HBA">
    <Volumes>HBA</Volumes>
  </Sector>
  <Sector FullName="Kwajalein Approach" Frequency="126.200" Callsign="PKWA_APP" Name="PKWAA" />
  <Sector FullName="Launceston Approach" Frequency="123.800" Callsign="LT_APP" Name="LTA">
    <Volumes>LTA</Volumes>
  </Sector>
  <Sector FullName="Learmonth Approach" Frequency="120.500" Callsign="LM_APP" Name="LMA">
    <Volumes>LMA</Volumes>
  </Sector>
  <Sector FullName="Melbourne Approach" Frequency="132.000" Callsign="ML_APP" Name="MAE">
    <Volumes>MLA</Volumes>
    <ResponsibleSectors>MDN,MDS,MAV</ResponsibleSectors>
  </Sector>
  <Sector FullName="Melbourne Departures (North)" Frequency="118.900" Callsign="ML_DEP" Name="MDN">
    <Volumes>MLA</Volumes>
  </Sector>
  <Sector FullName="Melbourne Departures (South)" Frequency="129.400" Callsign="ML-S_DEP" Name="MDS">
    <Volumes>MLA</Volumes>
    <ResponsibleSectors>MAV</ResponsibleSectors>
  </Sector>
  <Sector FullName="Nadi Approach" Frequency="119.100" Callsign="NFFN_APP" Name="NFFNA" />
  <Sector FullName="Nadzab Approach" Frequency="118.600" Callsign="AYNZ_APP" Name="AYNZA" />
  <Sector FullName="Nausori Approach" Frequency="119.700" Callsign="NFNA_APP" Name="NFNAA" />
  <Sector FullName="Nowra Approach" Frequency="123.500" Callsign="NW_APP" Name="NWA">
    <Volumes>NWA-A,NWA-B</Volumes>
  </Sector>
  <Sector FullName="Oakey Approach" Frequency="125.400" Callsign="OK_APP" Name="OKA">
    <Volumes>OKA</Volumes>
  </Sector>
  <Sector FullName="Pearce Approach" Frequency="130.200" Callsign="PE_APP" Name="PEA">
    <Volumes>PEA</Volumes>
  </Sector>
  <Sector FullName="Perth Approach" Frequency="123.600" Callsign="PH_APP" Name="PHA">
    <Volumes>PHA</Volumes>
    <ResponsibleSectors>PHD,PEA</ResponsibleSectors>
  </Sector>
  <Sector FullName="Perth Departures" Frequency="118.700" Callsign="PH_DEP" Name="PHD">
    <Volumes>PHA</Volumes>
  </Sector>
  <Sector FullName="Port Moresby Approach" Frequency="125.800" Callsign="AYPY_APP" Name="AYPYA" />
  <Sector FullName="Scherger Approach" Frequency="124.200" Callsign="SG_APP" Name="SGA">
    <Volumes>SGA</Volumes>
  </Sector>
  <Sector FullName="Sydney Approach (North)" Frequency="124.400" Callsign="SY-N_APP" Name="SAN">
    <Volumes>SYA</Volumes>
  </Sector>
  <Sector FullName="Sydney Approach (South)" Frequency="128.300" Callsign="SY_APP" Name="SAS">
    <Volumes>SYA</Volumes>
    <ResponsibleSectors>SAN,SFW,SFE,SDS,SDN,SRI</ResponsibleSectors>
  </Sector>
  <Sector FullName="Sydney Departures (North)" Frequency="123.000" Callsign="SY-N_DEP" Name="SDN">
    <Volumes>SYA</Volumes>
  </Sector>
  <Sector FullName="Sydney Departures (South)" Frequency="129.700" Callsign="SY_DEP" Name="SDS">
    <Volumes>SYA</Volumes>
  </Sector>
  <Sector FullName="Sydney Director (East)" Frequency="125.300" Callsign="SY-DE_APP" Name="SFE">
    <Volumes>SYA</Volumes>
  </Sector>
  <Sector FullName="Sydney Director (West)" Frequency="126.100" Callsign="SY-D_APP" Name="SFW">
    <Volumes>SYA</Volumes>
  </Sector>
  <Sector FullName="Sydney Radar (Centre)" Frequency="124.550" Callsign="SY-C_DEP" Name="SRI">
    <Volumes>SYA</Volumes>
  </Sector>
  <Sector FullName="Tindal Approach" Frequency="120.950" Callsign="TN_APP" Name="TNA">
    <Volumes>TNA</Volumes>
  </Sector>
  <Sector FullName="Tontouta Approach" Frequency="128.300" Callsign="NWWW_APP" Name="NWWWA" />
  <Sector FullName="Townsville Approach" Frequency="126.800" Callsign="TL_APP" Name="TLA">
    <Volumes>TLA</Volumes>
  </Sector>
  <Sector FullName="Williamtown Approach (High)" Frequency="133.300" Callsign="WLM_APP" Name="WAH">
    <Volumes>WLM_APP</Volumes>
  </Sector>
  <Sector FullName="Williamtown Approach (Low)" Frequency="135.700" Callsign="WLM-L_APP" Name="WAL">
    <Volumes>WLM_APP</Volumes>
  </Sector>
  <Sector FullName="Adelaide Delivery" Frequency="126.100" Callsign="AD_DEL" Name="AD ACD" DisplayInHandoffWindow="False">
    <Volumes>ADTWR</Volumes>
  </Sector>
  <Sector FullName="Adelaide Ground" Frequency="121.700" Callsign="AD_GND" Name="AD SMC" DisplayInHandoffWindow="False">
    <Volumes>ADTWR</Volumes>
  </Sector>
  <Sector FullName="Adelaide Tower" Frequency="120.500" Callsign="AD_TWR" Name="AD ADC" DisplayInHandoffWindow="False">
    <Volumes>ADTWR</Volumes>
  </Sector>
  <Sector FullName="Albury Ground" Frequency="121.800" Callsign="AY_GND" Name="AY SMC" DisplayInHandoffWindow="False">
    <Volumes>AYTWR</Volumes>
  </Sector>
  <Sector FullName="Albury Tower" Frequency="123.250" Callsign="AY_TWR" Name="AY ADC">
    <Volumes>AYTWR</Volumes>
  </Sector>
  <Sector FullName="Alice Springs Tower" Frequency="118.300" Callsign="AS_TWR" Name="AS ADC">
    <Volumes>ASTWR</Volumes>
  </Sector>
  <Sector FullName="Amberley Delivery" Frequency="134.600" Callsign="AMB_DEL" Name="AMB ACD" DisplayInHandoffWindow="False">
    <Volumes>AMBTWR</Volumes>
  </Sector>
  <Sector FullName="Amberley Ground" Frequency="129.350" Callsign="AMB_GND" Name="AMB SMC" DisplayInHandoffWindow="False">
    <Volumes>AMBTWR</Volumes>
  </Sector>
  <Sector FullName="Amberley Tower" Frequency="118.300" Callsign="AMB_TWR" Name="AMB ADC" DisplayInHandoffWindow="False">
    <Volumes>AMBTWR</Volumes>
  </Sector>
  <Sector FullName="Archerfield Ground" Frequency="119.900" Callsign="AF_GND" Name="AF SMC" DisplayInHandoffWindow="False">
    <Volumes>AFTWR</Volumes>
  </Sector>
  <Sector FullName="Archerfield Tower" Frequency="118.100" Callsign="AF_TWR" Name="AF ADC" DisplayInHandoffWindow="False">
    <Volumes>AFTWR</Volumes>
  </Sector>
  <Sector FullName="Archerfield Tower" Frequency="123.600" Callsign="AF-N_TWR" Name="AF ADCN" DisplayInHandoffWindow="False">
    <Volumes>AFTWR</Volumes>
  </Sector>
  <Sector FullName="Avalon Ground" Frequency="129.300" Callsign="AV_GND" Name="AV SMC" DisplayInHandoffWindow="False">
    <Volumes>AVTWR</Volumes>
  </Sector>
  <Sector FullName="Avalon Tower" Frequency="120.100" Callsign="AV_TWR" Name="AV ADC" DisplayInHandoffWindow="False">
    <Volumes>AVTWR</Volumes>
  </Sector>
  <Sector FullName="Bankstown Ground" Frequency="119.900" Callsign="BK_GND" Name="BK SMC" DisplayInHandoffWindow="False">
    <Volumes>BKTWR</Volumes>
  </Sector>
  <Sector FullName="Bankstown Tower" Frequency="132.800" Callsign="BK_TWR" Name="BK ADC" DisplayInHandoffWindow="False">
    <Volumes>BKTWR</Volumes>
  </Sector>
  <Sector FullName="Bankstown Tower" Frequency="123.600" Callsign="BK-C_TWR" Name="BK ADCC" DisplayInHandoffWindow="False">
    <Volumes>BKTWR</Volumes>
  </Sector>
  <Sector FullName="Brisbane Delivery" Frequency="118.850" Callsign="BN_DEL" Name="BN ACD" DisplayInHandoffWindow="False">
    <Volumes>BNTWR</Volumes>
  </Sector>
  <Sector FullName="Brisbane Ground" Frequency="121.700" Callsign="BN_GND" Name="BN SMC" DisplayInHandoffWindow="False">
    <Volumes>BNTWR</Volumes>
  </Sector>
  <Sector FullName="Brisbane Ground (North)" Frequency="124.050" Callsign="BN-N_GND" Name="BN SMCN" DisplayInHandoffWindow="False">
    <Volumes>BNTWR</Volumes>
  </Sector>
  <Sector FullName="Brisbane Ground (South)" Frequency="122.250" Callsign="BN-S_GND" Name="BN SMCS" DisplayInHandoffWindow="False">
    <Volumes>BNTWR</Volumes>
  </Sector>
  <Sector FullName="Brisbane Tower" Frequency="120.500" Callsign="BN_TWR" Name="BN ADC" DisplayInHandoffWindow="False">
    <Volumes>BNTWR</Volumes>
  </Sector>
  <Sector FullName="Brisbane Tower West" Frequency="118.000" Callsign="BN-W_TWR" Name="BN ADCW" DisplayInHandoffWindow="False">
    <Volumes>BNTWR</Volumes>
  </Sector>
  <Sector FullName="Broome Ground" Frequency="121.700" Callsign="BRM_GND" Name="BRM SMC" DisplayInHandoffWindow="False">
    <Volumes>BRMTWR</Volumes>
  </Sector>
  <Sector FullName="Broome Tower" Frequency="126.000" Callsign="BRM_TWR" Name="BRM ADC">
    <Volumes>BRMTWR</Volumes>
  </Sector>
  <Sector FullName="Cairns Delivery" Frequency="128.750" Callsign="CS_DEL" Name="CS ACD" DisplayInHandoffWindow="False">
    <Volumes>CSTWR</Volumes>
  </Sector>
  <Sector FullName="Cairns Ground" Frequency="121.700" Callsign="CS_GND" Name="CS SMC" DisplayInHandoffWindow="False">
    <Volumes>CSTWR</Volumes>
  </Sector>
  <Sector FullName="Cairns Tower" Frequency="124.900" Callsign="CS_TWR" Name="CS ADC" DisplayInHandoffWindow="False">
    <Volumes>CSTWR</Volumes>
  </Sector>
  <Sector FullName="Camden Ground" Frequency="121.900" Callsign="CN_GND" Name="CN SMC" DisplayInHandoffWindow="False">
    <Volumes>CNTWR</Volumes>
  </Sector>
  <Sector FullName="Camden Tower" Frequency="120.100" Callsign="CN_TWR" Name="CN ADC" DisplayInHandoffWindow="False">
    <Volumes>CNTWR</Volumes>
  </Sector>
  <Sector FullName="Canberra Ground" Frequency="121.700" Callsign="CB_GND" Name="CB SMC" DisplayInHandoffWindow="False">
    <Volumes>CBTWR</Volumes>
  </Sector>
  <Sector FullName="Canberra Tower" Frequency="118.700" Callsign="CB_TWR" Name="CB ADC" DisplayInHandoffWindow="False">
    <Volumes>CBTWR</Volumes>
  </Sector>
  <Sector FullName="Coffs Harbour Tower" Frequency="118.200" Callsign="CFS_TWR" Name="CFS ADC" DisplayInHandoffWindow="False">
    <Volumes>CFSTWR</Volumes>
  </Sector>
  <Sector FullName="Curtin Delivery" Frequency="136.800" Callsign="CIN_DEL" Name="CIN ACD">
    <Volumes>CINTWR</Volumes>
  </Sector>
  <Sector FullName="Curtin Ground" Frequency="126.200" Callsign="CIN_GND" Name="CIN SMC">
    <Volumes>CINTWR</Volumes>
  </Sector>
  <Sector FullName="Curtin Tower" Frequency="118.300" Callsign="CIN_TWR" Name="CIN ADC">
    <Volumes>CINTWR</Volumes>
  </Sector>
  <Sector FullName="Darwin Delivery" Frequency="126.800" Callsign="DN_DEL" Name="DN ACD" DisplayInHandoffWindow="False">
    <Volumes>DNTWR</Volumes>
  </Sector>
  <Sector FullName="Darwin Ground" Frequency="121.800" Callsign="DN_GND" Name="DN SMC" DisplayInHandoffWindow="False">
    <Volumes>DNTWR</Volumes>
  </Sector>
  <Sector FullName="Darwin Tower" Frequency="133.100" Callsign="DN_TWR" Name="DN ADC" DisplayInHandoffWindow="False">
    <Volumes>DNTWR</Volumes>
  </Sector>
  <Sector FullName="East Sale Delivery" Frequency="133.600" Callsign="ES_DEL" Name="ES ACD" DisplayInHandoffWindow="False">
    <Volumes>ESTWR</Volumes>
  </Sector>
  <Sector FullName="East Sale Ground" Frequency="127.250" Callsign="ES_GND" Name="ES SMC" DisplayInHandoffWindow="False">
    <Volumes>ESTWR</Volumes>
  </Sector>
  <Sector FullName="East Sale Tower" Frequency="118.300" Callsign="ES_TWR" Name="ES ADC" DisplayInHandoffWindow="False">
    <Volumes>ESTWR</Volumes>
  </Sector>
  <Sector FullName="Edinburgh Ground" Frequency="134.100" Callsign="ED_GND" Name="ED SMC" DisplayInHandoffWindow="False">
    <Volumes>EDTWR</Volumes>
  </Sector>
  <Sector FullName="Edinburgh Tower" Frequency="118.300" Callsign="ED_TWR" Name="ED ADC" DisplayInHandoffWindow="False">
    <Volumes>EDTWR</Volumes>
  </Sector>
  <Sector FullName="Essendon Ground" Frequency="121.900" Callsign="EN_GND" Name="EN SMC" DisplayInHandoffWindow="False">
    <Volumes>ENTWR</Volumes>
  </Sector>
  <Sector FullName="Essendon Tower" Frequency="125.100" Callsign="EN_TWR" Name="EN ADC" DisplayInHandoffWindow="False">
    <Volumes>ENTWR</Volumes>
  </Sector>
  <Sector FullName="Gingin Ground" Frequency="121.650" Callsign="GIG_GND" Name="GIG SMC" DisplayInHandoffWindow="False">
    <Volumes>GIGTWR</Volumes>
  </Sector>
  <Sector FullName="Gingin Tower" Frequency="118.500" Callsign="GIG_TWR" Name="GIG ADC" DisplayInHandoffWindow="False">
    <Volumes>GIGTWR</Volumes>
  </Sector>
  <Sector FullName="Gold Coast Delivery" Frequency="128.750" Callsign="CG_DEL" Name="CG ACD" DisplayInHandoffWindow="False">
    <Volumes>CGTWR</Volumes>
  </Sector>
  <Sector FullName="Gold Coast Ground" Frequency="121.800" Callsign="CG_GND" Name="CG SMC" DisplayInHandoffWindow="False">
    <Volumes>CGTWR</Volumes>
  </Sector>
  <Sector FullName="Gold Coast Tower" Frequency="118.700" Callsign="CG_TWR" Name="CG ADC" DisplayInHandoffWindow="False">
    <Volumes>CGTWR</Volumes>
  </Sector>
  <Sector FullName="Goroka Tower" Frequency="118.700" Callsign="AYGA_TWR" Name="AYGA ADC" />
  <Sector FullName="Hamilton Island Tower" Frequency="118.700" Callsign="HM_TWR" Name="HM ADC">
    <Volumes>HMTWR</Volumes>
  </Sector>
  <Sector FullName="Hobart Ground" Frequency="121.700" Callsign="HB_GND" Name="HB SMC" DisplayInHandoffWindow="False">
    <Volumes>HBTWR</Volumes>
  </Sector>
  <Sector FullName="Hobart Tower" Frequency="118.100" Callsign="HB_TWR" Name="HB ADC">
    <Volumes>HBTWR</Volumes>
  </Sector>
  <Sector FullName="Jandakot Ground" Frequency="124.300" Callsign="JT_GND" Name="JT SMC" DisplayInHandoffWindow="False">
    <Volumes>JTTWR</Volumes>
  </Sector>
  <Sector FullName="Jandakot Tower" Frequency="118.100" Callsign="JT_TWR" Name="JT ADC" DisplayInHandoffWindow="False">
    <Volumes>JTTWR</Volumes>
  </Sector>
  <Sector FullName="Jandakot Tower" Frequency="119.400" Callsign="JT-C_TWR" Name="JT ADCC" DisplayInHandoffWindow="False">
    <Volumes>JTTWR</Volumes>
  </Sector>
  <Sector FullName="Karratha Ground" Frequency="123.550" Callsign="KA_GND" Name="KA SMC" DisplayInHandoffWindow="False">
    <Volumes>KATWR</Volumes>
  </Sector>
  <Sector FullName="Karratha Tower" Frequency="127.350" Callsign="KA_TWR" Name="KA ADC">
    <Volumes>KATWR</Volumes>
  </Sector>
  <Sector FullName="KWA Bucholz Ground" Frequency="121.900" Callsign="PKWA_GND" Name="PKWA SMC" />
  <Sector FullName="KWA Bucholz Tower" Frequency="118.800" Callsign="PKWA_TWR" Name="PKWA ADC" />
  <Sector FullName="Launceston Tower" Frequency="118.700" Callsign="LT_TWR" Name="LT ADC">
    <Volumes>LTTWR</Volumes>
  </Sector>
  <Sector FullName="Learmonth Ground" Frequency="126.200" Callsign="LM_GND" Name="LM SMC">
    <Volumes>LMTWR</Volumes>
  </Sector>
  <Sector FullName="Learmonth Tower" Frequency="118.300" Callsign="LM_TWR" Name="LM ADC">
    <Volumes>LMTWR</Volumes>
  </Sector>
  <Sector FullName="Lifou Tower" Frequency="118.500" Callsign="NWWL_TWR" Name="NWWL ADC" />
  <Sector FullName="Mackay Ground" Frequency="121.700" Callsign="MK_GND" Name="MK SMC" DisplayInHandoffWindow="False">
    <Volumes>MKTWR</Volumes>
  </Sector>
  <Sector FullName="Mackay Tower" Frequency="124.500" Callsign="MK_TWR" Name="MK ADC">
    <Volumes>MKTWR</Volumes>
  </Sector>
  <Sector FullName="Madang Tower" Frequency="118.100" Callsign="AYMD_TWR" Name="AYMD ADC" />
  <Sector FullName="Magenta Tower" Frequency="118.300" Callsign="NWWM_TWR" Name="NWWM ADC" />
  <Sector FullName="Melbourne Delivery" Frequency="127.200" Callsign="ML_DEL" Name="ML ACD" DisplayInHandoffWindow="False">
    <Volumes>MLTWR</Volumes>
  </Sector>
  <Sector FullName="Melbourne Ground" Frequency="121.700" Callsign="ML_GND" Name="ML SMC" DisplayInHandoffWindow="False">
    <Volumes>MLTWR</Volumes>
  </Sector>
  <Sector FullName="Melbourne Tower" Frequency="120.500" Callsign="ML_TWR" Name="ML ADC" DisplayInHandoffWindow="False">
    <Volumes>MLTWR</Volumes>
  </Sector>
  <Sector FullName="Moorabbin Ground" Frequency="134.250" Callsign="MB_GND" Name="MB SMC" DisplayInHandoffWindow="False">
    <Volumes>MBTWR</Volumes>
  </Sector>
  <Sector FullName="Moorabbin Tower" Frequency="118.100" Callsign="MB_TWR" Name="MB ADC" DisplayInHandoffWindow="False">
    <Volumes>MBTWR</Volumes>
  </Sector>
  <Sector FullName="Moorabbin Tower" Frequency="123.000" Callsign="MB-W_TWR" Name="MB ADCW" DisplayInHandoffWindow="False">
    <Volumes>MBTWR</Volumes>
  </Sector>
  <Sector FullName="Mt Hagen Tower" Frequency="120.500" Callsign="AYMH_TWR" Name="AYMH ADC" />
  <Sector FullName="Nadi Tower" Frequency="118.100" Callsign="NFFN_TWR" Name="NFFN ADC" />
  <Sector FullName="Nadzab Tower" Frequency="121.700" Callsign="AYNZ_TWR" Name="AYNZ ADC" />
  <Sector FullName="Nausori Tower" Frequency="119.600" Callsign="NFNA_TWR" Name="NFNA ADC" />
  <Sector FullName="Noumea Tower" Frequency="118.100" Callsign="NWWW_TWR" Name="NWWW ADC" />
  <Sector FullName="Nowra Delivery" Frequency="128.350" Callsign="NW_DEL" Name="NW ACD" DisplayInHandoffWindow="False">
    <Volumes>NWTWR</Volumes>
  </Sector>
  <Sector FullName="Nowra Ground" Frequency="135.850" Callsign="NW_GND" Name="NW SMC" DisplayInHandoffWindow="False">
    <Volumes>NWTWR</Volumes>
  </Sector>
  <Sector FullName="Nowra Tower" Frequency="118.850" Callsign="NW_TWR" Name="NW ADC" DisplayInHandoffWindow="False">
    <Volumes>NWTWR</Volumes>
  </Sector>
  <Sector FullName="Oakey Ground" Frequency="121.900" Callsign="OK_GND" Name="OK SMC" DisplayInHandoffWindow="False">
    <Volumes>OKTWR</Volumes>
  </Sector>
  <Sector FullName="Oakey Tower " Frequency="120.100" Callsign="OK_TWR" Name="OK ADC" DisplayInHandoffWindow="False">
    <Volumes>OKTWR</Volumes>
  </Sector>
  <Sector FullName="Parafield Ground" Frequency="119.900" Callsign="PF_GND" Name="PF SMC" DisplayInHandoffWindow="False">
    <Volumes>PFTWR</Volumes>
  </Sector>
  <Sector FullName="Parafield Tower" Frequency="118.700" Callsign="PF_TWR" Name="PF ADC" DisplayInHandoffWindow="False">
    <Volumes>PFTWR</Volumes>
  </Sector>
  <Sector FullName="Parafield Tower" Frequency="124.600" Callsign="PF-W_TWR" Name="PF ADCW" DisplayInHandoffWindow="False">
    <Volumes>PFTWR</Volumes>
  </Sector>
  <Sector FullName="Pearce Delivery" Frequency="134.100" Callsign="PE_DEL" Name="PE ACD" DisplayInHandoffWindow="False">
    <Volumes>PEATWR</Volumes>
  </Sector>
  <Sector FullName="Pearce Ground" Frequency="127.250" Callsign="PE_GND" Name="PE SMC" DisplayInHandoffWindow="False">
    <Volumes>PEATWR</Volumes>
  </Sector>
  <Sector FullName="Pearce Tower" Frequency="118.300" Callsign="PE_TWR" Name="PE ADC" DisplayInHandoffWindow="False">
    <Volumes>PEATWR</Volumes>
  </Sector>
  <Sector FullName="Perth Delivery" Frequency="118.550" Callsign="PH_DEL" Name="PH ACD" DisplayInHandoffWindow="False">
    <Volumes>PHTWR</Volumes>
  </Sector>
  <Sector FullName="Perth Ground" Frequency="121.700" Callsign="PH_GND" Name="PH SMC" DisplayInHandoffWindow="False">
    <Volumes>PHTWR</Volumes>
  </Sector>
  <Sector FullName="Perth Ground (East)" Frequency="122.200" Callsign="PH-E_GND" Name="PH SMCE" DisplayInHandoffWindow="False">
    <Volumes>PHTWR</Volumes>
  </Sector>
  <Sector FullName="Perth Tower" Frequency="127.400" Callsign="PH_TWR" Name="PH ADC" DisplayInHandoffWindow="False">
    <Volumes>PHTWR</Volumes>
  </Sector>
  <Sector FullName="Port Moresby Ground" Frequency="121.700" Callsign="AYPY_GND" Name="AYPY SMC" />
  <Sector FullName="Port Moresby Tower" Frequency="118.100" Callsign="AYPY_TWR" Name="AYPY ADC" />
  <Sector FullName="Port Vila Tower" Frequency="118.300" Callsign="NVVV_TWR" Name="NVVV ADC" />
  <Sector FullName="Richmond Ground" Frequency="128.250" Callsign="RI_GND" Name="RI SMC" DisplayInHandoffWindow="False">
    <Volumes>RITWR</Volumes>
  </Sector>
  <Sector FullName="Richmond Tower" Frequency="135.500" Callsign="RI_TWR" Name="RI ADC" DisplayInHandoffWindow="False">
    <Volumes>RITWR</Volumes>
  </Sector>
  <Sector FullName="Rockhampton Ground" Frequency="121.800" Callsign="RK_GND" Name="RK SMC" DisplayInHandoffWindow="False">
    <Volumes>RKTWR</Volumes>
  </Sector>
  <Sector FullName="Rockhampton Tower" Frequency="118.100" Callsign="RK_TWR" Name="RK ADC">
    <Volumes>RKTWR</Volumes>
  </Sector>
  <Sector FullName="Scherger Ground" Frequency="126.200" Callsign="SG_GND" Name="SG SMC">
    <Volumes>SGTWR</Volumes>
  </Sector>
  <Sector FullName="Scherger Tower" Frequency="118.300" Callsign="SG_TWR" Name="SG ADC">
    <Volumes>SGTWR</Volumes>
  </Sector>
  <Sector FullName="Sunshine Coast Ground" Frequency="121.100" Callsign="SU_GND" Name="SU SMC" DisplayInHandoffWindow="False">
    <Volumes>SUTWR</Volumes>
  </Sector>
  <Sector FullName="Sunshine Coast Tower" Frequency="124.400" Callsign="SU_TWR" Name="SU ADC">
    <Volumes>SUTWR</Volumes>
  </Sector>
  <Sector FullName="Sydney Coordinator" Frequency="127.600" Callsign="SY-C_GND" Name="SY COORD" DisplayInHandoffWindow="False">
    <Volumes>SYTWR</Volumes>
  </Sector>
  <Sector FullName="Sydney Delivery" Frequency="133.800" Callsign="SY_DEL" Name="SY ACD" DisplayInHandoffWindow="False">
    <Volumes>SYTWR</Volumes>
  </Sector>
  <Sector FullName="Sydney Ground" Frequency="121.700" Callsign="SY_GND" Name="SY SMC" DisplayInHandoffWindow="False">
    <Volumes>SYTWR</Volumes>
  </Sector>
  <Sector FullName="Sydney Ground (West)" Frequency="126.500" Callsign="SY-W_GND" Name="SY SMCW" DisplayInHandoffWindow="False">
    <Volumes>SYTWR</Volumes>
  </Sector>
  <Sector FullName="Sydney Tower" Frequency="120.500" Callsign="SY_TWR" Name="SY ADC" DisplayInHandoffWindow="False">
    <Volumes>SYTWR</Volumes>
  </Sector>
  <Sector FullName="Sydney Tower (East)" Frequency="124.700" Callsign="SY-E_TWR" Name="SY ADCE" DisplayInHandoffWindow="False">
    <Volumes>SYTWR</Volumes>
  </Sector>
  <Sector FullName="Tamworth Ground" Frequency="121.900" Callsign="TW_GND" Name="TW SMC" DisplayInHandoffWindow="False">
    <Volumes>TWTWR</Volumes>
  </Sector>
  <Sector FullName="Tamworth Tower" Frequency="119.400" Callsign="TW_TWR" Name="TW ADC">
    <Volumes>TWTWR</Volumes>
  </Sector>
  <Sector FullName="Tamworth Tower (South)" Frequency="118.250" Callsign="TW-S_TWR" Name="TW ADCS">
    <Volumes>TWTWR</Volumes>
  </Sector>
  <Sector FullName="Tindal Delivery" Frequency="128.100" Callsign="TN_DEL" Name="TN ACD" DisplayInHandoffWindow="False">
    <Volumes>TNTWR</Volumes>
  </Sector>
  <Sector FullName="Tindal Ground" Frequency="135.850" Callsign="TN_GND" Name="TN SMC" DisplayInHandoffWindow="False">
    <Volumes>TNTWR</Volumes>
  </Sector>
  <Sector FullName="Tindal Tower" Frequency="119.700" Callsign="TN_TWR" Name="TN ADC" DisplayInHandoffWindow="False">
    <Volumes>TNTWR</Volumes>
  </Sector>
  <Sector FullName="Tokua Tower" Frequency="118.200" Callsign="AYTK_TWR" Name="AYTK ADC" />
  <Sector FullName="Townsville Delivery" Frequency="128.100" Callsign="TL_DEL" Name="TL ACD" DisplayInHandoffWindow="False">
    <Volumes>TLTWR</Volumes>
  </Sector>
  <Sector FullName="Townsville Ground" Frequency="121.800" Callsign="TL_GND" Name="TL SMC" DisplayInHandoffWindow="False">
    <Volumes>TLTWR</Volumes>
  </Sector>
  <Sector FullName="Townsville Tower" Frequency="118.300" Callsign="TL_TWR" Name="TL ADC" DisplayInHandoffWindow="False">
    <Volumes>TLTWR</Volumes>
  </Sector>
  <Sector FullName="Williamtown Delivery" Frequency="130.350" Callsign="WLM_DEL" Name="WLM ACD" DisplayInHandoffWindow="False">
    <Volumes>WLMTWR</Volumes>
  </Sector>
  <Sector FullName="Williamtown Ground" Frequency="121.800" Callsign="WLM_GND" Name="WLM SMC" DisplayInHandoffWindow="False">
    <Volumes>WLMTWR</Volumes>
  </Sector>
  <Sector FullName="Williamtown Tower" Frequency="118.300" Callsign="WLM_TWR" Name="WLM ADC" DisplayInHandoffWindow="False">
    <Volumes>WLMTWR</Volumes>
  </Sector>
  <Sector FullName="Woomera Tower" Frequency="118.300" Callsign="WR_TWR" Name="WR ADC">
    <Volumes>WRTWR</Volumes>
  </Sector>
</Sectors>