﻿<?xml version="1.0" encoding="utf-8"?>
<Maps>
  <Map Type="System" Name="EN_RWY26" Priority="1" Center="-37.728056+144.901944">
    <!--YMEN-->
    <Runway Name="08/26">
      <Threshold Name="08" Position="-37.731381+144.892886" />
      <Threshold Name="26" Position="-37.730789+144.914667" ExtendedCentrelineTrack="88.05" ExtendedCentrelineLength="10" ExtendedCentrelineTickInterval="1" />
    </Runway>
    <!--SIDs-->
    <!--STARs-->
  </Map>
  <Map Type="System" Name="EN_RWY26_NAMES" Priority="2" Center="-37.728056+144.901944">
    <Label>
      <Point>NONIX</Point>
      <Point>KACEY</Point>
      <Point>NATYA</Point>
      <Point>SALRI</Point>
      <Point>CANTY</Point>
      <Point>ARBEY</Point>
      <Point>KEPPA</Point>
      <Point>AKNUM</Point>
      <Point>SUNTI</Point>
      <Point>AVNAS</Point>
      <Point>AHOSK</Point>
      <Point>IRSOM</Point>
      <Point>NEVIS</Point>
      <Point>BORTO</Point>
      <Point>MAVTO</Point>
      <Point>BADGR</Point>
      <Point>ANGEX</Point>
      <Point>TANTA</Point>
      <Point>ANLID</Point>
      <Point>RUMIE</Point>
      <Point>NABBA</Point>
      <Point>BULLA</Point>
      <Point>LUVAS</Point>
      <Point>LIZZI</Point>
      <Point>ESDIG</Point>
      <Point>NOGIP</Point>
      <Point>DUBUS</Point>
      <Point>WAZZA</Point>
      <Point>TEMIS</Point>
      <Point>BOYSE</Point>
      <Point>OMKON</Point>
      <Point>UBGUT</Point>
      <Point>LANUN</Point>
      <Point>WENDY</Point>
      <Point>DOTPA</Point>
      <Point>DOVUT</Point>
      <Point>CHITT</Point>
      <Point>MIA VOR</Point>
      <Point>PUBAP</Point>
      <Point>MENOG</Point>
      <Point>TAITE</Point>
      <Point>TUVRA</Point>
      <Point>KII NDB</Point>
      <Point>IBOBO</Point>
    </Label>
  </Map>
</Maps>