﻿<?xml version="1.0" encoding="utf-8"?>
<Maps>
  <Map Type="System" Name="ML_RWY16A27D" Priority="1" Center="-37.673333+144.843333">
    <!--YMML-->
    <Runway Name="16/34">
      <Threshold Name="16" Position="-37.653181+144.834914" ExtendedCentrelineTrack="351.56" ExtendedCentrelineLength="11" ExtendedCentrelineTickInterval="1" />
      <Threshold Name="34" Position="-37.685778+144.841000" />
    </Runway>
    <Runway Name="09/27">
      <Threshold Name="09" Position="-37.660750+144.822253" />
      <Threshold Name="27" Position="-37.662256+144.848092" />
    </Runway>
    <!--SIDs-->
    <Line>
      <!--Rwy27 CORRS9-->
      -373938.700+1444920.110/
      HOPLA/
      DARLY/
      STEVO/
      CORRS
    </Line>
    <Line>
      <!--Rwy27 CRENA2-->
      HOPLA/
      CRENA
    </Line>
    <Line>
      <!--Rwy27 DOSEL1-->
      -373938.700+1444920.110/
      ATNOL/
      PARSI/
      PEBTO/
      PEART/
      DOSEL
    </Line>
    <Line>
      <!--Rwy27 ESDIG4-->
      HOPLA/
      ESDIG
    </Line>
    <Line>
      <!--Rwy27 KEPPA2-->
      ATNOL/
      KEPPA
    </Line>
    <Line>
      <!--Rwy27 MNG3-->
      PEART/
      MNG VOR
    </Line>
    <Line>
      <!--Rwy27 NEVIS7-->
      ATNOL/
      NEVIS
    </Line>
    <Line>
      <!--Rwy27 NONIX3-->
      PEART/
      NONIX
    </Line>
    <Line>
      <!--Rwy27 SUNTI3-->
      DARLY/
      SUNTI
    </Line>
    <!--STARs-->
    <Line>
      <!--Rwy16 ARBE7A-->
      ARBEY/
      TUNKA/
      LASOL/
      BELTA
    </Line>
    <Line>
      <!--Rwy16 BOYS8A-->
      BOYSE/
      VALES/
      ANBEL/
      BUVIV/
      NEFER/
      BELTA
    </Line>
    <Line>
      <!--Rwy16 LIZI9A-->
      LIZZI/
      MAXAL/
      HORUS/
      ENSEG/
      NEFER
    </Line>
    <Line>
      <!--Rwy16 WARE8A-->
      WAREN/
      MICHM/
      MONTY/
      SANDR/
      LAGUG/
      NEFER
    </Line>
    <Line>
      <!--Rwy16 WARE8M-->
      MONTY/
      DUGOT/
      VENPU/
      LUVKA
    </Line>
    <Line>
      <!--Rwy16 WEND1A-->
      WENDY/
      TEENA/
      KEELA/
      PASCO/
      JADEL/
      KIKEX/
      NEFER
    </Line>
    <Line>
      <!--Rwy16 WEND1P-->
      PASCO/
      EMSEK
    </Line>
    <Symbol Type="HollowTriangle">
      <Point>BELTA</Point>
      <Point>LUVKA</Point>
      <Point>EMSEK</Point>
    </Symbol>
    <Symbol Type="Circle">
      <Point>MNG VOR</Point>
    </Symbol>
    <Symbol Type="HollowStar">
      <Point>HOPLA</Point>
      <Point>DARLY</Point>
      <Point>STEVO</Point>
      <Point>CORRS</Point>
      <Point>CRENA</Point>
      <Point>ATNOL</Point>
      <Point>PARSI</Point>
      <Point>PEBTO</Point>
      <Point>PEART</Point>
      <Point>DOSEL</Point>
      <Point>ESDIG</Point>
      <Point>KEPPA</Point>
      <Point>NEVIS</Point>
      <Point>NONIX</Point>
      <Point>SUNTI</Point>
      <Point>ARBEY</Point>
      <Point>TUNKA</Point>
      <Point>LASOL</Point>
      <Point>BOYSE</Point>
      <Point>VALES</Point>
      <Point>ANBEL</Point>
      <Point>BUVIV</Point>
      <Point>NEFER</Point>
      <Point>LIZZI</Point>
      <Point>MAXAL</Point>
      <Point>HORUS</Point>
      <Point>ENSEG</Point>
      <Point>WAREN</Point>
      <Point>MICHM</Point>
      <Point>MONTY</Point>
      <Point>SANDR</Point>
      <Point>LAGUG</Point>
      <Point>DUGOT</Point>
      <Point>VENPU</Point>
      <Point>WENDY</Point>
      <Point>TEENA</Point>
      <Point>KEELA</Point>
      <Point>PASCO</Point>
      <Point>JADEL</Point>
      <Point>KIKEX</Point>
    </Symbol>
    <!--(ML) RWY16A27D Airspace-->
    <Line Name="(ML) RWY16A27D_MDS" Width="1.7" Pattern="Dotted">
      -373941.000+1445011.000/-374351.000+1445405.000/-374335.000+1450341.000/-374641.000+1450848.000/-380007.000+1451806.000/-380232.355+1451501.119/-380533.316+1450935.553/-380746.731+1450334.631/-380908.469+1445709.475/-380936.000+1445032.000/-380908.469+1444354.525/-380746.731+1443729.369/-380722.000+1443605.000/-380730.281+1443557.418/-380829.520+1443442.299/-380917.583+1443315.210/-380953.000+1443138.804/-381014.695+1442956.021/-381022.000+1442810.000/-381014.695+1442623.979/-380953.000+1442441.196/-380917.583+1442304.790/-380836.000+1442149.000/-380031.000+1442322.000/-375849.437+1442122.645/-375431.430+1441736.248/-374946.265+1441450.481/-374442.677+1441310.221/-373929.939+1441238.303/-373718.000+1441245.000/-373941.000+1445011.000
    </Line>
    <Line Name="(ML) RWY16A27D_MDN" Width="1.7" Pattern="Dotted">
      -373718.000+1441245.000/-373417.565+1441315.458/-372915.031+1441500.324/-372431.478+1441749.509/-372015.449+1442137.726/-371634.636+1442617.963/-371335.653+1443141.710/-371123.851+1443739.213/-371120.000+1443749.000/-371957.000+1444605.000/-373941.000+1445011.000
    </Line>
    <Line Name="(ML) RWY16A27D_MAE_MDN" Width="1.7" Pattern="Dotted">
      -371120.000+1443749.000/-371003.165+1444359.763/-370936.000+1445032.000/-371003.165+1445704.237/-371028.000+1445944.000/-372217.000+1445138.000/-374335.000+1450341.000/-374005.000+1450140.000/-372432.000+1450700.000/-372150.000+1452103.000/-372015.449+1451926.274/-371634.636+1451446.037/-371335.653+1450922.290/-371123.851+1450324.787/-371028.000+1445944.000
    </Line>
    <Line Name="(ML) RWY16A27D_MDN_MAE" Width="1.7" Pattern="Dotted">
      -372432.000+1450700.000/-372525.000+1450216.000/-373058.000+1445630.000
    </Line>
    <Line Name="(ML) RWY16A27D_MAE" Width="1.7" Pattern="Dotted">
      -380007.000+1451806.000/-375849.437+1451941.355/-375431.430+1452327.752/-374946.265+1452613.519/-374442.677+1452753.779/-373929.939+1452825.697/-373417.565+1452748.542/-372915.031+1452603.676/-372431.478+1452314.491/-372150.000+1452103.000
    </Line>
  </Map>
  <Map Type="System" Name="ML_RWY16A27D_NAMES" Priority="2" Center="-37.673333+144.843333">
    <Label>
      <Point>HOPLA</Point>
      <Point>DARLY</Point>
      <Point>STEVO</Point>
      <Point>CORRS</Point>
      <Point>CRENA</Point>
      <Point>ATNOL</Point>
      <Point>PARSI</Point>
      <Point>PEBTO</Point>
      <Point>PEART</Point>
      <Point>DOSEL</Point>
      <Point>ESDIG</Point>
      <Point>KEPPA</Point>
      <Point>MNG VOR</Point>
      <Point>NEVIS</Point>
      <Point>NONIX</Point>
      <Point>SUNTI</Point>
      <Point>ARBEY</Point>
      <Point>TUNKA</Point>
      <Point>LASOL</Point>
      <Point>BELTA</Point>
      <Point>BOYSE</Point>
      <Point>VALES</Point>
      <Point>ANBEL</Point>
      <Point>BUVIV</Point>
      <Point>NEFER</Point>
      <Point>LIZZI</Point>
      <Point>MAXAL</Point>
      <Point>HORUS</Point>
      <Point>ENSEG</Point>
      <Point>WAREN</Point>
      <Point>MICHM</Point>
      <Point>MONTY</Point>
      <Point>SANDR</Point>
      <Point>LAGUG</Point>
      <Point>DUGOT</Point>
      <Point>VENPU</Point>
      <Point>LUVKA</Point>
      <Point>WENDY</Point>
      <Point>TEENA</Point>
      <Point>KEELA</Point>
      <Point>PASCO</Point>
      <Point>JADEL</Point>
      <Point>KIKEX</Point>
      <Point>EMSEK</Point>
      <Point>KACEY</Point>
      <Point>NATYA</Point>
      <Point>SALRI</Point>
      <Point>CANTY</Point>
      <Point>AKNUM</Point>
      <Point>AVNAS</Point>
      <Point>AHOSK</Point>
      <Point>IRSOM</Point>
      <Point>BORTO</Point>
      <Point>MAVTO</Point>
      <Point>BADGR</Point>
      <Point>ANGEX</Point>
      <Point>TANTA</Point>
      <Point>ANLID</Point>
      <Point>RUMIE</Point>
      <Point>NABBA</Point>
      <Point>BULLA</Point>
      <Point>LUVAS</Point>
      <Point>NOGIP</Point>
      <Point>DUBUS</Point>
      <Point>WAZZA</Point>
      <Point>TEMIS</Point>
      <Point>OMKON</Point>
      <Point>UBGUT</Point>
      <Point>LANUN</Point>
      <Point>DOTPA</Point>
      <Point>DOVUT</Point>
      <Point>CHITT</Point>
      <Point>MIA VOR</Point>
      <Point>PUBAP</Point>
      <Point>MENOG</Point>
      <Point>TAITE</Point>
      <Point>TUVRA</Point>
      <Point>KII NDB</Point>
      <Point>IBOBO</Point>
    </Label>
  </Map>
</Maps>