﻿<?xml version="1.0" encoding="utf-8"?>
<Maps>
  <Map Type="System" Name="ML_RWY27" Priority="1" Center="-37.673333+144.843333">
    <!--YMML-->
    <Runway Name="09/27">
      <Threshold Name="09" Position="-37.660750+144.822253" />
      <Threshold Name="27" Position="-37.662256+144.848092" ExtendedCentrelineTrack="94.2" ExtendedCentrelineLength="10" ExtendedCentrelineTickInterval="1" />
    </Runway>
    <!--SIDs-->
    <Line>
      <!--Rwy27 CORRS9-->
      -373938.700+1444920.110/
      HOPLA/
      DARLY/
      STEVO/
      CORRS
    </Line>
    <Line>
      <!--Rwy27 CRENA2-->
      HOPLA/
      CRENA
    </Line>
    <Line>
      <!--Rwy27 DOSEL1-->
      -373938.700+1444920.110/
      ATNOL/
      PARSI/
      PEBTO/
      PEART/
      DOSEL
    </Line>
    <Line>
      <!--Rwy27 ESDIG4-->
      HOPLA/
      ESDIG
    </Line>
    <Line>
      <!--Rwy27 KEPPA2-->
      ATNOL/
      KEPPA
    </Line>
    <Line>
      <!--Rwy27 MNG3-->
      PEART/
      MNG VOR
    </Line>
    <Line>
      <!--Rwy27 NEVIS7-->
      ATNOL/
      NEVIS
    </Line>
    <Line>
      <!--Rwy27 NONIX3-->
      PEART/
      NONIX
    </Line>
    <Line>
      <!--Rwy27 SUNTI3-->
      DARLY/
      SUNTI
    </Line>
    <!--STARs-->
    <Line>
      <!--Rwy27 ARBE7A-->
      ARBEY/
      TUNKA/
      BELTA/
      LAKEP/
      BOBEL/
      PAULA/
      VISAS
    </Line>
    <Line>
      <!--Rwy27 BOYS8A-->
      BOYSE/
      MAXAL/
      HAYES/
      DOREN/
      VISAS
    </Line>
    <Line>
      <!--Rwy27 LIZI9A-->
      LIZZI/
      ATPER/
      MAITE/
      ENDUM/
      VISAS
    </Line>
    <Line>
      <!--Rwy27 WARE8A-->
      WAREN/
      MICHM/
      MONTY/
      VISAS
    </Line>
    <Line>
      <!--Rwy27 WEND1A-->
      WENDY/
      TEENA/
      KEELA/
      NOMID/
      ROCEL/
      VISAS
    </Line>
    <Symbol Type="HollowTriangle">
      <Point>VISAS</Point>
    </Symbol>
    <Symbol Type="Circle">
      <Point>MNG VOR</Point>
    </Symbol>
    <Symbol Type="HollowStar">
      <Point>HOPLA</Point>
      <Point>DARLY</Point>
      <Point>STEVO</Point>
      <Point>CORRS</Point>
      <Point>CRENA</Point>
      <Point>ATNOL</Point>
      <Point>PARSI</Point>
      <Point>PEBTO</Point>
      <Point>PEART</Point>
      <Point>DOSEL</Point>
      <Point>ESDIG</Point>
      <Point>KEPPA</Point>
      <Point>NEVIS</Point>
      <Point>NONIX</Point>
      <Point>SUNTI</Point>
      <Point>ARBEY</Point>
      <Point>TUNKA</Point>
      <Point>BELTA</Point>
      <Point>LAKEP</Point>
      <Point>BOBEL</Point>
      <Point>PAULA</Point>
      <Point>BOYSE</Point>
      <Point>MAXAL</Point>
      <Point>HAYES</Point>
      <Point>DOREN</Point>
      <Point>LIZZI</Point>
      <Point>ATPER</Point>
      <Point>MAITE</Point>
      <Point>ENDUM</Point>
      <Point>WAREN</Point>
      <Point>MICHM</Point>
      <Point>MONTY</Point>
      <Point>WENDY</Point>
      <Point>TEENA</Point>
      <Point>KEELA</Point>
      <Point>NOMID</Point>
      <Point>ROCEL</Point>
    </Symbol>
    <!--(ML) RWY27 Airspace-->
    <Line Name="(ML) RWY27_MAE" Width="1.7" Pattern="Dotted">
      -372654.000+1452457.000/-373430.000+1451140.000/-373317.000+1445637.000/-373941.000+1445011.000/-374351.000+1445405.000/-374325.000+1450110.000/-374911.000+1451034.000/-380007.000+1451806.000/-375849.437+1451941.355/-375431.430+1452327.752/-374946.265+1452613.519/-374442.677+1452753.779/-373929.939+1452825.697/-373417.565+1452748.542/-372915.031+1452603.676/-372654.000+1452457.000
    </Line>
    <Line Name="(ML) RWY27_MDN" Width="1.7" Pattern="Dotted">
      -373941.000+1445011.000/-373718.000+1441245.000/-373417.565+1441315.458/-372915.031+1441500.324/-372431.478+1441749.509/-372015.449+1442137.726/-371634.636+1442617.963/-371335.653+1443141.710/-371123.851+1443739.213/-371003.165+1444359.763/-370936.000+1445032.000/-371003.165+1445704.237/-371123.851+1450324.787/-371335.653+1450922.290/-371634.636+1451446.037/-372015.449+1451926.274/-372431.478+1452314.491/-372654.000+1452457.000/-373430.000+1451140.000/-373410.000+1450726.000/-374638.000+1450624.000/-374325.000+1450110.000/-374351.000+1445405.000/-373941.000+1445011.000
    </Line>
    <Line Name="(ML) RWY27_MDS" Width="1.7" Pattern="Dotted">
      -373941.000+1445011.000/-373718.000+1441245.000/-373929.939+1441238.303/-374442.677+1441310.221/-374946.265+1441450.481/-375431.430+1441736.248/-375849.437+1442122.645/-380031.000+1442322.000/-380836.000+1442149.000/-380917.583+1442304.790/-380953.000+1442441.196/-381014.695+1442623.979/-381022.000+1442810.000/-381014.695+1442956.021/-380953.000+1443138.804/-380917.583+1443315.210/-380829.520+1443442.299/-380730.281+1443557.418/-380722.000+1443605.000/-380746.731+1443729.369/-380908.469+1444354.525/-380936.000+1445032.000/-380908.469+1445709.475/-380746.731+1450334.631/-380533.316+1450935.553/-380232.355+1451501.119/-380007.000+1451806.000/-374911.000+1451034.000/-374325.000+1450110.000/-374351.000+1445405.000/-373941.000+1445011.000/-373941.000+1445011.000
    </Line>
    <Line Name="(ML) RWY27_MAE_MDN" Width="1.7" Pattern="Dotted">
      -373317.000+1445637.000/-374325.000+1450110.000
    </Line>
  </Map>
  <Map Type="System" Name="ML_RWY27_NAMES" Priority="2" Center="-37.673333+144.843333">
    <Label>
      <Point>HOPLA</Point>
      <Point>DARLY</Point>
      <Point>STEVO</Point>
      <Point>CORRS</Point>
      <Point>CRENA</Point>
      <Point>ATNOL</Point>
      <Point>PARSI</Point>
      <Point>PEBTO</Point>
      <Point>PEART</Point>
      <Point>DOSEL</Point>
      <Point>ESDIG</Point>
      <Point>KEPPA</Point>
      <Point>MNG VOR</Point>
      <Point>NEVIS</Point>
      <Point>NONIX</Point>
      <Point>SUNTI</Point>
      <Point>ARBEY</Point>
      <Point>TUNKA</Point>
      <Point>BELTA</Point>
      <Point>LAKEP</Point>
      <Point>BOBEL</Point>
      <Point>PAULA</Point>
      <Point>VISAS</Point>
      <Point>BOYSE</Point>
      <Point>MAXAL</Point>
      <Point>HAYES</Point>
      <Point>DOREN</Point>
      <Point>LIZZI</Point>
      <Point>ATPER</Point>
      <Point>MAITE</Point>
      <Point>ENDUM</Point>
      <Point>WAREN</Point>
      <Point>MICHM</Point>
      <Point>MONTY</Point>
      <Point>WENDY</Point>
      <Point>TEENA</Point>
      <Point>KEELA</Point>
      <Point>NOMID</Point>
      <Point>ROCEL</Point>
      <Point>KACEY</Point>
      <Point>NATYA</Point>
      <Point>SALRI</Point>
      <Point>CANTY</Point>
      <Point>AKNUM</Point>
      <Point>AVNAS</Point>
      <Point>AHOSK</Point>
      <Point>IRSOM</Point>
      <Point>BORTO</Point>
      <Point>MAVTO</Point>
      <Point>BADGR</Point>
      <Point>ANGEX</Point>
      <Point>TANTA</Point>
      <Point>ANLID</Point>
      <Point>RUMIE</Point>
      <Point>NABBA</Point>
      <Point>BULLA</Point>
      <Point>LUVAS</Point>
      <Point>NOGIP</Point>
      <Point>DUBUS</Point>
      <Point>WAZZA</Point>
      <Point>TEMIS</Point>
      <Point>OMKON</Point>
      <Point>UBGUT</Point>
      <Point>LANUN</Point>
      <Point>DOTPA</Point>
      <Point>DOVUT</Point>
      <Point>CHITT</Point>
      <Point>MIA VOR</Point>
      <Point>PUBAP</Point>
      <Point>MENOG</Point>
      <Point>TAITE</Point>
      <Point>TUVRA</Point>
      <Point>KII NDB</Point>
      <Point>IBOBO</Point>
    </Label>
  </Map>
</Maps>