﻿<?xml version="1.0" encoding="utf-8"?>
<Maps>
  <Map Type="System" Name="ML_RWY34" Priority="1" Center="-37.673333+144.843333">
    <!--YMML-->
    <Runway Name="16/34">
      <Threshold Name="16" Position="-37.653181+144.834914" />
      <Threshold Name="34" Position="-37.685778+144.841000" ExtendedCentrelineTrack="171.56" ExtendedCentrelineLength="10" ExtendedCentrelineTickInterval="1" />
    </Runway>
    <!--SIDs-->
    <Line>
      <!--Rwy34 CORRS9-->
      -373911.450+1445005.690/
      ROKDL/
      POREM/
      GEDEN/
      CORRS
    </Line>
    <Line>
      <!--Rwy34 CRENA2-->
      -373911.450+1445005.690/
      ONUTO/
      -373500.303+1444912.763/
      HOPLA/
      CRENA
    </Line>
    <Line>
      <!--Rwy34 DOSEL1-->
      ROKDL/
      SALLY/
      DOSEL
    </Line>
    <Line>
      <!--Rwy34 ESDIG4-->
      HOPLA/
      ESDIG
    </Line>
    <Line>
      <!--Rwy34 KEPPA2-->
      -373911.450+1445005.690/
      OKMEL/
      KEPPA
    </Line>
    <Line>
      <!--Rwy34 MNG3-->
      SALLY/
      MNG VOR
    </Line>
    <Line>
      <!--Rwy34 NEVIS7-->
      OKMEL/
      NEVIS
    </Line>
    <Line>
      <!--Rwy34 NONIX3-->
      SALLY/
      NONIX
    </Line>
    <Line>
      <!--Rwy34 SUNTI3-->
      GEDEN/
      PEBAL/
      SUNTI
    </Line>
    <!--STARs-->
    <Line>
      <!--Rwy34 ARBE7A-->
      ARBEY/
      TUNKA/
      BELTA/
      OVNER/
      RENER/
      GOSKO/
      LAVER/
      OBGAL/
      AKDEL
    </Line>
    <Line>
      <!--Rwy34 BOYS8A-->
      BOYSE/
      MAXAL/
      OLTUR/
      VENVO/
      GOOLA/
      BOLTY/
      AKDEL
    </Line>
    <Line>
      <!--Rwy34 BOYS8V-->
      MAXAL/
      ARTHA/
      EMRIG/
      MONTY/
      EGEKA/
      SHEED
    </Line>
    <Line>
      <!--Rwy34 LIZI9A-->
      LIZZI/
      IBARU/
      VEPUD/
      AKSID/
      GOOLA
    </Line>
    <Line>
      <!--Rwy34 LIZI9V-->
      LIZZI/
      ATPER/
      MAITE/
      IGPON/
      MONTY
    </Line>
    <Line>
      <!--Rwy34 PORT7A.MILLA-->
      MILLA/
      EKKAS/
      PORTS
    </Line>
    <Line>
      <!--Rwy34 PORT7A.ONAGI-->
      ONAGI/
      LATTA/
      PORTS
    </Line>
    <Line>
      <!--Rwy34 PORT7A-->
      PORTS/
      ATOKU/
      ESLOK/
      AKDEL
    </Line>
    <Line>
      <!--Rwy34 WARE8A-->
      WAREN/
      MICHM/
      UPKID/
      GOOLA
    </Line>
    <Line>
      <!--Rwy34 WARE8V-->
      MICHM/
      MONTY
    </Line>
    <Line>
      <!--Rwy34 WEND1A-->
      WENDY/
      NIXEN/
      TEENA/
      MEMEG/
      LAVER
    </Line>
    <Symbol Type="HollowTriangle">
      <Point>AKDEL</Point>
      <Point>SHEED</Point>
    </Symbol>
    <Symbol Type="SolidStar">
      <Point>POREM</Point>
    </Symbol>
    <Symbol Type="Circle">
      <Point>MNG VOR</Point>
    </Symbol>
    <Symbol Type="HollowStar">
      <Point>ROKDL</Point>
      <Point>GEDEN</Point>
      <Point>CORRS</Point>
      <Point>ONUTO</Point>
      <Point>HOPLA</Point>
      <Point>CRENA</Point>
      <Point>SALLY</Point>
      <Point>DOSEL</Point>
      <Point>ESDIG</Point>
      <Point>OKMEL</Point>
      <Point>KEPPA</Point>
      <Point>NEVIS</Point>
      <Point>NONIX</Point>
      <Point>PEBAL</Point>
      <Point>SUNTI</Point>
      <Point>ARBEY</Point>
      <Point>TUNKA</Point>
      <Point>BELTA</Point>
      <Point>OVNER</Point>
      <Point>RENER</Point>
      <Point>GOSKO</Point>
      <Point>LAVER</Point>
      <Point>OBGAL</Point>
      <Point>BOYSE</Point>
      <Point>MAXAL</Point>
      <Point>OLTUR</Point>
      <Point>VENVO</Point>
      <Point>GOOLA</Point>
      <Point>BOLTY</Point>
      <Point>ARTHA</Point>
      <Point>EMRIG</Point>
      <Point>MONTY</Point>
      <Point>EGEKA</Point>
      <Point>LIZZI</Point>
      <Point>IBARU</Point>
      <Point>VEPUD</Point>
      <Point>AKSID</Point>
      <Point>ATPER</Point>
      <Point>MAITE</Point>
      <Point>IGPON</Point>
      <Point>PORTS</Point>
      <Point>ATOKU</Point>
      <Point>ESLOK</Point>
      <Point>MILLA</Point>
      <Point>EKKAS</Point>
      <Point>ONAGI</Point>
      <Point>LATTA</Point>
      <Point>WAREN</Point>
      <Point>MICHM</Point>
      <Point>UPKID</Point>
      <Point>WENDY</Point>
      <Point>NIXEN</Point>
      <Point>TEENA</Point>
      <Point>MEMEG</Point>
    </Symbol>
    <!--(ML) RWY34 Airspace-->
    <Line Name="(ML) RWY34_MAE" Width="1.7" Pattern="Dotted">
      -380007.000+1451806.000/-375849.437+1451941.355/-375431.430+1452327.752/-374946.265+1452613.519/-374442.677+1452753.779/-373929.939+1452825.697/-373417.565+1452748.542/-372915.031+1452603.676/-372654.000+1452457.000/-374237.000+1450218.000/-374253.000+1445401.000/-374255.000+1445201.000/-373945.000+1445126.000/-373936.000+1444859.000/-374456.000+1444958.000/-374438.000+1450228.000/-375041.000+1451127.000/-380007.000+1451806.000
    </Line>
    <Line Name="(ML) RWY34_MDN" Width="1.7" Pattern="Dotted">
      -372654.000+1452457.000/-374036.000+1450512.000/-373941.000+1445011.000/-373212.000+1444415.000/-373046.000+1443839.000/-372818.000+1441532.000/-372431.478+1441749.509/-372015.449+1442137.726/-371634.636+1442617.963/-371335.653+1443141.710/-371123.851+1443739.213/-371003.165+1444359.763/-370936.000+1445032.000/-371003.165+1445704.237/-371123.851+1450324.787/-371335.653+1450922.290/-371634.636+1451446.037/-372015.449+1451926.274/-372431.478+1452314.491/-372654.000+1452457.000
    </Line>
    <Line Name="(ML) RWY34_MDS" Width="1.7" Pattern="Dotted">
      -372818.000+1441532.000/-372915.031+1441500.324/-373417.565+1441315.458/-373929.939+1441238.303/-374442.677+1441310.221/-374946.265+1441450.481/-375431.430+1441736.248/-375849.437+1442122.645/-380031.000+1442322.000/-380836.000+1442149.000/-380917.583+1442304.790/-380953.000+1442441.196/-381014.695+1442623.979/-381022.000+1442810.000/-381014.695+1442956.021/-380953.000+1443138.804/-380917.583+1443315.210/-380829.520+1443442.299/-380730.281+1443557.418/-380722.000+1443605.000/-380746.731+1443729.369/-380908.469+1444354.525/-380936.000+1445032.000/-380908.469+1445709.475/-380746.731+1450334.631/-380533.316+1450935.553/-380232.355+1451501.119/-380007.000+1451806.000/-375041.000+1451127.000/-374438.000+1450228.000/-374237.000+1450218.000/-374036.000+1450512.000/-373941.000+1445011.000/-373313.000+1444856.000/-373046.000+1443839.000/-372818.000+1441532.000
    </Line>
  </Map>
  <Map Type="System" Name="ML_RWY34_NAMES" Priority="2" Center="-37.673333+144.843333">
    <Label>
      <Point>ROKDL</Point>
      <Point>POREM</Point>
      <Point>GEDEN</Point>
      <Point>CORRS</Point>
      <Point>ONUTO</Point>
      <Point>HOPLA</Point>
      <Point>CRENA</Point>
      <Point>SALLY</Point>
      <Point>DOSEL</Point>
      <Point>ESDIG</Point>
      <Point>OKMEL</Point>
      <Point>KEPPA</Point>
      <Point>MNG VOR</Point>
      <Point>NEVIS</Point>
      <Point>NONIX</Point>
      <Point>PEBAL</Point>
      <Point>SUNTI</Point>
      <Point>ARBEY</Point>
      <Point>TUNKA</Point>
      <Point>BELTA</Point>
      <Point>OVNER</Point>
      <Point>RENER</Point>
      <Point>GOSKO</Point>
      <Point>LAVER</Point>
      <Point>OBGAL</Point>
      <Point>AKDEL</Point>
      <Point>BOYSE</Point>
      <Point>MAXAL</Point>
      <Point>OLTUR</Point>
      <Point>VENVO</Point>
      <Point>GOOLA</Point>
      <Point>BOLTY</Point>
      <Point>ARTHA</Point>
      <Point>EMRIG</Point>
      <Point>MONTY</Point>
      <Point>EGEKA</Point>
      <Point>SHEED</Point>
      <Point>LIZZI</Point>
      <Point>IBARU</Point>
      <Point>VEPUD</Point>
      <Point>AKSID</Point>
      <Point>ATPER</Point>
      <Point>MAITE</Point>
      <Point>IGPON</Point>
      <Point>MILLA</Point>
      <Point>EKKAS</Point>
      <Point>PORTS</Point>
      <Point>ONAGI</Point>
      <Point>LATTA</Point>
      <Point>ATOKU</Point>
      <Point>ESLOK</Point>
      <Point>WAREN</Point>
      <Point>MICHM</Point>
      <Point>UPKID</Point>
      <Point>WENDY</Point>
      <Point>NIXEN</Point>
      <Point>TEENA</Point>
      <Point>MEMEG</Point>
      <Point>KACEY</Point>
      <Point>NATYA</Point>
      <Point>SALRI</Point>
      <Point>CANTY</Point>
      <Point>AKNUM</Point>
      <Point>AVNAS</Point>
      <Point>AHOSK</Point>
      <Point>IRSOM</Point>
      <Point>BORTO</Point>
      <Point>MAVTO</Point>
      <Point>BADGR</Point>
      <Point>ANGEX</Point>
      <Point>TANTA</Point>
      <Point>ANLID</Point>
      <Point>RUMIE</Point>
      <Point>NABBA</Point>
      <Point>BULLA</Point>
      <Point>LUVAS</Point>
      <Point>NOGIP</Point>
      <Point>DUBUS</Point>
      <Point>WAZZA</Point>
      <Point>TEMIS</Point>
      <Point>OMKON</Point>
      <Point>UBGUT</Point>
      <Point>LANUN</Point>
      <Point>DOTPA</Point>
      <Point>DOVUT</Point>
      <Point>CHITT</Point>
      <Point>MIA VOR</Point>
      <Point>PUBAP</Point>
      <Point>MENOG</Point>
      <Point>TAITE</Point>
      <Point>TUVRA</Point>
      <Point>KII NDB</Point>
      <Point>IBOBO</Point>
    </Label>
  </Map>
</Maps>