﻿<?xml version="1.0" encoding="utf-8"?>
<Maps>
  <Map Type="System" Name="ML_RWY09A16D" Priority="1" Center="-37.673333+144.843333">
    <!--YMML-->
    <Runway Name="09/27">
      <Threshold Name="09" Position="-37.660750+144.822253" ExtendedCentrelineTrack="274.18" ExtendedCentrelineLength="10" ExtendedCentrelineTickInterval="1" />
      <Threshold Name="27" Position="-37.662256+144.848092" />
    </Runway>
    <Runway Name="16/34">
      <Threshold Name="16" Position="-37.653181+144.834914" />
      <Threshold Name="34" Position="-37.685778+144.841000" />
    </Runway>
    <!--SIDs-->
    <Line>
      <!--Rwy16 CORRS9-->
      -374108.800+1445027.600/
      YARRA/
      CORRS
    </Line>
    <Line>
      <!--Rwy16 CRENA2-->
      -374108.800+1445027.600/
      HORSH/
      ALBAK/
      VIDAR/
      MARSH/
      CRENA
    </Line>
    <Line>
      <!--Rwy16 DOSEL1-->
      ALBAK/
      CHIMU/
      SALLY/
      DOSEL
    </Line>
    <Line>
      <!--Rwy16 ESDIG4-->
      MARSH/
      ESDIG
    </Line>
    <Line>
      <!--Rwy16 ISPEG1-->
      HORSH/
      ISPEG
    </Line>
    <Line>
      <!--Rwy16 KEPPA2-->
      ALBAK/
      ABVOG/
      KEPPA
    </Line>
    <Line>
      <!--Rwy16 MNG3-->
      SALLY/
      MNG VOR
    </Line>
    <Line>
      <!--Rwy16 NEVIS7-->
      ALBAK/
      LILMI/
      NEVIS
    </Line>
    <Line>
      <!--Rwy16 NONIX3-->
      SALLY/
      NONIX
    </Line>
    <Line>
      <!--Rwy16 SUNTI3-->
      YARRA/
      SUNTI
    </Line>
    <!--STARs-->
    <Line>
      <!--Rwy09 ARBE7A-->
      ARBEY/
      TUNKA/
      DABUX/
      OPAVA/
      UPKAN/
      GUPUG
    </Line>
    <Line>
      <!--Rwy09 BOYS8A-->
      BOYSE/
      VALES/
      LUSTU/
      ANBEL/
      BUVIV/
      NEFER/
      BELTA/
      OPAVA
    </Line>
    <Line>
      <!--Rwy09 LIZI9A-->
      LIZZI/
      MAXAL/
      HORUS/
      ENSEG/
      NEFER
    </Line>
    <Line>
      <!--Rwy09 PORT7A.MILLA-->
      MILLA/
      EKKAS/
      PORTS
    </Line>
    <Line>
      <!--Rwy09 PORT7A.ONAGI-->
      ONAGI/
      LATTA/
      PORTS
    </Line>
    <Line>
      <!--Rwy09 PORT7A-->
      PORTS/
      KEVEK/
      MISCH/
      RIPMO/
      AVPIX/
      GUPUG
    </Line>
    <Line>
      <!--Rwy09 WARE8A-->
      WAREN/
      MICHM/
      MONTY/
      SANDR/
      AGTEV/
      BELTA
    </Line>
    <Line>
      <!--Rwy09 WEND1A-->
      WENDY/
      NIXEN/
      TEENA/
      RIPMO
    </Line>
    <Symbol Type="HollowTriangle">
      <Point>GUPUG</Point>
    </Symbol>
    <Symbol Type="SolidStar">
      <Point>HORSH</Point>
    </Symbol>
    <Symbol Type="Circle">
      <Point>MNG VOR</Point>
    </Symbol>
    <Symbol Type="HollowStar">
      <Point>YARRA</Point>
      <Point>CORRS</Point>
      <Point>ALBAK</Point>
      <Point>VIDAR</Point>
      <Point>MARSH</Point>
      <Point>CRENA</Point>
      <Point>CHIMU</Point>
      <Point>SALLY</Point>
      <Point>DOSEL</Point>
      <Point>ESDIG</Point>
      <Point>ISPEG</Point>
      <Point>ABVOG</Point>
      <Point>KEPPA</Point>
      <Point>LILMI</Point>
      <Point>NEVIS</Point>
      <Point>NONIX</Point>
      <Point>SUNTI</Point>
      <Point>ARBEY</Point>
      <Point>TUNKA</Point>
      <Point>DABUX</Point>
      <Point>OPAVA</Point>
      <Point>UPKAN</Point>
      <Point>BOYSE</Point>
      <Point>VALES</Point>
      <Point>LUSTU</Point>
      <Point>ANBEL</Point>
      <Point>BUVIV</Point>
      <Point>NEFER</Point>
      <Point>BELTA</Point>
      <Point>LIZZI</Point>
      <Point>MAXAL</Point>
      <Point>HORUS</Point>
      <Point>ENSEG</Point>
      <Point>PORTS</Point>
      <Point>KEVEK</Point>
      <Point>MISCH</Point>
      <Point>RIPMO</Point>
      <Point>AVPIX</Point>
      <Point>MILLA</Point>
      <Point>EKKAS</Point>
      <Point>ONAGI</Point>
      <Point>LATTA</Point>
      <Point>WAREN</Point>
      <Point>MICHM</Point>
      <Point>MONTY</Point>
      <Point>SANDR</Point>
      <Point>AGTEV</Point>
      <Point>WENDY</Point>
      <Point>NIXEN</Point>
      <Point>TEENA</Point>
    </Symbol>
    <!--(ML) RWY09A16D Airspace-->
    <Line Name="(ML) RWY09A16D_MDN-NW" Width="1.7" Pattern="Dotted">
      -370947.231+1444719.197/-371935.013+1444914.549/-371954.650+1444609.136/-372010.298+1444416.106/-371044.822+1444033.511
    </Line>
    <Line Name="(ML) RWY09A16D_MDN-W" Width="1.7" Pattern="Dotted">
      -373846.209+1442519.031/-373605.513+1442539.577/-373243.703+1442648.982/-372934.487+1442841.402/-372643.581+1443113.352/-372416.140+1443420.183/-372216.600+1443756.219/-372048.556+1444154.931/-372010.298+1444416.106
    </Line>
    <Line Name="(ML) RWY09A16D_MDS" Width="1.7" Pattern="Dotted">
      -380030.994+1451728.778/-374642.381+1450819.578/-374358.806+1450350.023/-374040.883+1450231.371/-373909.805+1443711.741/-374312.121+1443716.037/-373846.209+1442519.031/-373733.277+1441252.440/-373930.439+1441237.499/-374443.177+1441309.417/-374946.765+1441449.677/-375431.930+1441735.444/-375849.937+1442121.842/-380029.221+1442321.646/-381343.000+1442049.000/-381413.463+1442219.483/-381446.032+1442453.803/-381457.000+1442733.000/-381446.032+1443012.197/-381413.463+1443246.517/-381320.292+1443511.239/-381247.000+1443617.000/-380829.520+1443442.299/-380730.281+1443557.418/-380722.000+1443605.000/-380747.231+1443728.567/-380908.969+1444353.724/-380936.500+1445031.200/-380908.969+1445708.676/-380747.231+1450333.833/-380533.816+1450934.755/-380232.855+1451500.321/-380030.994+1451728.778
    </Line>
    <Line Name="(ML) RWY09A16D_MDN" Width="1.7" Pattern="Dotted">
      -374312.121+1443716.037/-374521.430+1444244.492/-374521.430+1444244.492/-374420.344+1445102.873/-374420.344+1445102.873/-373956.511+1445016.861
    </Line>
    <Line Name="(ML) RWY09A16D_MDN-E" Width="1.7" Pattern="Dotted">
      -372128.101+1452033.483/-372411.620+1450625.453/-372411.620+1450625.453/-374040.608+1450231.972
    </Line>
    <Line Name="(ML) RWY09A16D_MDN-C" Width="1.7" Pattern="Dotted">
      -373934.991+1450248.118/-373259.406+1445611.050/-373259.406+1445611.050/-373225.904+1444940.148/-373225.904+1444940.148/-373649.115+1444135.312/-373649.115+1444135.312/-373430.576+1443614.987/-373430.576+1443614.987/-372703.121+1443059.732
    </Line>
  </Map>
  <Map Type="System" Name="ML_RWY09A16D_NAMES" Priority="2" Center="-37.673333+144.843333">
    <Label>
      <Point>YARRA</Point>
      <Point>CORRS</Point>
      <Point>HORSH</Point>
      <Point>ALBAK</Point>
      <Point>VIDAR</Point>
      <Point>MARSH</Point>
      <Point>CRENA</Point>
      <Point>CHIMU</Point>
      <Point>SALLY</Point>
      <Point>DOSEL</Point>
      <Point>ESDIG</Point>
      <Point>ISPEG</Point>
      <Point>ABVOG</Point>
      <Point>KEPPA</Point>
      <Point>MNG VOR</Point>
      <Point>LILMI</Point>
      <Point>NEVIS</Point>
      <Point>NONIX</Point>
      <Point>SUNTI</Point>
      <Point>ARBEY</Point>
      <Point>TUNKA</Point>
      <Point>DABUX</Point>
      <Point>OPAVA</Point>
      <Point>UPKAN</Point>
      <Point>GUPUG</Point>
      <Point>BOYSE</Point>
      <Point>VALES</Point>
      <Point>LUSTU</Point>
      <Point>ANBEL</Point>
      <Point>BUVIV</Point>
      <Point>NEFER</Point>
      <Point>BELTA</Point>
      <Point>LIZZI</Point>
      <Point>MAXAL</Point>
      <Point>HORUS</Point>
      <Point>ENSEG</Point>
      <Point>MILLA</Point>
      <Point>EKKAS</Point>
      <Point>PORTS</Point>
      <Point>ONAGI</Point>
      <Point>LATTA</Point>
      <Point>KEVEK</Point>
      <Point>MISCH</Point>
      <Point>RIPMO</Point>
      <Point>AVPIX</Point>
      <Point>WAREN</Point>
      <Point>MICHM</Point>
      <Point>MONTY</Point>
      <Point>SANDR</Point>
      <Point>AGTEV</Point>
      <Point>WENDY</Point>
      <Point>NIXEN</Point>
      <Point>TEENA</Point>
      <Point>KACEY</Point>
      <Point>NATYA</Point>
      <Point>SALRI</Point>
      <Point>CANTY</Point>
      <Point>AKNUM</Point>
      <Point>AVNAS</Point>
      <Point>AHOSK</Point>
      <Point>IRSOM</Point>
      <Point>BORTO</Point>
      <Point>MAVTO</Point>
      <Point>BADGR</Point>
      <Point>ANGEX</Point>
      <Point>TANTA</Point>
      <Point>ANLID</Point>
      <Point>RUMIE</Point>
      <Point>NABBA</Point>
      <Point>BULLA</Point>
      <Point>LUVAS</Point>
      <Point>NOGIP</Point>
      <Point>DUBUS</Point>
      <Point>WAZZA</Point>
      <Point>TEMIS</Point>
      <Point>OMKON</Point>
      <Point>UBGUT</Point>
      <Point>LANUN</Point>
      <Point>DOTPA</Point>
      <Point>DOVUT</Point>
      <Point>CHITT</Point>
      <Point>MIA VOR</Point>
      <Point>PUBAP</Point>
      <Point>MENOG</Point>
      <Point>TAITE</Point>
      <Point>TUVRA</Point>
      <Point>KII NDB</Point>
      <Point>IBOBO</Point>
    </Label>
  </Map>
</Maps>