﻿<?xml version="1.0" encoding="utf-8"?>
<Maps>
  <Map Type="System" Name="ML_RWY16" Priority="1" Center="-37.673333+144.843333">
    <!--YMML-->
    <Runway Name="16/34">
      <Threshold Name="16" Position="-37.653181+144.834914" ExtendedCentrelineTrack="351.56" ExtendedCentrelineLength="11" ExtendedCentrelineTickInterval="1" />
      <Threshold Name="34" Position="-37.685778+144.841000" />
    </Runway>
    <!--SIDs-->
    <Line>
      <!--Rwy16 CORRS9-->
      -374108.800+1445027.600/
      YARRA/
      CORRS
    </Line>
    <Line>
      <!--Rwy16 CRENA2-->
      -374108.800+1445027.600/
      HORSH/
      ALBAK/
      VIDAR/
      MARSH/
      CRENA
    </Line>
    <Line>
      <!--Rwy16 DOSEL1-->
      ALBAK/
      CHIMU/
      SALLY/
      DOSEL
    </Line>
    <Line>
      <!--Rwy16 ESDIG4-->
      MARSH/
      ESDIG
    </Line>
    <Line>
      <!--Rwy16 ISPEG1-->
      HORSH/
      ISPEG
    </Line>
    <Line>
      <!--Rwy16 KEPPA2-->
      ALBAK/
      ABVOG/
      KEPPA
    </Line>
    <Line>
      <!--Rwy16 MNG3-->
      SALLY/
      MNG VOR
    </Line>
    <Line>
      <!--Rwy16 NEVIS7-->
      ALBAK/
      LILMI/
      NEVIS
    </Line>
    <Line>
      <!--Rwy16 NONIX3-->
      SALLY/
      NONIX
    </Line>
    <Line>
      <!--Rwy16 SUNTI3-->
      YARRA/
      SUNTI
    </Line>
    <!--STARs-->
    <Line>
      <!--Rwy16 ARBE7A-->
      ARBEY/
      TUNKA/
      LASOL/
      BELTA
    </Line>
    <Line>
      <!--Rwy16 BOYS8A-->
      BOYSE/
      VALES/
      ANBEL/
      BUVIV/
      NEFER/
      BELTA
    </Line>
    <Line>
      <!--Rwy16 LIZI9A-->
      LIZZI/
      MAXAL/
      HORUS/
      ENSEG/
      NEFER
    </Line>
    <Line>
      <!--Rwy16 WARE8A-->
      WAREN/
      MICHM/
      MONTY/
      SANDR/
      LAGUG/
      NEFER
    </Line>
    <Line>
      <!--Rwy16 WARE8M-->
      MONTY/
      DUGOT/
      VENPU/
      LUVKA
    </Line>
    <Line>
      <!--Rwy16 WEND1A-->
      WENDY/
      TEENA/
      KEELA/
      PASCO/
      JADEL/
      KIKEX/
      NEFER
    </Line>
    <Line>
      <!--Rwy16 WEND1P-->
      PASCO/
      EMSEK
    </Line>
    <Symbol Type="HollowTriangle">
      <Point>BELTA</Point>
      <Point>LUVKA</Point>
      <Point>EMSEK</Point>
    </Symbol>
    <Symbol Type="SolidStar">
      <Point>HORSH</Point>
    </Symbol>
    <Symbol Type="Circle">
      <Point>MNG VOR</Point>
    </Symbol>
    <Symbol Type="HollowStar">
      <Point>YARRA</Point>
      <Point>CORRS</Point>
      <Point>ALBAK</Point>
      <Point>VIDAR</Point>
      <Point>MARSH</Point>
      <Point>CRENA</Point>
      <Point>CHIMU</Point>
      <Point>SALLY</Point>
      <Point>DOSEL</Point>
      <Point>ESDIG</Point>
      <Point>ISPEG</Point>
      <Point>ABVOG</Point>
      <Point>KEPPA</Point>
      <Point>LILMI</Point>
      <Point>NEVIS</Point>
      <Point>NONIX</Point>
      <Point>SUNTI</Point>
      <Point>ARBEY</Point>
      <Point>TUNKA</Point>
      <Point>LASOL</Point>
      <Point>BOYSE</Point>
      <Point>VALES</Point>
      <Point>ANBEL</Point>
      <Point>BUVIV</Point>
      <Point>NEFER</Point>
      <Point>LIZZI</Point>
      <Point>MAXAL</Point>
      <Point>HORUS</Point>
      <Point>ENSEG</Point>
      <Point>WAREN</Point>
      <Point>MICHM</Point>
      <Point>MONTY</Point>
      <Point>SANDR</Point>
      <Point>LAGUG</Point>
      <Point>DUGOT</Point>
      <Point>VENPU</Point>
      <Point>WENDY</Point>
      <Point>TEENA</Point>
      <Point>KEELA</Point>
      <Point>PASCO</Point>
      <Point>JADEL</Point>
      <Point>KIKEX</Point>
    </Symbol>
    <!--(ML) RWY16 Airspace-->
    <Line Name="(ML) RWY16_MAE" Width="1.7" Pattern="Dotted">
      -380007.000+1451806.000/-374641.000+1450848.000/-374335.000+1450341.000/-374351.000+1445405.000/-373941.000+1445011.000/-371957.000+1444605.000/-371120.000+1443749.000/-371003.165+1444359.763/-370936.000+1445032.000/-371003.165+1445704.237/-371123.851+1450324.787/-371335.653+1450922.290/-371634.636+1451446.037/-372015.449+1451926.274/-372431.478+1452314.491/-372915.031+1452603.676/-373417.565+1452748.542/-373929.939+1452825.697/-374442.677+1452753.779/-374946.265+1452613.519/-375431.430+1452327.752/-375849.437+1451941.355/-380007.000+1451806.000
    </Line>
    <Line Name="(ML) RWY16_MDN" Width="1.7" Pattern="Dotted">
      -372150.000+1452103.000/-372432.000+1450700.000/-374003.000+1450140.000/-374335.000+1450341.000/-374351.000+1445405.000/-373941.000+1445011.000/-374706.000+1445136.000/-374443.000+1443245.000/-374100.000+1443145.000/-373414.000+1441315.000/-372915.031+1441500.324/-372431.478+1441749.509/-372015.449+1442137.726/-371634.636+1442617.963/-371335.653+1443141.710/-371123.851+1443739.213/-371003.165+1444359.763/-370936.000+1445032.000/-371003.165+1445704.237/-371123.851+1450324.787/-371335.653+1450922.290/-371634.636+1451446.037/-372015.449+1451926.274/-372150.000+1452103.000
    </Line>
    <Line Name="(ML) RWY16_MDS" Width="1.7" Pattern="Dotted">
      -380007.000+1451806.000/-380232.355+1451501.119/-380533.316+1450935.553/-380746.731+1450334.631/-380908.469+1445709.475/-380936.000+1445032.000/-380908.469+1444354.525/-380746.731+1443729.369/-380722.000+1443605.000/-380730.281+1443557.418/-380829.520+1443442.299/-380917.583+1443315.210/-380953.000+1443138.804/-381014.695+1442956.021/-381022.000+1442810.000/-381014.695+1442623.979/-380953.000+1442441.196/-380917.583+1442304.790/-380836.000+1442149.000/-380031.000+1442322.000/-375849.437+1442122.645/-375431.430+1441736.248/-374946.265+1441450.481/-374442.677+1441310.221/-373929.939+1441238.303/-373417.565+1441315.458/-373414.000+1441315.000/-374100.000+1443145.000/-374135.000+1445032.000/-373941.000+1445011.000/-374351.000+1445405.000/-374335.000+1450341.000/-374641.000+1450848.000/-380007.000+1451806.000
    </Line>
  </Map>
  <Map Type="System" Name="ML_RWY16_NAMES" Priority="2" Center="-37.673333+144.843333">
    <Label>
      <Point>YARRA</Point>
      <Point>CORRS</Point>
      <Point>HORSH</Point>
      <Point>ALBAK</Point>
      <Point>VIDAR</Point>
      <Point>MARSH</Point>
      <Point>CRENA</Point>
      <Point>CHIMU</Point>
      <Point>SALLY</Point>
      <Point>DOSEL</Point>
      <Point>ESDIG</Point>
      <Point>ISPEG</Point>
      <Point>ABVOG</Point>
      <Point>KEPPA</Point>
      <Point>MNG VOR</Point>
      <Point>LILMI</Point>
      <Point>NEVIS</Point>
      <Point>NONIX</Point>
      <Point>SUNTI</Point>
      <Point>ARBEY</Point>
      <Point>TUNKA</Point>
      <Point>LASOL</Point>
      <Point>BELTA</Point>
      <Point>BOYSE</Point>
      <Point>VALES</Point>
      <Point>ANBEL</Point>
      <Point>BUVIV</Point>
      <Point>NEFER</Point>
      <Point>LIZZI</Point>
      <Point>MAXAL</Point>
      <Point>HORUS</Point>
      <Point>ENSEG</Point>
      <Point>WAREN</Point>
      <Point>MICHM</Point>
      <Point>MONTY</Point>
      <Point>SANDR</Point>
      <Point>LAGUG</Point>
      <Point>DUGOT</Point>
      <Point>VENPU</Point>
      <Point>LUVKA</Point>
      <Point>WENDY</Point>
      <Point>TEENA</Point>
      <Point>KEELA</Point>
      <Point>PASCO</Point>
      <Point>JADEL</Point>
      <Point>KIKEX</Point>
      <Point>EMSEK</Point>
      <Point>KACEY</Point>
      <Point>NATYA</Point>
      <Point>SALRI</Point>
      <Point>CANTY</Point>
      <Point>AKNUM</Point>
      <Point>AVNAS</Point>
      <Point>AHOSK</Point>
      <Point>IRSOM</Point>
      <Point>BORTO</Point>
      <Point>MAVTO</Point>
      <Point>BADGR</Point>
      <Point>ANGEX</Point>
      <Point>TANTA</Point>
      <Point>ANLID</Point>
      <Point>RUMIE</Point>
      <Point>NABBA</Point>
      <Point>BULLA</Point>
      <Point>LUVAS</Point>
      <Point>NOGIP</Point>
      <Point>DUBUS</Point>
      <Point>WAZZA</Point>
      <Point>TEMIS</Point>
      <Point>OMKON</Point>
      <Point>UBGUT</Point>
      <Point>LANUN</Point>
      <Point>DOTPA</Point>
      <Point>DOVUT</Point>
      <Point>CHITT</Point>
      <Point>MIA VOR</Point>
      <Point>PUBAP</Point>
      <Point>MENOG</Point>
      <Point>TAITE</Point>
      <Point>TUVRA</Point>
      <Point>KII NDB</Point>
      <Point>IBOBO</Point>
    </Label>
  </Map>
</Maps>