﻿<?xml version="1.0" encoding="utf-8"?>
<Maps>
  <Map Type="System" Name="ML_RWY09LAHSO34" Priority="1" Center="-37.673333+144.843333">
    <!--YMML-->
    <Runway Name="09/27">
      <Threshold Name="09" Position="-37.660750+144.822253" ExtendedCentrelineTrack="274.18" ExtendedCentrelineLength="10" ExtendedCentrelineTickInterval="1" />
      <Threshold Name="27" Position="-37.662256+144.848092" />
    </Runway>
    <Runway Name="16/34">
      <Threshold Name="16" Position="-37.653181+144.834914" />
      <Threshold Name="34" Position="-37.685778+144.841000" ExtendedCentrelineTrack="171.56" ExtendedCentrelineLength="10" ExtendedCentrelineTickInterval="1" />
    </Runway>
    <!--SIDs-->
    <Line>
      <!--Rwy34 CORRS9-->
      -373911.450+1445005.690/
      ROKDL/
      POREM/
      GEDEN/
      CORRS
    </Line>
    <Line>
      <!--Rwy34 CRENA2-->
      -373911.450+1445005.690/
      ONUTO/
      -373500.303+1444912.763/
      HOPLA/
      CRENA
    </Line>
    <Line>
      <!--Rwy34 DOSEL1-->
      ROKDL/
      SALLY/
      DOSEL
    </Line>
    <Line>
      <!--Rwy34 ESDIG4-->
      HOPLA/
      ESDIG
    </Line>
    <Line>
      <!--Rwy34 KEPPA2-->
      -373911.450+1445005.690/
      OKMEL/
      KEPPA
    </Line>
    <Line>
      <!--Rwy34 MNG3-->
      SALLY/
      MNG VOR
    </Line>
    <Line>
      <!--Rwy34 NEVIS7-->
      OKMEL/
      NEVIS
    </Line>
    <Line>
      <!--Rwy34 NONIX3-->
      SALLY/
      NONIX
    </Line>
    <Line>
      <!--Rwy34 SUNTI3-->
      GEDEN/
      PEBAL/
      SUNTI
    </Line>
    <!--STARs-->
    <Line>
      <!--Rwy09 ARBE7A-->
      ARBEY/
      TUNKA/
      DABUX/
      OPAVA/
      UPKAN/
      GUPUG
    </Line>
    <Line>
      <!--Rwy09 BOYS8A-->
      BOYSE/
      VALES/
      LUSTU/
      ANBEL/
      BUVIV/
      NEFER/
      BELTA/
      OPAVA
    </Line>
    <Line>
      <!--Rwy09 LIZI9A-->
      LIZZI/
      MAXAL/
      HORUS/
      ENSEG/
      NEFER
    </Line>
    <Line>
      <!--Rwy09 PORT7A.MILLA-->
      MILLA/
      EKKAS/
      PORTS
    </Line>
    <Line>
      <!--Rwy09 PORT7A.ONAGI-->
      ONAGI/
      LATTA/
      PORTS
    </Line>
    <Line>
      <!--Rwy09 PORT7A-->
      PORTS/
      KEVEK/
      MISCH/
      RIPMO/
      AVPIX/
      GUPUG
    </Line>
    <Line>
      <!--Rwy09 WARE8A-->
      WAREN/
      MICHM/
      MONTY/
      SANDR/
      AGTEV/
      BELTA
    </Line>
    <Line>
      <!--Rwy09 WEND1A-->
      WENDY/
      NIXEN/
      TEENA/
      RIPMO
    </Line>
    <Line>
      <!--Rwy34 ARBE7A-->
      TUNKA/
      BELTA/
      OVNER/
      RENER/
      GOSKO/
      LAVER/
      OBGAL/
      AKDEL
    </Line>
    <Line>
      <!--Rwy34 BOYS8A-->
      BOYSE/
      MAXAL/
      OLTUR/
      VENVO/
      GOOLA/
      BOLTY/
      AKDEL
    </Line>
    <Line>
      <!--Rwy34 BOYS8V-->
      MAXAL/
      ARTHA/
      EMRIG/
      MONTY/
      EGEKA/
      SHEED
    </Line>
    <Line>
      <!--Rwy34 LIZI9A-->
      LIZZI/
      IBARU/
      VEPUD/
      AKSID/
      GOOLA
    </Line>
    <Line>
      <!--Rwy34 LIZI9V-->
      LIZZI/
      ATPER/
      MAITE/
      IGPON/
      MONTY
    </Line>
    <Line>
      <!--Rwy34 PORT7A.MILLA-->
    </Line>
    <Line>
      <!--Rwy34 PORT7A.ONAGI-->
    </Line>
    <Line>
      <!--Rwy34 PORT7A-->
      PORTS/
      ATOKU/
      ESLOK/
      AKDEL
    </Line>
    <Line>
      <!--Rwy34 WARE8A-->
      MICHM/
      UPKID/
      GOOLA
    </Line>
    <Line>
      <!--Rwy34 WARE8V-->
    </Line>
    <Line>
      <!--Rwy34 WEND1A-->
      TEENA/
      MEMEG/
      LAVER
    </Line>
    <Symbol Type="HollowTriangle">
      <Point>GUPUG</Point>
      <Point>AKDEL</Point>
      <Point>SHEED</Point>
    </Symbol>
    <Symbol Type="SolidStar">
      <Point>POREM</Point>
    </Symbol>
    <Symbol Type="Circle">
      <Point>MNG VOR</Point>
    </Symbol>
    <Symbol Type="HollowStar">
      <Point>ROKDL</Point>
      <Point>GEDEN</Point>
      <Point>CORRS</Point>
      <Point>ONUTO</Point>
      <Point>HOPLA</Point>
      <Point>CRENA</Point>
      <Point>SALLY</Point>
      <Point>DOSEL</Point>
      <Point>ESDIG</Point>
      <Point>OKMEL</Point>
      <Point>KEPPA</Point>
      <Point>NEVIS</Point>
      <Point>NONIX</Point>
      <Point>PEBAL</Point>
      <Point>SUNTI</Point>
      <Point>ARBEY</Point>
      <Point>TUNKA</Point>
      <Point>DABUX</Point>
      <Point>OPAVA</Point>
      <Point>UPKAN</Point>
      <Point>BOYSE</Point>
      <Point>VALES</Point>
      <Point>LUSTU</Point>
      <Point>ANBEL</Point>
      <Point>BUVIV</Point>
      <Point>NEFER</Point>
      <Point>BELTA</Point>
      <Point>LIZZI</Point>
      <Point>MAXAL</Point>
      <Point>HORUS</Point>
      <Point>ENSEG</Point>
      <Point>PORTS</Point>
      <Point>KEVEK</Point>
      <Point>MISCH</Point>
      <Point>RIPMO</Point>
      <Point>AVPIX</Point>
      <Point>MILLA</Point>
      <Point>EKKAS</Point>
      <Point>ONAGI</Point>
      <Point>LATTA</Point>
      <Point>WAREN</Point>
      <Point>MICHM</Point>
      <Point>MONTY</Point>
      <Point>SANDR</Point>
      <Point>AGTEV</Point>
      <Point>WENDY</Point>
      <Point>NIXEN</Point>
      <Point>TEENA</Point>
      <Point>OVNER</Point>
      <Point>RENER</Point>
      <Point>GOSKO</Point>
      <Point>LAVER</Point>
      <Point>OBGAL</Point>
      <Point>OLTUR</Point>
      <Point>VENVO</Point>
      <Point>GOOLA</Point>
      <Point>BOLTY</Point>
      <Point>ARTHA</Point>
      <Point>EMRIG</Point>
      <Point>EGEKA</Point>
      <Point>IBARU</Point>
      <Point>VEPUD</Point>
      <Point>AKSID</Point>
      <Point>ATPER</Point>
      <Point>MAITE</Point>
      <Point>IGPON</Point>
      <Point>ATOKU</Point>
      <Point>ESLOK</Point>
      <Point>UPKID</Point>
      <Point>MEMEG</Point>
    </Symbol>
  </Map>
  <Map Type="System" Name="ML_RWY09LAHSO34_NAMES" Priority="2" Center="-37.673333+144.843333">
    <Label>
      <Point>ROKDL</Point>
      <Point>POREM</Point>
      <Point>GEDEN</Point>
      <Point>CORRS</Point>
      <Point>ONUTO</Point>
      <Point>HOPLA</Point>
      <Point>CRENA</Point>
      <Point>SALLY</Point>
      <Point>DOSEL</Point>
      <Point>ESDIG</Point>
      <Point>OKMEL</Point>
      <Point>KEPPA</Point>
      <Point>MNG VOR</Point>
      <Point>NEVIS</Point>
      <Point>NONIX</Point>
      <Point>PEBAL</Point>
      <Point>SUNTI</Point>
      <Point>ARBEY</Point>
      <Point>TUNKA</Point>
      <Point>DABUX</Point>
      <Point>OPAVA</Point>
      <Point>UPKAN</Point>
      <Point>GUPUG</Point>
      <Point>BOYSE</Point>
      <Point>VALES</Point>
      <Point>LUSTU</Point>
      <Point>ANBEL</Point>
      <Point>BUVIV</Point>
      <Point>NEFER</Point>
      <Point>BELTA</Point>
      <Point>LIZZI</Point>
      <Point>MAXAL</Point>
      <Point>HORUS</Point>
      <Point>ENSEG</Point>
      <Point>MILLA</Point>
      <Point>EKKAS</Point>
      <Point>PORTS</Point>
      <Point>ONAGI</Point>
      <Point>LATTA</Point>
      <Point>KEVEK</Point>
      <Point>MISCH</Point>
      <Point>RIPMO</Point>
      <Point>AVPIX</Point>
      <Point>WAREN</Point>
      <Point>MICHM</Point>
      <Point>MONTY</Point>
      <Point>SANDR</Point>
      <Point>AGTEV</Point>
      <Point>WENDY</Point>
      <Point>NIXEN</Point>
      <Point>TEENA</Point>
      <Point>OVNER</Point>
      <Point>RENER</Point>
      <Point>GOSKO</Point>
      <Point>LAVER</Point>
      <Point>OBGAL</Point>
      <Point>AKDEL</Point>
      <Point>OLTUR</Point>
      <Point>VENVO</Point>
      <Point>GOOLA</Point>
      <Point>BOLTY</Point>
      <Point>ARTHA</Point>
      <Point>EMRIG</Point>
      <Point>EGEKA</Point>
      <Point>SHEED</Point>
      <Point>IBARU</Point>
      <Point>VEPUD</Point>
      <Point>AKSID</Point>
      <Point>ATPER</Point>
      <Point>MAITE</Point>
      <Point>IGPON</Point>
      <Point>ATOKU</Point>
      <Point>ESLOK</Point>
      <Point>UPKID</Point>
      <Point>MEMEG</Point>
      <Point>KACEY</Point>
      <Point>NATYA</Point>
      <Point>SALRI</Point>
      <Point>CANTY</Point>
      <Point>AKNUM</Point>
      <Point>AVNAS</Point>
      <Point>AHOSK</Point>
      <Point>IRSOM</Point>
      <Point>BORTO</Point>
      <Point>MAVTO</Point>
      <Point>BADGR</Point>
      <Point>ANGEX</Point>
      <Point>TANTA</Point>
      <Point>ANLID</Point>
      <Point>RUMIE</Point>
      <Point>NABBA</Point>
      <Point>BULLA</Point>
      <Point>LUVAS</Point>
      <Point>NOGIP</Point>
      <Point>DUBUS</Point>
      <Point>WAZZA</Point>
      <Point>TEMIS</Point>
      <Point>OMKON</Point>
      <Point>UBGUT</Point>
      <Point>LANUN</Point>
      <Point>DOTPA</Point>
      <Point>DOVUT</Point>
      <Point>CHITT</Point>
      <Point>MIA VOR</Point>
      <Point>PUBAP</Point>
      <Point>MENOG</Point>
      <Point>TAITE</Point>
      <Point>TUVRA</Point>
      <Point>KII NDB</Point>
      <Point>IBOBO</Point>
    </Label>
  </Map>
</Maps>