﻿<?xml version="1.0" encoding="utf-8"?>
<Maps>
  <Map Type="System" Name="ML_RWY2734D" Priority="1" Center="-37.673333+144.843333">
    <!--YMML-->
    <Runway Name="09/27">
      <Threshold Name="09" Position="-37.660750+144.822253" />
      <Threshold Name="27" Position="-37.662256+144.848092" ExtendedCentrelineTrack="94.2" ExtendedCentrelineLength="10" ExtendedCentrelineTickInterval="1" />
    </Runway>
    <Runway Name="16/34">
      <Threshold Name="16" Position="-37.653181+144.834914" />
      <Threshold Name="34" Position="-37.685778+144.841000" />
    </Runway>
    <!--SIDs-->
    <Line>
      <!--Rwy27 CORRS9-->
      -373938.700+1444920.110/
      HOPLA/
      DARLY/
      STEVO/
      CORRS
    </Line>
    <Line>
      <!--Rwy27 CRENA2-->
      HOPLA/
      CRENA
    </Line>
    <Line>
      <!--Rwy27 DOSEL1-->
      -373938.700+1444920.110/
      ATNOL/
      PARSI/
      PEBTO/
      PEART/
      DOSEL
    </Line>
    <Line>
      <!--Rwy27 ESDIG4-->
      HOPLA/
      ESDIG
    </Line>
    <Line>
      <!--Rwy27 KEPPA2-->
      ATNOL/
      KEPPA
    </Line>
    <Line>
      <!--Rwy27 MNG3-->
      PEART/
      MNG VOR
    </Line>
    <Line>
      <!--Rwy27 NEVIS7-->
      ATNOL/
      NEVIS
    </Line>
    <Line>
      <!--Rwy27 NONIX3-->
      PEART/
      NONIX
    </Line>
    <Line>
      <!--Rwy27 SUNTI3-->
      DARLY/
      SUNTI
    </Line>
    <Line>
      <!--Rwy34 CORRS9-->
      -373911.450+1445005.690/
      ROKDL/
      POREM/
      GEDEN/
      CORRS
    </Line>
    <Line>
      <!--Rwy34 CRENA2-->
      -373911.450+1445005.690/
      ONUTO/
      -373500.303+1444912.763/
      HOPLA
    </Line>
    <Line>
      <!--Rwy34 DOSEL1-->
      ROKDL/
      SALLY/
      DOSEL
    </Line>
    <Line>
      <!--Rwy34 ESDIG4-->
    </Line>
    <Line>
      <!--Rwy34 KEPPA2-->
      -373911.450+1445005.690/
      OKMEL/
      KEPPA
    </Line>
    <Line>
      <!--Rwy34 MNG3-->
      SALLY/
      MNG VOR
    </Line>
    <Line>
      <!--Rwy34 NEVIS7-->
      OKMEL/
      NEVIS
    </Line>
    <Line>
      <!--Rwy34 NONIX3-->
      SALLY/
      NONIX
    </Line>
    <Line>
      <!--Rwy34 SUNTI3-->
      GEDEN/
      PEBAL/
      SUNTI
    </Line>
    <!--STARs-->
    <Line>
      <!--Rwy27 ARBE7A-->
      ARBEY/
      TUNKA/
      BELTA/
      LAKEP/
      BOBEL/
      PAULA/
      VISAS
    </Line>
    <Line>
      <!--Rwy27 BOYS8A-->
      BOYSE/
      MAXAL/
      HAYES/
      DOREN/
      VISAS
    </Line>
    <Line>
      <!--Rwy27 LIZI9A-->
      LIZZI/
      ATPER/
      MAITE/
      ENDUM/
      VISAS
    </Line>
    <Line>
      <!--Rwy27 WARE8A-->
      WAREN/
      MICHM/
      MONTY/
      VISAS
    </Line>
    <Line>
      <!--Rwy27 WEND1A-->
      WENDY/
      TEENA/
      KEELA/
      NOMID/
      ROCEL/
      VISAS
    </Line>
    <Symbol Type="HollowTriangle">
      <Point>VISAS</Point>
    </Symbol>
    <Symbol Type="SolidStar">
      <Point>POREM</Point>
    </Symbol>
    <Symbol Type="Circle">
      <Point>MNG VOR</Point>
    </Symbol>
    <Symbol Type="HollowStar">
      <Point>HOPLA</Point>
      <Point>DARLY</Point>
      <Point>STEVO</Point>
      <Point>CORRS</Point>
      <Point>CRENA</Point>
      <Point>ATNOL</Point>
      <Point>PARSI</Point>
      <Point>PEBTO</Point>
      <Point>PEART</Point>
      <Point>DOSEL</Point>
      <Point>ESDIG</Point>
      <Point>KEPPA</Point>
      <Point>NEVIS</Point>
      <Point>NONIX</Point>
      <Point>SUNTI</Point>
      <Point>ROKDL</Point>
      <Point>GEDEN</Point>
      <Point>ONUTO</Point>
      <Point>SALLY</Point>
      <Point>OKMEL</Point>
      <Point>PEBAL</Point>
      <Point>ARBEY</Point>
      <Point>TUNKA</Point>
      <Point>BELTA</Point>
      <Point>LAKEP</Point>
      <Point>BOBEL</Point>
      <Point>PAULA</Point>
      <Point>BOYSE</Point>
      <Point>MAXAL</Point>
      <Point>HAYES</Point>
      <Point>DOREN</Point>
      <Point>LIZZI</Point>
      <Point>ATPER</Point>
      <Point>MAITE</Point>
      <Point>ENDUM</Point>
      <Point>WAREN</Point>
      <Point>MICHM</Point>
      <Point>MONTY</Point>
      <Point>WENDY</Point>
      <Point>TEENA</Point>
      <Point>KEELA</Point>
      <Point>NOMID</Point>
      <Point>ROCEL</Point>
    </Symbol>
  </Map>
  <Map Type="System" Name="ML_RWY2734D_NAMES" Priority="2" Center="-37.673333+144.843333">
    <Label>
      <Point>HOPLA</Point>
      <Point>DARLY</Point>
      <Point>STEVO</Point>
      <Point>CORRS</Point>
      <Point>CRENA</Point>
      <Point>ATNOL</Point>
      <Point>PARSI</Point>
      <Point>PEBTO</Point>
      <Point>PEART</Point>
      <Point>DOSEL</Point>
      <Point>ESDIG</Point>
      <Point>KEPPA</Point>
      <Point>MNG VOR</Point>
      <Point>NEVIS</Point>
      <Point>NONIX</Point>
      <Point>SUNTI</Point>
      <Point>ROKDL</Point>
      <Point>POREM</Point>
      <Point>GEDEN</Point>
      <Point>ONUTO</Point>
      <Point>SALLY</Point>
      <Point>OKMEL</Point>
      <Point>PEBAL</Point>
      <Point>ARBEY</Point>
      <Point>TUNKA</Point>
      <Point>BELTA</Point>
      <Point>LAKEP</Point>
      <Point>BOBEL</Point>
      <Point>PAULA</Point>
      <Point>VISAS</Point>
      <Point>BOYSE</Point>
      <Point>MAXAL</Point>
      <Point>HAYES</Point>
      <Point>DOREN</Point>
      <Point>LIZZI</Point>
      <Point>ATPER</Point>
      <Point>MAITE</Point>
      <Point>ENDUM</Point>
      <Point>WAREN</Point>
      <Point>MICHM</Point>
      <Point>MONTY</Point>
      <Point>WENDY</Point>
      <Point>TEENA</Point>
      <Point>KEELA</Point>
      <Point>NOMID</Point>
      <Point>ROCEL</Point>
      <Point>KACEY</Point>
      <Point>NATYA</Point>
      <Point>SALRI</Point>
      <Point>CANTY</Point>
      <Point>AKNUM</Point>
      <Point>AVNAS</Point>
      <Point>AHOSK</Point>
      <Point>IRSOM</Point>
      <Point>BORTO</Point>
      <Point>MAVTO</Point>
      <Point>BADGR</Point>
      <Point>ANGEX</Point>
      <Point>TANTA</Point>
      <Point>ANLID</Point>
      <Point>RUMIE</Point>
      <Point>NABBA</Point>
      <Point>BULLA</Point>
      <Point>LUVAS</Point>
      <Point>NOGIP</Point>
      <Point>DUBUS</Point>
      <Point>WAZZA</Point>
      <Point>TEMIS</Point>
      <Point>OMKON</Point>
      <Point>UBGUT</Point>
      <Point>LANUN</Point>
      <Point>DOTPA</Point>
      <Point>DOVUT</Point>
      <Point>CHITT</Point>
      <Point>MIA VOR</Point>
      <Point>PUBAP</Point>
      <Point>MENOG</Point>
      <Point>TAITE</Point>
      <Point>TUVRA</Point>
      <Point>KII NDB</Point>
      <Point>IBOBO</Point>
    </Label>
  </Map>
</Maps>