﻿<?xml version="1.0" encoding="utf-8"?>
<Maps>
  <Map Type="System" Name="ML_RWY09" Priority="1" Center="-37.673333+144.843333">
    <!--YMML-->
    <Runway Name="09/27">
      <Threshold Name="09" Position="-37.660750+144.822253" ExtendedCentrelineTrack="274.18" ExtendedCentrelineLength="10" ExtendedCentrelineTickInterval="1" />
      <Threshold Name="27" Position="-37.662256+144.848092" />
    </Runway>
    <!--SIDs-->
    <!--STARs-->
    <Line>
      <!--Rwy09 ARBE7A-->
      ARBEY/
      TUNKA/
      DABUX/
      OPAVA/
      UPKAN/
      GUPUG
    </Line>
    <Line>
      <!--Rwy09 BOYS8A-->
      BOYSE/
      VALES/
      LUSTU/
      ANBEL/
      BUVIV/
      NEFER/
      BELTA/
      OPAVA
    </Line>
    <Line>
      <!--Rwy09 LIZI9A-->
      LIZZI/
      MAXAL/
      HORUS/
      ENSEG/
      NEFER
    </Line>
    <Line>
      <!--Rwy09 PORT7A.MILLA-->
      MILLA/
      EKKAS/
      PORTS
    </Line>
    <Line>
      <!--Rwy09 PORT7A.ONAGI-->
      ONAGI/
      LATTA/
      PORTS
    </Line>
    <Line>
      <!--Rwy09 PORT7A-->
      PORTS/
      KEVEK/
      MISCH/
      RIPMO/
      AVPIX/
      GUPUG
    </Line>
    <Line>
      <!--Rwy09 WARE8A-->
      WAREN/
      MICHM/
      MONTY/
      SANDR/
      AGTEV/
      BELTA
    </Line>
    <Line>
      <!--Rwy09 WEND1A-->
      WENDY/
      NIXEN/
      TEENA/
      RIPMO
    </Line>
    <Symbol Type="HollowTriangle">
      <Point>GUPUG</Point>
    </Symbol>
    <Symbol Type="HollowStar">
      <Point>ARBEY</Point>
      <Point>TUNKA</Point>
      <Point>DABUX</Point>
      <Point>OPAVA</Point>
      <Point>UPKAN</Point>
      <Point>BOYSE</Point>
      <Point>VALES</Point>
      <Point>LUSTU</Point>
      <Point>ANBEL</Point>
      <Point>BUVIV</Point>
      <Point>NEFER</Point>
      <Point>BELTA</Point>
      <Point>LIZZI</Point>
      <Point>MAXAL</Point>
      <Point>HORUS</Point>
      <Point>ENSEG</Point>
      <Point>PORTS</Point>
      <Point>KEVEK</Point>
      <Point>MISCH</Point>
      <Point>RIPMO</Point>
      <Point>AVPIX</Point>
      <Point>MILLA</Point>
      <Point>EKKAS</Point>
      <Point>ONAGI</Point>
      <Point>LATTA</Point>
      <Point>WAREN</Point>
      <Point>MICHM</Point>
      <Point>MONTY</Point>
      <Point>SANDR</Point>
      <Point>AGTEV</Point>
      <Point>WENDY</Point>
      <Point>NIXEN</Point>
      <Point>TEENA</Point>
    </Symbol>
    <!--(ML) RWY09 Airspace-->
    <Line Name="(ML) RWY09_MAE" Width="1.7" Pattern="Dotted">
      -372700.000+1452445.000/-372915.031+1452603.676/-373417.565+1452748.542/-373929.939+1452825.697/-374442.677+1452753.779/-374946.265+1452613.519/-375431.430+1452327.752/-375849.437+1451941.355/-380007.000+1451806.000/-374641.000+1450848.000/-374435.000+1450230.000/-374457.000+1445112.000/-374713.000+1442548.000/-374447.000+1442611.000/-373808.000+1442546.000/-373941.000+1445011.000/-374258.000+1445050.000/-374233.000+1450220.000/-372700.000+1452445.000
    </Line>
    <Line Name="(ML) RWY09_MDN" Width="1.7" Pattern="Dotted">
      -372700.000+1452445.000/-374036.000+1450509.000/-373941.000+1445011.000/-373718.000+1441245.000/-373417.565+1441315.458/-372915.031+1441500.324/-372431.478+1441749.509/-372015.449+1442137.726/-371634.636+1442617.963/-371335.653+1443141.710/-371123.851+1443739.213/-371003.165+1444359.763/-370936.000+1445032.000/-371003.165+1445704.237/-371123.851+1450324.787/-371335.653+1450922.290/-371634.636+1451446.037/-372015.449+1451926.274/-372431.478+1452314.491/-372700.000+1452445.000
    </Line>
    <Line Name="(ML) RWY09_MDS" Width="1.7" Pattern="Dotted">
      -373718.000+1441245.000/-373929.939+1441238.303/-374442.677+1441310.221/-374946.265+1441450.481/-375431.430+1441736.248/-375849.437+1442122.645/-380031.000+1442322.000/-380836.000+1442149.000/-380917.583+1442304.790/-380953.000+1442441.196/-381014.695+1442623.979/-381022.000+1442810.000/-381014.695+1442956.021/-380953.000+1443138.804/-380917.583+1443315.210/-380829.520+1443442.299/-380730.281+1443557.418/-380722.000+1443605.000/-380746.731+1443729.369/-380908.469+1444354.525/-380936.000+1445032.000/-380908.469+1445709.475/-380746.731+1450334.631/-380533.316+1450935.553/-380232.355+1451501.119/-380007.000+1451806.000/-374641.000+1450848.000/-374435.000+1450230.000/-374233.000+1450220.000/-374036.000+1450509.000/-373941.000+1445011.000/-373718.000+1441245.000
    </Line>
  </Map>
  <Map Type="System" Name="ML_RWY09_NAMES" Priority="2" Center="-37.673333+144.843333">
    <Label>
      <Point>ARBEY</Point>
      <Point>TUNKA</Point>
      <Point>DABUX</Point>
      <Point>OPAVA</Point>
      <Point>UPKAN</Point>
      <Point>GUPUG</Point>
      <Point>BOYSE</Point>
      <Point>VALES</Point>
      <Point>LUSTU</Point>
      <Point>ANBEL</Point>
      <Point>BUVIV</Point>
      <Point>NEFER</Point>
      <Point>BELTA</Point>
      <Point>LIZZI</Point>
      <Point>MAXAL</Point>
      <Point>HORUS</Point>
      <Point>ENSEG</Point>
      <Point>MILLA</Point>
      <Point>EKKAS</Point>
      <Point>PORTS</Point>
      <Point>ONAGI</Point>
      <Point>LATTA</Point>
      <Point>KEVEK</Point>
      <Point>MISCH</Point>
      <Point>RIPMO</Point>
      <Point>AVPIX</Point>
      <Point>WAREN</Point>
      <Point>MICHM</Point>
      <Point>MONTY</Point>
      <Point>SANDR</Point>
      <Point>AGTEV</Point>
      <Point>WENDY</Point>
      <Point>NIXEN</Point>
      <Point>TEENA</Point>
      <Point>NONIX</Point>
      <Point>KACEY</Point>
      <Point>NATYA</Point>
      <Point>SALRI</Point>
      <Point>CANTY</Point>
      <Point>KEPPA</Point>
      <Point>AKNUM</Point>
      <Point>SUNTI</Point>
      <Point>AVNAS</Point>
      <Point>AHOSK</Point>
      <Point>IRSOM</Point>
      <Point>NEVIS</Point>
      <Point>BORTO</Point>
      <Point>MAVTO</Point>
      <Point>BADGR</Point>
      <Point>ANGEX</Point>
      <Point>TANTA</Point>
      <Point>ANLID</Point>
      <Point>RUMIE</Point>
      <Point>NABBA</Point>
      <Point>BULLA</Point>
      <Point>LUVAS</Point>
      <Point>ESDIG</Point>
      <Point>NOGIP</Point>
      <Point>DUBUS</Point>
      <Point>WAZZA</Point>
      <Point>TEMIS</Point>
      <Point>OMKON</Point>
      <Point>UBGUT</Point>
      <Point>LANUN</Point>
      <Point>DOTPA</Point>
      <Point>DOVUT</Point>
      <Point>CHITT</Point>
      <Point>MIA VOR</Point>
      <Point>PUBAP</Point>
      <Point>MENOG</Point>
      <Point>TAITE</Point>
      <Point>TUVRA</Point>
      <Point>KII NDB</Point>
      <Point>IBOBO</Point>
    </Label>
  </Map>
</Maps>