﻿<?xml version="1.0" encoding="utf-8"?>
<Maps>
  <Map Type="System" Name="ML_TCU" Priority="1" Center="-37.673333+144.843333">
    <!--YMMB-->
    <Runway Name="04/22">
      <Threshold Name="04" Position="-37.979519+145.098128" ExtendedCentrelineTrack="227.37" ExtendedCentrelineLength="3" ExtendedCentrelineTickInterval="3" />
      <Threshold Name="22" Position="-37.976650+145.102067" ExtendedCentrelineTrack="47.38" ExtendedCentrelineLength="3" ExtendedCentrelineTickInterval="3" />
    </Runway>
    <Runway Name="13L/31R">
      <Threshold Name="13L" Position="-37.972908+145.098644" ExtendedCentrelineTrack="322" ExtendedCentrelineLength="3" ExtendedCentrelineTickInterval="3" />
      <Threshold Name="31R" Position="-37.980289+145.105928" ExtendedCentrelineTrack="142.01" ExtendedCentrelineLength="3" ExtendedCentrelineTickInterval="3" />
    </Runway>
    <Runway Name="13R/31L">
      <Threshold Name="13R" Position="-37.975706+145.098322" />
      <Threshold Name="31L" Position="-37.981019+145.103567" />
    </Runway>
    <Runway Name="17L/35R">
      <Threshold Name="17L" Position="-37.974269+145.099522" ExtendedCentrelineTrack="356.05" ExtendedCentrelineLength="3" ExtendedCentrelineTickInterval="3" />
      <Threshold Name="35R" Position="-37.982142+145.100208" ExtendedCentrelineTrack="176.05" ExtendedCentrelineLength="3" ExtendedCentrelineTickInterval="3" />
    </Runway>
    <Runway Name="17R/35L">
      <Threshold Name="17R" Position="-37.973722+145.097036" />
      <Threshold Name="35L" Position="-37.981742+145.097742" />
    </Runway>
    <!--YMAV-->
    <Runway Name="18/36">
      <Threshold Name="18" Position="-38.027222+144.469431" />
      <Threshold Name="36" Position="-38.054439+144.464844" />
    </Runway>
    <!--YMEN-->
    <Runway Name="08/26">
      <Threshold Name="08" Position="-37.731381+144.892886" />
      <Threshold Name="26" Position="-37.730789+144.914667" />
    </Runway>
    <Runway Name="17/35">
      <Threshold Name="17" Position="-37.720414+144.900761" />
      <Threshold Name="35" Position="-37.733944+144.901411" />
    </Runway>
    <!--YMML-->
    <Runway Name="09/27">
      <Threshold Name="09" Position="-37.660750+144.822253" />
      <Threshold Name="27" Position="-37.662256+144.848092" />
    </Runway>
    <Runway Name="16/34">
      <Threshold Name="16" Position="-37.653181+144.834914" />
      <Threshold Name="34" Position="-37.685778+144.841000" />
    </Runway>
    <!--Airway Routes-->
    <Line>
      <!--H66-->
      NONIX/
      KACEY
    </Line>
    <Line>
      <!--H119-->
      NATYA/
      SALRI/
      CANTY/
      ARBEY
    </Line>
    <Line>
      <!--H164-->
      KEPPA/
      AKNUM
    </Line>
    <Line>
      <!--H169-->
      SUNTI/
      AVNAS/
      AHOSK/
      IRSOM
    </Line>
    <Line>
      <!--H345-->
      NEVIS/
      BORTO/
      MAVTO
    </Line>
    <Line>
      <!--N759-->
      BADGR/
      ANGEX
    </Line>
    <Line>
      <!--Q29-->
      TANTA/
      ANLID/
      RUMIE/
      NABBA/
      BULLA/
      LUVAS/
      LIZZI
    </Line>
    <Line>
      <!--V126-->
      ESDIG/
      NOGIP
    </Line>
    <Line>
      <!--V169-->
      DUBUS/
      WAZZA/
      TEMIS/
      BOYSE
    </Line>
    <Line>
      <!--V223-->
      OMKON/
      UBGUT
    </Line>
    <Line>
      <!--V279-->
      NOGIP/
      LANUN/
      WENDY
    </Line>
    <Line>
      <!--V376-->
      DOTPA/
      DOVUT/
      CHITT/
      MIA VOR
    </Line>
    <Line>
      <!--W291 AV VOR-->
      PUBAP/
      UBGUT/
      ESDIG/
      WENDY
    </Line>
    <Line>
      <!--W291 ESDAN-->
      PUBAP/
      UBGUT/
      ESDIG/
      WENDY
    </Line>
    <Line>
      <!--W405-->
      MENOG/
      TAITE/
      TUVRA/
      KII NDB
    </Line>
    <Line>
      <!--W635 AV VOR-->
      NOGIP/
      IBOBO
    </Line>
  </Map>
  <Map Type="System2" Name="ML_VFR" Priority="1" Center="-37.673333+144.843333">
    <Symbol Type="HollowSquare">
      <Point>ACE</Point>
      <Point>APL</Point>
      <Point>ALOA</Point>
      <Point>ALTS</Point>
      <Point>ATV</Point>
      <Point>BMP</Point>
      <Point>BPN</Point>
      <Point>BAW</Point>
      <Point>BVG</Point>
      <Point>BLTB</Point>
      <Point>BTO</Point>
      <Point>BDF</Point>
      <Point>BYN</Point>
      <Point>CARE</Point>
      <Point>CARR</Point>
      <Point>CERB</Point>
      <Point>CLS</Point>
      <Point>CKT</Point>
      <Point>CGB</Point>
      <Point>CWK</Point>
      <Point>DFD</Point>
      <Point>DSN</Point>
      <Point>DRM</Point>
      <Point>EPPG</Point>
      <Point>FGN</Point>
      <Point>FWO</Point>
      <Point>GEK</Point>
      <Point>GBR</Point>
      <Point>GMH</Point>
      <Point>HEAT</Point>
      <Point>KAO</Point>
      <Point>KIM</Point>
      <Point>KMG</Point>
      <Point>KGLE</Point>
      <Point>KINN</Point>
      <Point>KTN</Point>
      <Point>LCD</Point>
      <Point>LUY</Point>
      <Point>LVAB</Point>
      <Point>TON</Point>
      <Point>LPD</Point>
      <Point>LRM</Point>
      <Point>MHT</Point>
      <Point>MVL</Point>
      <Point>MCTY</Point>
      <Point>MCG</Point>
      <Point>MELS</Point>
      <Point>MVC</Point>
      <Point>MCOT</Point>
      <Point>MCD</Point>
      <Point>PIPR</Point>
      <Point>NRW</Point>
      <Point>NEQ</Point>
      <Point>PTOM</Point>
      <Point>PIPS</Point>
      <Point>PWLC</Point>
      <Point>PYA</Point>
      <Point>PYK</Point>
      <Point>ROK</Point>
      <Point>RLR</Point>
      <Point>SDP</Point>
      <Point>SHOAL</Point>
      <Point>SNP</Point>
      <Point>SGSV</Point>
      <Point>SBU</Point>
      <Point>SWT</Point>
      <Point>TLK</Point>
      <Point>WHF</Point>
      <Point>TOO</Point>
      <Point>TOGA</Point>
      <Point>VTG</Point>
      <Point>WAN</Point>
      <Point>WRD</Point>
      <Point>WBER</Point>
      <Point>WBES</Point>
      <Point>WES</Point>
      <Point>WTS</Point>
      <Point>WMS</Point>
      <Point>WOOS</Point>
      <Point>YYN</Point>
      <Point>YYM</Point>
      <Point>ANG</Point>
      <Point>LCR</Point>
      <Point>LORN</Point>
    </Symbol>
    <Label HasLeader="True">
      <Point>ACE</Point>
      <Point>APL</Point>
      <Point>ALOA</Point>
      <Point>ALTS</Point>
      <Point>ATV</Point>
      <Point>BMP</Point>
      <Point>BPN</Point>
      <Point>BAW</Point>
      <Point>BVG</Point>
      <Point>BLTB</Point>
      <Point>BTO</Point>
      <Point>BDF</Point>
      <Point>BYN</Point>
      <Point>CARE</Point>
      <Point>CARR</Point>
      <Point>CERB</Point>
      <Point>CLS</Point>
      <Point>CKT</Point>
      <Point>CGB</Point>
      <Point>CWK</Point>
      <Point>DFD</Point>
      <Point>DSN</Point>
      <Point>DRM</Point>
      <Point>EPPG</Point>
      <Point>FGN</Point>
      <Point>FWO</Point>
      <Point>GEK</Point>
      <Point>GBR</Point>
      <Point>GMH</Point>
      <Point>HEAT</Point>
      <Point>KAO</Point>
      <Point>KIM</Point>
      <Point>KMG</Point>
      <Point>KGLE</Point>
      <Point>KINN</Point>
      <Point>KTN</Point>
      <Point>LCD</Point>
      <Point>LUY</Point>
      <Point>LVAB</Point>
      <Point>TON</Point>
      <Point>LPD</Point>
      <Point>LRM</Point>
      <Point>MHT</Point>
      <Point>MVL</Point>
      <Point>MCTY</Point>
      <Point>MCG</Point>
      <Point>MELS</Point>
      <Point>MVC</Point>
      <Point>MCOT</Point>
      <Point>MCD</Point>
      <Point>PIPR</Point>
      <Point>NRW</Point>
      <Point>NEQ</Point>
      <Point>PTOM</Point>
      <Point>PIPS</Point>
      <Point>PWLC</Point>
      <Point>PYA</Point>
      <Point>PYK</Point>
      <Point>ROK</Point>
      <Point>RLR</Point>
      <Point>SDP</Point>
      <Point>SHOAL</Point>
      <Point>SNP</Point>
      <Point>SGSV</Point>
      <Point>SBU</Point>
      <Point>SWT</Point>
      <Point>TLK</Point>
      <Point>WHF</Point>
      <Point>TOO</Point>
      <Point>TOGA</Point>
      <Point>VTG</Point>
      <Point>WAN</Point>
      <Point>WRD</Point>
      <Point>WBER</Point>
      <Point>WBES</Point>
      <Point>WES</Point>
      <Point>WTS</Point>
      <Point>WMS</Point>
      <Point>WOOS</Point>
      <Point>YYN</Point>
      <Point>YYM</Point>
      <Point>ANG</Point>
      <Point>LCR</Point>
      <Point>LORN</Point>
    </Label>
    <Label HasLeader="True" LabelOrientation="NW">
      <Point Name="COASTAL">TON</Point>
      <Point Name="INLAND">KIM</Point>
    </Label>
    <!--COASTAL-->
    <Line Pattern="Dotted">
      TON/ALTS/ALOA/WMS/SNP/PTOM/BTO/CERB/CARR
    </Line>
    <!--INLAND-->
    <Line Pattern="Dotted">
      KIM/SGSV
    </Line>
  </Map>
  <Map Type="System2" Name="ML_VFR_FULL_NAME" Priority="1" Center="-37.673333+144.843333">
    <Label HasLeader="True" LabelOrientation="SW">
      <Point Name="ACADEMY">ACE</Point>
      <Point Name="ALBERT PARK LAKE">APL</Point>
      <Point Name="ALTONA">ALOA</Point>
      <Point Name="ALTONA SOUTH">ALTS</Point>
      <Point Name="ATV10">ATV</Point>
      <Point Name="BACCHUS MARSH TOWNSHIP">BMP</Point>
      <Point Name="BARWON PRISON">BPN</Point>
      <Point Name="BAYWEST">BAW</Point>
      <Point Name="BEVERIDGE">BVG</Point>
      <Point Name="BOLTE BRIDGE">BLTB</Point>
      <Point Name="BRIGHTON">BTO</Point>
      <Point Name="BROADFORD">BDF</Point>
      <Point Name="BROOKLYN">BYN</Point>
      <Point Name="CARDINIA RESV">CARE</Point>
      <Point Name="CARRUM">CARR</Point>
      <Point Name="CERBERUS">CERB</Point>
      <Point Name="CLIFTON SPRINGS">CLS</Point>
      <Point Name="COCKATOO">CKT</Point>
      <Point Name="CRAIGIEBURN OVERPASS">CGB</Point>
      <Point Name="CRESWICK">CWK</Point>
      <Point Name="DAYLESFORD">DFD</Point>
      <Point Name="DONCASTER SHOPPINGTOWN">DSN</Point>
      <Point Name="DROMANA">DRM</Point>
      <Point Name="EPPING">EPPG</Point>
      <Point Name="FLEMINGTON">FGN</Point>
      <Point Name="FREEWAY OVERPASS">FWO</Point>
      <Point Name="GEMBROOK">GEK</Point>
      <Point Name="GLENBURN">GBR</Point>
      <Point Name="GMH">GMH</Point>
      <Point Name="HEATHCOTE TOWNSHIP">HEAT</Point>
      <Point Name="KALKALLO">KAO</Point>
      <Point Name="KILMORE">KIM</Point>
      <Point Name="KILMORE GAP">KMG</Point>
      <Point Name="KINGLAKE">KGLE</Point>
      <Point Name="KINGSTON CENTRE">KINN</Point>
      <Point Name="KYNETON">KTN</Point>
      <Point Name="LANCEFIELD">LCD</Point>
      <Point Name="LATROBE UNIVERSITY">LUY</Point>
      <Point Name="LAVERTON">LVAB</Point>
      <Point Name="LAVERTON BOM TOWER">TON</Point>
      <Point Name="LEOPOLD">LPD</Point>
      <Point Name="LITTLE RIVER MOUTH">LRM</Point>
      <Point Name="MARTHA PT">MHT</Point>
      <Point Name="MARYSVILLE">MVL</Point>
      <Point Name="MELBOURNE CBD">MCTY</Point>
      <Point Name="MELBOURNE CRICKET GROUND">MCG</Point>
      <Point Name="MELTON SOUTH">MELS</Point>
      <Point Name="MOONEE VALLEY RACECOURSE">MVC</Point>
      <Point Name="MOUNT COTTRELL">MCOT</Point>
      <Point Name="MOUNT MACEDON">MCD</Point>
      <Point Name="MOUNT PIPER">PIPR</Point>
      <Point Name="NARRE WARREN">NRW</Point>
      <Point Name="NORTH EAST QUARRY">NEQ</Point>
      <Point Name="POINT ORMOND">PTOM</Point>
      <Point Name="PORT PHILLIP HEADS">PIPS</Point>
      <Point Name="POWERLINE CROSSING">PWLC</Point>
      <Point Name="PYALONG">PYA</Point>
      <Point Name="PYKES CREEK RESV">PYK</Point>
      <Point Name="ROCKBANK">ROK</Point>
      <Point Name="ROSSLYNNE RESV">RLR</Point>
      <Point Name="SANDY PT">SDP</Point>
      <Point Name="SHOAL">SHOAL</Point>
      <Point Name="STATION PIER">SNP</Point>
      <Point Name="SUGARLOAF RESERVOIR">SGSV</Point>
      <Point Name="SUNBURY">SBU</Point>
      <Point Name="SUNBURY WATER TANK">SWT</Point>
      <Point Name="TALLAROOK">TLK</Point>
      <Point Name="THE WHARF">WHF</Point>
      <Point Name="TOOBORAC">TOO</Point>
      <Point Name="TOORONGA">TOGA</Point>
      <Point Name="VEHICLE TESTING GROUND">VTG</Point>
      <Point Name="WALLAN">WAN</Point>
      <Point Name="WARRANDYTE">WRD</Point>
      <Point Name="WERRIBEE RACECOURSE">WBER</Point>
      <Point Name="WERRIBEE SOUTH">WBES</Point>
      <Point Name="WESTGATE BRIDGE">WES</Point>
      <Point Name="WHITTLESEA">WTS</Point>
      <Point Name="WILLIAMSTOWN">WMS</Point>
      <Point Name="WOODLANDS GOLF COURSE">WOOS</Point>
      <Point Name="YAN YEAN RESV">YYN</Point>
      <Point Name="YARINGA YACHT MARINA">YYM</Point>
      <Point Name="ANGLESEA">ANG</Point>
      <Point Name="LAKE CORANGAMITE">LCR</Point>
      <Point Name="LORNE TOWNSHIP">LORN</Point>
    </Label>
  </Map>
  <Map Type="System" Name="YMML_ALLRWYS" Priority="2" Center="-37.673333+144.843333">
    <!--YMML-->
    <Runway Name="09/27">
      <Threshold Name="09" Position="-37.660750+144.822253" ExtendedCentrelineTrack="274.18" ExtendedCentrelineLength="10" ExtendedCentrelineTickInterval="1" />
      <Threshold Name="27" Position="-37.662256+144.848092" ExtendedCentrelineTrack="94.2" ExtendedCentrelineLength="10" ExtendedCentrelineTickInterval="1" />
    </Runway>
    <!--YMML-->
    <Runway Name="16/34">
      <Threshold Name="16" Position="-37.653181+144.834914" ExtendedCentrelineTrack="351.56" ExtendedCentrelineLength="11" ExtendedCentrelineTickInterval="1" />
      <Threshold Name="34" Position="-37.685778+144.841000" ExtendedCentrelineTrack="171.56" ExtendedCentrelineLength="10" ExtendedCentrelineTickInterval="1" />
    </Runway>
    <!--YMAV-->
    <Runway Name="18/36">
      <Threshold Name="18" Position="-38.027222+144.469431" ExtendedCentrelineTrack="7.59" ExtendedCentrelineLength="10" ExtendedCentrelineTickInterval="1" />
      <Threshold Name="36" Position="-38.054439+144.464844" ExtendedCentrelineTrack="187.59" ExtendedCentrelineLength="10" ExtendedCentrelineTickInterval="5" />
    </Runway>
    <!--YMEN-->
    <Runway Name="08/26">
      <Threshold Name="08" Position="-37.731381+144.892886" ExtendedCentrelineTrack="268.03" ExtendedCentrelineLength="5" ExtendedCentrelineTickInterval="5" />
      <Threshold Name="26" Position="-37.730789+144.914667" ExtendedCentrelineTrack="88.05" ExtendedCentrelineLength="10" ExtendedCentrelineTickInterval="1" />
    </Runway>
    <!--YMEN-->
    <Runway Name="17/35">
      <Threshold Name="17" Position="-37.720414+144.900761" ExtendedCentrelineTrack="357.81" ExtendedCentrelineLength="5" ExtendedCentrelineTickInterval="5" />
      <Threshold Name="35" Position="-37.733944+144.901411" ExtendedCentrelineTrack="177.82" ExtendedCentrelineLength="5" ExtendedCentrelineTickInterval="5" />
    </Runway>
  </Map>
</Maps>