﻿<?xml version="1.0" encoding="utf-8"?>
<Maps>
  <Map Type="System2" Name="CS RTCC" Priority="2" Center="-1653.15+14545.3167">
    <Line Pattern="Dotted" Width="1.5">
      <Point>-171406.000+1454809.000/-171300.000+1454930.000</Point>
    </Line>
    <Line Pattern="Dotted" Width="1.5">
      <Point>-171300.000+1454930.000/-171226.000+1455049.000</Point>
    </Line>
    <Line Pattern="Dotted" Width="1.5">
      <Point>-171226.000+1455049.000/-171226.000+1455205.000</Point>
    </Line>
    <Line Pattern="Dotted" Width="1.5">
      <Point>-171226.000+1455205.000/-171242.000+1455239.000</Point>
    </Line>
    <Line Pattern="Dotted" Width="1.5">
      <Point>-171242.000+1455239.000/-171324.000+1455353.000</Point>
    </Line>
    <Line Pattern="Dotted" Width="1.5">
      <Point>-171324.000+1455353.000/-171447.000+1455428.000</Point>
    </Line>
    <Line Pattern="Dotted" Width="1.5">
      <Point>-171447.000+1455428.000/-172536.000+1455158.000</Point>
    </Line>
    <Line Pattern="Dotted" Width="1.5">
      <Point>-172536.000+1455158.000/-172641.000+1455104.000</Point>
    </Line>
    <Line Pattern="Dotted" Width="1.5">
      <Point>-172641.000+1455104.000/-172721.000+1454925.000</Point>
    </Line>
    <Line Pattern="Dotted" Width="1.5">
      <Point>-172721.000+1454925.000/-172700.000+1454750.000</Point>
    </Line>
    <Line Pattern="Dotted" Width="1.5">
      <Point>-172700.000+1454750.000/-172615.000+1454634.000</Point>
    </Line>
    <Line Pattern="Dotted" Width="1.5">
      <Point>-172615.000+1454634.000/-172450.000+1454547.000</Point>
    </Line>
    <Line Pattern="Dotted" Width="1.5">
      <Point>-172450.000+1454547.000/-172249.000+1454539.000</Point>
    </Line>
    <Line Pattern="Dotted" Width="1.5">
      <Point>-172249.000+1454539.000/-171406.000+1454809.000</Point>
    </Line>
    <Line Pattern="Dotted" Width="1.5">
      <Point>-173319.000+1454430.000/-172836.000+1454430.000</Point>
    </Line>
    <Line Pattern="Dotted" Width="1.5">
      <Point>-172836.000+1454430.000/-172532.000+1454430.000</Point>
    </Line>
    <Line Pattern="Dotted" Width="1.5">
      <Point>-172532.000+1454430.000/-172342.000+1454339.000</Point>
    </Line>
    <Line Pattern="Dotted" Width="1.5">
      <Point>-172342.000+1454339.000/-171544.000+1454506.000</Point>
    </Line>
    <Line Pattern="Dotted" Width="1.5">
      <Point>-171544.000+1454506.000/-171134.000+1454921.000</Point>
    </Line>
    <Line Pattern="Dotted" Width="1.5">
      <Point>-171134.000+1454921.000/-171049.000+1455032.000</Point>
    </Line>
    <Line Pattern="Dotted" Width="1.5">
      <Point>-171049.000+1455032.000/-171041.000+1455210.000</Point>
    </Line>
    <Line Pattern="Dotted" Width="1.5">
      <Point>-171041.000+1455210.000/-171157.000+1455502.000</Point>
    </Line>
    <Line Pattern="Dotted" Width="1.5">
      <Point>-171157.000+1455502.000/-171234.000+1455517.000</Point>
    </Line>
    <Line Pattern="Dotted" Width="1.5">
      <Point>-171234.000+1455517.000/-171805.000+1455611.000</Point>
    </Line>
    <Line Pattern="Dotted" Width="1.5">
      <Point>-171805.000+1455611.000/-172612.000+1455400.000</Point>
    </Line>
    <Line Pattern="Dotted" Width="1.5">
      <Point>-172612.000+1455400.000/-173227.000+1455400.000</Point>
    </Line>
    <Line Pattern="Dotted" Width="1.5">
      <Point>-173227.000+1455400.000/-173234.127+1455231.796</Point>
    </Line>
    <Line Pattern="Dotted" Width="1.5">
      <Point>-173234.127+1455231.796/-173247.135+1455105.005</Point>
    </Line>
    <Line Pattern="Dotted" Width="1.5">
      <Point>-173247.135+1455105.005/-173257.236+1454937.788</Point>
    </Line>
    <Line Pattern="Dotted" Width="1.5">
      <Point>-173257.236+1454937.788/-173304.419+1454810.253</Point>
    </Line>
    <Line Pattern="Dotted" Width="1.5">
      <Point>-173304.419+1454810.253/-173308.674+1454642.506</Point>
    </Line>
    <Line Pattern="Dotted" Width="1.5">
      <Point>-173308.674+1454642.506/-173309.996+1454514.657</Point>
    </Line>
    <Line Pattern="Dotted" Width="1.5">
      <Point>-173309.996+1454514.657/-173319.000+1454430.000</Point>
    </Line>
    <Line Pattern="Dotted" Width="1.5">
      <Point>-162101.000+1452020.000/-162545.000+1452400.000</Point>
    </Line>
    <Line Pattern="Dotted" Width="1.5">
      <Point>-162545.000+1452400.000/-162800.000+1452400.000</Point>
    </Line>
    <Line Pattern="Dotted" Width="1.5">
      <Point>-162800.000+1452400.000/-162800.000+1452100.000</Point>
    </Line>
    <Line Pattern="Dotted" Width="1.5">
      <Point>-162800.000+1452100.000/-163000.000+1452100.000</Point>
    </Line>
    <Line Pattern="Dotted" Width="1.5">
      <Point>-163000.000+1452100.000/-163615.000+1451931.000</Point>
    </Line>
    <Line Pattern="Dotted" Width="1.5">
      <Point>-163615.000+1451931.000/-163800.000+1451749.000</Point>
    </Line>
    <Line Pattern="Dotted" Width="1.5">
      <Point>-163800.000+1451749.000/-163800.000+1451500.000</Point>
    </Line>
    <Line Pattern="Dotted" Width="1.5">
      <Point>-163800.000+1451500.000/-163800.000+1450643.000</Point>
    </Line>
    <Line Pattern="Dotted" Width="1.5">
      <Point>-163800.000+1450643.000/-163448.976+1450812.158</Point>
    </Line>
    <Line Pattern="Dotted" Width="1.5">
      <Point>-163448.976+1450812.158/-163147.459+1451001.011</Point>
    </Line>
    <Line Pattern="Dotted" Width="1.5">
      <Point>-163147.459+1451001.011/-162855.707+1451205.892</Point>
    </Line>
    <Line Pattern="Dotted" Width="1.5">
      <Point>-162855.707+1451205.892/-162615.019+1451425.845</Point>
    </Line>
    <Line Pattern="Dotted" Width="1.5">
      <Point>-162615.019+1451425.845/-162346.610+1451659.803</Point>
    </Line>
    <Line Pattern="Dotted" Width="1.5">
      <Point>-162346.610+1451659.803/-162131.601+1451946.595</Point>
    </Line>
    <Line Pattern="Dotted" Width="1.5">
      <Point>-162131.601+1451946.595/-162101.000+1452020.000</Point>
    </Line>
    <Line Pattern="Dotted" Width="1.5">
      <Point>-172836.000+1452540.000/-172836.000+1453254.000</Point>
    </Line>
    <Line Pattern="Dotted" Width="1.5">
      <Point>-172836.000+1453254.000/-172836.000+1453548.000</Point>
    </Line>
    <Line Pattern="Dotted" Width="1.5">
      <Point>-172836.000+1453548.000/-172836.000+1454430.000</Point>
    </Line>
    <Line Pattern="Dotted" Width="1.5">
      <Point>-173319.000+1454430.000/-173256.313+1454051.042</Point>
    </Line>
    <Line Pattern="Dotted" Width="1.5">
      <Point>-173256.313+1454051.042/-173224.853+1453713.952</Point>
    </Line>
    <Line Pattern="Dotted" Width="1.5">
      <Point>-173224.853+1453713.952/-173135.410+1453340.593</Point>
    </Line>
    <Line Pattern="Dotted" Width="1.5">
      <Point>-173135.410+1453340.593/-173028.364+1453012.605</Point>
    </Line>
    <Line Pattern="Dotted" Width="1.5">
      <Point>-173028.364+1453012.605/-172904.230+1452651.585</Point>
    </Line>
    <Line Pattern="Dotted" Width="1.5">
      <Point>-172904.230+1452651.585/-172836.000+1452540.000</Point>
    </Line>
    <Line Pattern="Dotted" Width="1.5">
      <Point>-170519.000+1452842.000/-170029.000+1453109.000</Point>
    </Line>
    <Line Pattern="Dotted" Width="1.5">
      <Point>-170029.000+1453109.000/-165934.000+1453153.000</Point>
    </Line>
    <Line Pattern="Dotted" Width="1.5">
      <Point>-165934.000+1453153.000/-165657.000+1453557.000</Point>
    </Line>
    <Line Pattern="Dotted" Width="1.5">
      <Point>-165657.000+1453557.000/-165634.000+1453720.000</Point>
    </Line>
    <Line Pattern="Dotted" Width="1.5">
      <Point>-165634.000+1453720.000/-165836.000+1454208.000</Point>
    </Line>
    <Line Pattern="Dotted" Width="1.5">
      <Point>-165836.000+1454208.000/-165919.000+1454158.000</Point>
    </Line>
    <Line Pattern="Dotted" Width="1.5">
      <Point>-165919.000+1454158.000/-170129.000+1454317.000</Point>
    </Line>
    <Line Pattern="Dotted" Width="1.5">
      <Point>-170129.000+1454317.000/-170308.000+1454324.000</Point>
    </Line>
    <Line Pattern="Dotted" Width="1.5">
      <Point>-170308.000+1454324.000/-170608.000+1454213.000</Point>
    </Line>
    <Line Pattern="Dotted" Width="1.5">
      <Point>-170608.000+1454213.000/-170821.000+1454119.000</Point>
    </Line>
    <Line Pattern="Dotted" Width="1.5">
      <Point>-170821.000+1454119.000/-171213.000+1453500.000</Point>
    </Line>
    <Line Pattern="Dotted" Width="1.5">
      <Point>-171213.000+1453500.000/-171121.000+1453111.000</Point>
    </Line>
    <Line Pattern="Dotted" Width="1.5">
      <Point>-171121.000+1453111.000/-170937.000+1452938.000</Point>
    </Line>
    <Line Pattern="Dotted" Width="1.5">
      <Point>-170937.000+1452938.000/-170519.000+1452842.000</Point>
    </Line>
    <Line Pattern="Dotted" Width="1.5">
      <Point>-170811.000+1454404.000/-170658.000+1454618.000</Point>
    </Line>
    <Line Pattern="Dotted" Width="1.5">
      <Point>-170658.000+1454618.000/-170716.000+1455000.000</Point>
    </Line>
    <Line Pattern="Dotted" Width="1.5">
      <Point>-170716.000+1455000.000/-170929.000+1455106.000</Point>
    </Line>
    <Line Pattern="Dotted" Width="1.5">
      <Point>-170929.000+1455106.000/-170928.000+1455200.000</Point>
    </Line>
    <Line Pattern="Dotted" Width="1.5">
      <Point>-170928.000+1455200.000/-171041.000+1455427.000</Point>
    </Line>
    <Line Pattern="Dotted" Width="1.5">
      <Point>-171041.000+1455427.000/-171157.000+1455502.000</Point>
    </Line>
    <Line Pattern="Dotted" Width="1.5">
      <Point>-171544.000+1454506.000/-171247.000+1454348.000</Point>
    </Line>
    <Line Pattern="Dotted" Width="1.5">
      <Point>-171247.000+1454348.000/-171100.000+1454326.000</Point>
    </Line>
    <Line Pattern="Dotted" Width="1.5">
      <Point>-171100.000+1454326.000/-170811.000+1454404.000</Point>
    </Line>
    <Line Pattern="Dotted" Width="1.5">
      <Point>-171421.000+1451948.000/-171310.000+1452054.000</Point>
    </Line>
    <Line Pattern="Dotted" Width="1.5">
      <Point>-171310.000+1452054.000/-171237.000+1452211.000</Point>
    </Line>
    <Line Pattern="Dotted" Width="1.5">
      <Point>-171237.000+1452211.000/-171219.000+1452409.000</Point>
    </Line>
    <Line Pattern="Dotted" Width="1.5">
      <Point>-171219.000+1452409.000/-171547.000+1452849.000</Point>
    </Line>
    <Line Pattern="Dotted" Width="1.5">
      <Point>-171547.000+1452849.000/-172131.000+1453039.000</Point>
    </Line>
    <Line Pattern="Dotted" Width="1.5">
      <Point>-172131.000+1453039.000/-172836.000+1453254.000</Point>
    </Line>
    <Line Pattern="Dotted" Width="1.5">
      <Point>-172836.000+1452540.000/-172403.000+1452438.000</Point>
    </Line>
    <Line Pattern="Dotted" Width="1.5">
      <Point>-172403.000+1452438.000/-171723.000+1451948.000</Point>
    </Line>
    <Line Pattern="Dotted" Width="1.5">
      <Point>-171723.000+1451948.000/-171552.000+1451930.000</Point>
    </Line>
    <Line Pattern="Dotted" Width="1.5">
      <Point>-171552.000+1451930.000/-171421.000+1451948.000</Point>
    </Line>
    <Line Pattern="Dotted" Width="1.5">
      <Point>-170838.000+1450648.000/-170600.000+1451810.000</Point>
    </Line>
    <Line Pattern="Dotted" Width="1.5">
      <Point>-170600.000+1451810.000/-170515.000+1452111.000</Point>
    </Line>
    <Line Pattern="Dotted" Width="1.5">
      <Point>-170515.000+1452111.000/-170755.000+1452111.000</Point>
    </Line>
    <Line Pattern="Dotted" Width="1.5">
      <Point>-170755.000+1452111.000/-170834.000+1452648.000</Point>
    </Line>
    <Line Pattern="Dotted" Width="1.5">
      <Point>-170834.000+1452648.000/-171108.000+1452909.000</Point>
    </Line>
    <Line Pattern="Dotted" Width="1.5">
      <Point>-171108.000+1452909.000/-171154.000+1452938.000</Point>
    </Line>
    <Line Pattern="Dotted" Width="1.5">
      <Point>-171154.000+1452938.000/-172110.000+1453158.000</Point>
    </Line>
    <Line Pattern="Dotted" Width="1.5">
      <Point>-172110.000+1453158.000/-172442.000+1453454.000</Point>
    </Line>
    <Line Pattern="Dotted" Width="1.5">
      <Point>-172442.000+1453454.000/-172836.000+1453548.000</Point>
    </Line>
    <Line Pattern="Dotted" Width="1.5">
      <Point>-172836.000+1452540.000/-172644.570+1452233.759</Point>
    </Line>
    <Line Pattern="Dotted" Width="1.5">
      <Point>-172644.570+1452233.759/-172443.030+1451935.077</Point>
    </Line>
    <Line Pattern="Dotted" Width="1.5">
      <Point>-172443.030+1451935.077/-172227.056+1451648.244</Point>
    </Line>
    <Line Pattern="Dotted" Width="1.5">
      <Point>-172227.056+1451648.244/-171957.689+1451414.534</Point>
    </Line>
    <Line Pattern="Dotted" Width="1.5">
      <Point>-171957.689+1451414.534/-171716.077+1451155.116</Point>
    </Line>
    <Line Pattern="Dotted" Width="1.5">
      <Point>-171716.077+1451155.116/-171423.458+1450951.046</Point>
    </Line>
    <Line Pattern="Dotted" Width="1.5">
      <Point>-171423.458+1450951.046/-171121.152+1450803.262</Point>
    </Line>
    <Line Pattern="Dotted" Width="1.5">
      <Point>-171121.152+1450803.262/-170838.000+1450648.000</Point>
    </Line>
    <Line Pattern="Dotted" Width="1.5">
      <Point>-162800.000+1452400.000/-163000.000+1452400.000</Point>
    </Line>
    <Line Pattern="Dotted" Width="1.5">
      <Point>-163000.000+1452400.000/-164052.000+1452111.000</Point>
    </Line>
    <Line Pattern="Dotted" Width="1.5">
      <Point>-164052.000+1452111.000/-164223.000+1451842.000</Point>
    </Line>
    <Line Pattern="Dotted" Width="1.5">
      <Point>-164223.000+1451842.000/-164700.000+1451839.000</Point>
    </Line>
    <Line Pattern="Dotted" Width="1.5">
      <Point>-164700.000+1451839.000/-164700.000+1450406.000</Point>
    </Line>
    <Line Pattern="Dotted" Width="1.5">
      <Point>-164700.000+1450406.000/-164536.837+1450416.793</Point>
    </Line>
    <Line Pattern="Dotted" Width="1.5">
      <Point>-164536.837+1450416.793/-164414.892+1450434.954</Point>
    </Line>
    <Line Pattern="Dotted" Width="1.5">
      <Point>-164414.892+1450434.954/-164253.604+1450456.086</Point>
    </Line>
    <Line Pattern="Dotted" Width="1.5">
      <Point>-164253.604+1450456.086/-164133.070+1450520.161</Point>
    </Line>
    <Line Pattern="Dotted" Width="1.5">
      <Point>-164133.070+1450520.161/-164013.390+1450547.150</Point>
    </Line>
    <Line Pattern="Dotted" Width="1.5">
      <Point>-164013.390+1450547.150/-163854.659+1450617.018</Point>
    </Line>
    <Line Pattern="Dotted" Width="1.5">
      <Point>-163854.659+1450617.018/-163800.000+1450643.000</Point>
    </Line>
    <Line Pattern="Dotted" Width="1.5">
      <Point>-165919.000+1454158.000/-170003.000+1454452.000</Point>
    </Line>
    <Line Pattern="Dotted" Width="1.5">
      <Point>-170003.000+1454452.000/-170318.000+1454621.000</Point>
    </Line>
    <Line Pattern="Dotted" Width="1.5">
      <Point>-170318.000+1454621.000/-170426.000+1454723.000</Point>
    </Line>
    <Line Pattern="Dotted" Width="1.5">
      <Point>-170426.000+1454723.000/-170608.000+1454213.000</Point>
    </Line>
    <Line Pattern="Dotted" Width="1.5">
      <Point>-163613.000+1452611.000/-163345.000+1453013.000</Point>
    </Line>
    <Line Pattern="Dotted" Width="1.5">
      <Point>-163345.000+1453013.000/-163650.000+1453237.000</Point>
    </Line>
    <Line Pattern="Dotted" Width="1.5">
      <Point>-163650.000+1453237.000/-163815.000+1453302.000</Point>
    </Line>
    <Line Pattern="Dotted" Width="1.5">
      <Point>-163815.000+1453302.000/-163957.000+1453312.000</Point>
    </Line>
    <Line Pattern="Dotted" Width="1.5">
      <Point>-163957.000+1453312.000/-164202.000+1453156.000</Point>
    </Line>
    <Line Pattern="Dotted" Width="1.5">
      <Point>-164202.000+1453156.000/-164232.000+1453008.000</Point>
    </Line>
    <Line Pattern="Dotted" Width="1.5">
      <Point>-164232.000+1453008.000/-164215.000+1452824.000</Point>
    </Line>
    <Line Pattern="Dotted" Width="1.5">
      <Point>-164215.000+1452824.000/-164036.000+1452612.000</Point>
    </Line>
    <Line Pattern="Dotted" Width="1.5">
      <Point>-164036.000+1452612.000/-163810.000+1452542.000</Point>
    </Line>
    <Line Pattern="Dotted" Width="1.5">
      <Point>-163810.000+1452542.000/-163613.000+1452611.000</Point>
    </Line>
    <Line Pattern="Dotted" Width="1.5">
      <Point>-170429.000+1454921.000/-170247.000+1455022.000</Point>
    </Line>
    <Line Pattern="Dotted" Width="1.5">
      <Point>-170247.000+1455022.000/-170158.000+1455156.000</Point>
    </Line>
    <Line Pattern="Dotted" Width="1.5">
      <Point>-170158.000+1455156.000/-170208.000+1455356.000</Point>
    </Line>
    <Line Pattern="Dotted" Width="1.5">
      <Point>-170208.000+1455356.000/-170324.000+1455534.000</Point>
    </Line>
    <Line Pattern="Dotted" Width="1.5">
      <Point>-170324.000+1455534.000/-170528.000+1455612.000</Point>
    </Line>
    <Line Pattern="Dotted" Width="1.5">
      <Point>-170528.000+1455612.000/-171041.000+1455427.000</Point>
    </Line>
    <Line Pattern="Dotted" Width="1.5">
      <Point>-170716.000+1455000.000/-170634.000+1454938.000</Point>
    </Line>
    <Line Pattern="Dotted" Width="1.5">
      <Point>-170634.000+1454938.000/-170429.000+1454921.000</Point>
    </Line>
    <Line Pattern="Dotted" Width="1.5">
      <Point>-164700.000+1451839.000/-165142.000+1451836.000</Point>
    </Line>
    <Line Pattern="Dotted" Width="1.5">
      <Point>-165142.000+1451836.000/-165421.000+1452057.000</Point>
    </Line>
    <Line Pattern="Dotted" Width="1.5">
      <Point>-165421.000+1452057.000/-165636.000+1452114.000</Point>
    </Line>
    <Line Pattern="Dotted" Width="1.5">
      <Point>-165636.000+1452114.000/-170050.000+1451812.000</Point>
    </Line>
    <Line Pattern="Dotted" Width="1.5">
      <Point>-170050.000+1451812.000/-170600.000+1451810.000</Point>
    </Line>
    <Line Pattern="Dotted" Width="1.5">
      <Point>-170838.000+1450648.000/-164700.000+1450406.000</Point>
    </Line>
    <Line Pattern="Dotted" Width="1.5">
      <Point>-165244.000+1453730.000/-165004.000+1453943.000</Point>
    </Line>
    <Line Pattern="Dotted" Width="1.5">
      <Point>-165004.000+1453943.000/-165105.000+1454227.000</Point>
    </Line>
    <Line Pattern="Dotted" Width="1.5">
      <Point>-165105.000+1454227.000/-165226.000+1454327.000</Point>
    </Line>
    <Line Pattern="Dotted" Width="1.5">
      <Point>-165226.000+1454327.000/-165500.000+1454346.000</Point>
    </Line>
    <Line Pattern="Dotted" Width="1.5">
      <Point>-165500.000+1454346.000/-165642.000+1454310.000</Point>
    </Line>
    <Line Pattern="Dotted" Width="1.5">
      <Point>-165642.000+1454310.000/-170003.000+1454452.000</Point>
    </Line>
    <Line Pattern="Dotted" Width="1.5">
      <Point>-165934.000+1453153.000/-165934.000+1452856.000</Point>
    </Line>
    <Line Pattern="Dotted" Width="1.5">
      <Point>-165934.000+1452856.000/-165558.000+1453351.000</Point>
    </Line>
    <Line Pattern="Dotted" Width="1.5">
      <Point>-165558.000+1453351.000/-165244.000+1453730.000</Point>
    </Line>
    <Line Pattern="Dotted" Width="1.5">
      <Point>-170515.000+1452111.000/-165934.000+1452856.000</Point>
    </Line>
    <Line Pattern="Dotted" Width="1.5">
      <Point>-170426.000+1454723.000/-170413.000+1454901.000</Point>
    </Line>
    <Line Pattern="Dotted" Width="1.5">
      <Point>-170413.000+1454901.000/-170254.000+1454906.000</Point>
    </Line>
    <Line Pattern="Dotted" Width="1.5">
      <Point>-170254.000+1454906.000/-170049.000+1455101.000</Point>
    </Line>
    <Line Pattern="Dotted" Width="1.5">
      <Point>-170049.000+1455101.000/-170049.000+1455433.000</Point>
    </Line>
    <Line Pattern="Dotted" Width="1.5">
      <Point>-170049.000+1455433.000/-170206.000+1455540.000</Point>
    </Line>
    <Line Pattern="Dotted" Width="1.5">
      <Point>-170206.000+1455540.000/-170702.000+1455945.000</Point>
    </Line>
    <Line Pattern="Dotted" Width="1.5">
      <Point>-170702.000+1455945.000/-171210.000+1460021.000</Point>
    </Line>
    <Line Pattern="Dotted" Width="1.5">
      <Point>-171210.000+1460021.000/-171500.000+1460215.000</Point>
    </Line>
    <Line Pattern="Dotted" Width="1.5">
      <Point>-171500.000+1460215.000/-172255.000+1460616.000</Point>
    </Line>
    <Line Pattern="Dotted" Width="1.5">
      <Point>-172255.000+1460616.000/-172714.000+1460726.000</Point>
    </Line>
    <Line Pattern="Dotted" Width="1.5">
      <Point>-172714.000+1460726.000/-173227.000+1455400.000</Point>
    </Line>
    <Line Pattern="Dotted" Width="1.5">
      <Point>-162545.000+1452400.000/-163345.000+1453013.000</Point>
    </Line>
    <Line Pattern="Dotted" Width="1.5">
      <Point>-163650.000+1453237.000/-163916.000+1453500.000</Point>
    </Line>
    <Line Pattern="Dotted" Width="1.5">
      <Point>-163916.000+1453500.000/-164006.000+1453816.000</Point>
    </Line>
    <Line Pattern="Dotted" Width="1.5">
      <Point>-164006.000+1453816.000/-164136.000+1453953.000</Point>
    </Line>
    <Line Pattern="Dotted" Width="1.5">
      <Point>-164136.000+1453953.000/-164250.000+1454020.000</Point>
    </Line>
    <Line Pattern="Dotted" Width="1.5">
      <Point>-164250.000+1454020.000/-164357.000+1454013.000</Point>
    </Line>
    <Line Pattern="Dotted" Width="1.5">
      <Point>-164357.000+1454013.000/-164831.000+1453743.000</Point>
    </Line>
    <Line Pattern="Dotted" Width="1.5">
      <Point>-164831.000+1453743.000/-164837.000+1453916.000</Point>
    </Line>
    <Line Pattern="Dotted" Width="1.5">
      <Point>-164837.000+1453916.000/-165004.000+1453943.000</Point>
    </Line>
    <Line Pattern="Dotted" Width="1.5">
      <Point>-165337.000+1454819.000/-165242.000+1454935.000</Point>
    </Line>
    <Line Pattern="Dotted" Width="1.5">
      <Point>-165242.000+1454935.000/-165226.000+1455200.000</Point>
    </Line>
    <Line Pattern="Dotted" Width="1.5">
      <Point>-165226.000+1455200.000/-165545.000+1455511.000</Point>
    </Line>
    <Line Pattern="Dotted" Width="1.5">
      <Point>-165545.000+1455511.000/-170041.000+1455619.000</Point>
    </Line>
    <Line Pattern="Dotted" Width="1.5">
      <Point>-170041.000+1455619.000/-170206.000+1455540.000</Point>
    </Line>
    <Line Pattern="Dotted" Width="1.5">
      <Point>-170413.000+1454901.000/-170418.000+1454834.000</Point>
    </Line>
    <Line Pattern="Dotted" Width="1.5">
      <Point>-170418.000+1454834.000/-170323.000+1454822.000</Point>
    </Line>
    <Line Pattern="Dotted" Width="1.5">
      <Point>-170323.000+1454822.000/-170055.000+1454849.000</Point>
    </Line>
    <Line Pattern="Dotted" Width="1.5">
      <Point>-170055.000+1454849.000/-165639.000+1454728.000</Point>
    </Line>
    <Line Pattern="Dotted" Width="1.5">
      <Point>-165639.000+1454728.000/-165523.000+1454720.000</Point>
    </Line>
    <Line Pattern="Dotted" Width="1.5">
      <Point>-165523.000+1454720.000/-165337.000+1454819.000</Point>
    </Line>
    <Line Pattern="Dotted" Width="1.5">
      <Point>-161430.000+1453400.000/-163452.000+1453400.000</Point>
    </Line>
    <Line Pattern="Dotted" Width="1.5">
      <Point>-163452.000+1453400.000/-163700.000+1453547.000</Point>
    </Line>
    <Line Pattern="Dotted" Width="1.5">
      <Point>-163700.000+1453547.000/-163900.000+1453631.000</Point>
    </Line>
    <Line Pattern="Dotted" Width="1.5">
      <Point>-163900.000+1453631.000/-164011.000+1453908.000</Point>
    </Line>
    <Line Pattern="Dotted" Width="1.5">
      <Point>-164011.000+1453908.000/-164216.000+1454129.000</Point>
    </Line>
    <Line Pattern="Dotted" Width="1.5">
      <Point>-164216.000+1454129.000/-164342.000+1454223.000</Point>
    </Line>
    <Line Pattern="Dotted" Width="1.5">
      <Point>-164342.000+1454223.000/-164426.000+1454228.000</Point>
    </Line>
    <Line Pattern="Dotted" Width="1.5">
      <Point>-164426.000+1454228.000/-164719.000+1454052.000</Point>
    </Line>
    <Line Pattern="Dotted" Width="1.5">
      <Point>-164719.000+1454052.000/-164837.000+1453916.000</Point>
    </Line>
    <Line Pattern="Dotted" Width="1.5">
      <Point>-162101.000+1452020.000/-161430.000+1453400.000</Point>
    </Line>
    <Line Pattern="Dotted" Width="1.5">
      <Point>-164426.000+1454228.000/-164652.000+1454243.000</Point>
    </Line>
    <Line Pattern="Dotted" Width="1.5">
      <Point>-164652.000+1454243.000/-164839.000+1454334.000</Point>
    </Line>
    <Line Pattern="Dotted" Width="1.5">
      <Point>-164839.000+1454334.000/-165210.000+1454401.000</Point>
    </Line>
    <Line Pattern="Dotted" Width="1.5">
      <Point>-165210.000+1454401.000/-165424.000+1454550.000</Point>
    </Line>
    <Line Pattern="Dotted" Width="1.5">
      <Point>-165424.000+1454550.000/-165136.000+1454737.000</Point>
    </Line>
    <Line Pattern="Dotted" Width="1.5">
      <Point>-165136.000+1454737.000/-165055.000+1454853.000</Point>
    </Line>
    <Line Pattern="Dotted" Width="1.5">
      <Point>-165055.000+1454853.000/-165037.000+1455005.000</Point>
    </Line>
    <Line Pattern="Dotted" Width="1.5">
      <Point>-165037.000+1455005.000/-165139.000+1455240.000</Point>
    </Line>
    <Line Pattern="Dotted" Width="1.5">
      <Point>-165139.000+1455240.000/-165545.000+1455522.000</Point>
    </Line>
    <Line Pattern="Dotted" Width="1.5">
      <Point>-165545.000+1455522.000/-165545.000+1455511.000</Point>
    </Line>
    <Line Pattern="Dotted" Width="1.5">
      <Point>-170418.000+1454834.000/-170426.000+1454723.000</Point>
    </Line>
    <Line Pattern="Dotted" Width="1.5">
      <Point>-165037.000+1455005.000/-164910.000+1455539.000</Point>
    </Line>
    <Line Pattern="Dotted" Width="1.5">
      <Point>-164910.000+1455539.000/-165000.000+1455740.000</Point>
    </Line>
    <Line Pattern="Dotted" Width="1.5">
      <Point>-165000.000+1455740.000/-165300.000+1460003.000</Point>
    </Line>
    <Line Pattern="Dotted" Width="1.5">
      <Point>-165300.000+1460003.000/-165516.000+1460003.000</Point>
    </Line>
    <Line Pattern="Dotted" Width="1.5">
      <Point>-165516.000+1460003.000/-170041.000+1455619.000</Point>
    </Line>
    <Line Pattern="Dotted" Width="1.5">
      <Point>-170041.000+1455619.000/-165545.000+1455522.000</Point>
    </Line>
    <Line Pattern="Dotted" Width="1.5">
      <Point>-161337.000+1453800.000/-163736.000+1453800.000</Point>
    </Line>
    <Line Pattern="Dotted" Width="1.5">
      <Point>-163736.000+1453800.000/-164221.000+1454240.000</Point>
    </Line>
    <Line Pattern="Dotted" Width="1.5">
      <Point>-164221.000+1454240.000/-164705.000+1454542.000</Point>
    </Line>
    <Line Pattern="Dotted" Width="1.5">
      <Point>-164705.000+1454542.000/-164928.000+1454505.000</Point>
    </Line>
    <Line Pattern="Dotted" Width="1.5">
      <Point>-164928.000+1454505.000/-165102.000+1454720.000</Point>
    </Line>
    <Line Pattern="Dotted" Width="1.5">
      <Point>-165102.000+1454720.000/-164934.000+1455000.000</Point>
    </Line>
    <Line Pattern="Dotted" Width="1.5">
      <Point>-164934.000+1455000.000/-164839.000+1455623.000</Point>
    </Line>
    <Line Pattern="Dotted" Width="1.5">
      <Point>-164839.000+1455623.000/-165328.000+1460300.000</Point>
    </Line>
    <Line Pattern="Dotted" Width="1.5">
      <Point>-165328.000+1460300.000/-165537.000+1460344.000</Point>
    </Line>
    <Line Pattern="Dotted" Width="1.5">
      <Point>-165537.000+1460344.000/-165844.000+1460217.000</Point>
    </Line>
    <Line Pattern="Dotted" Width="1.5">
      <Point>-165844.000+1460217.000/-170011.000+1455839.000</Point>
    </Line>
    <Line Pattern="Dotted" Width="1.5">
      <Point>-170011.000+1455839.000/-170429.000+1455841.000</Point>
    </Line>
    <Line Pattern="Dotted" Width="1.5">
      <Point>-170429.000+1455841.000/-170847.000+1460547.000</Point>
    </Line>
    <Line Pattern="Dotted" Width="1.5">
      <Point>-170847.000+1460547.000/-171305.000+1460933.000</Point>
    </Line>
    <Line Pattern="Dotted" Width="1.5">
      <Point>-171305.000+1460933.000/-172621.000+1460850.000</Point>
    </Line>
    <Line Pattern="Dotted" Width="1.5">
      <Point>-172621.000+1460850.000/-172703.094+1460733.841</Point>
    </Line>
    <Line Pattern="Dotted" Width="1.5">
      <Point>-172703.094+1460733.841/-172714.000+1460726.000</Point>
    </Line>
    <Line Pattern="Dotted" Width="1.5">
      <Point>-161430.000+1453400.000/-161418.021+1453527.100</Point>
    </Line>
    <Line Pattern="Dotted" Width="1.5">
      <Point>-161418.021+1453527.100/-161359.670+1453652.230</Point>
    </Line>
    <Line Pattern="Dotted" Width="1.5">
      <Point>-161359.670+1453652.230/-161337.000+1453800.000</Point>
    </Line>
    <Line Pattern="Dotted" Width="1.5">
      <Point>-172621.000+1460850.000/-172153.017+1461427.211</Point>
    </Line>
    <Line Pattern="Dotted" Width="1.5">
      <Point>-172153.017+1461427.211/-171636.336+1461913.546</Point>
    </Line>
    <Line Pattern="Dotted" Width="1.5">
      <Point>-171636.336+1461913.546/-171036.924+1462257.679</Point>
    </Line>
    <Line Pattern="Dotted" Width="1.5">
      <Point>-171036.924+1462257.679/-170405.759+1462532.871</Point>
    </Line>
    <Line Pattern="Dotted" Width="1.5">
      <Point>-170405.759+1462532.871/-165714.770+1462654.514</Point>
    </Line>
    <Line Pattern="Dotted" Width="1.5">
      <Point>-165714.770+1462654.514/-165016.468+1462700.258</Point>
    </Line>
    <Line Pattern="Dotted" Width="1.5">
      <Point>-165016.468+1462700.258/-164323.563+1462550.068</Point>
    </Line>
    <Line Pattern="Dotted" Width="1.5">
      <Point>-164323.563+1462550.068/-163648.578+1462326.206</Point>
    </Line>
    <Line Pattern="Dotted" Width="1.5">
      <Point>-163648.578+1462326.206/-163043.472+1461953.149</Point>
    </Line>
    <Line Pattern="Dotted" Width="1.5">
      <Point>-163043.472+1461953.149/-162519.283+1461517.439</Point>
    </Line>
    <Line Pattern="Dotted" Width="1.5">
      <Point>-162519.283+1461517.439/-162045.796+1460947.477</Point>
    </Line>
    <Line Pattern="Dotted" Width="1.5">
      <Point>-162045.796+1460947.477/-161711.258+1460333.268</Point>
    </Line>
    <Line Pattern="Dotted" Width="1.5">
      <Point>-161711.258+1460333.268/-161442.131+1455646.115</Point>
    </Line>
    <Line Pattern="Dotted" Width="1.5">
      <Point>-161442.131+1455646.115/-161322.904+1454938.289</Point>
    </Line>
    <Line Pattern="Dotted" Width="1.5">
      <Point>-161322.904+1454938.289/-161315.959+1454222.665</Point>
    </Line>
    <Line Pattern="Dotted" Width="1.5">
      <Point>-161315.959+1454222.665/-161337.000+1453800.000</Point>
    </Line>
    <Label HasLeader="false" Alignment="Center" VerticalAlignment="Bottom">
      <Point Name="50">-163914.659+1452941.842</Point>
      <Point Name="60">-163310.264+1451451.629</Point>
      <Point Name="40">-163435.000+1452559.867</Point>
      <Point Name="37">-163227.098+1453124.801</Point>
      <Point Name="24">-163204.867+1453600.141</Point>
      <Point Name="15">-163842.021+1454914.116</Point>
      <Point Name="54">-164335.570+1451218.717</Point>
      <Point Name="40">-164656.674+1453544.173</Point>
      <Point Name="48">-165743.881+1451130.921</Point>
      <Point Name="40">-165442.095+1452817.416</Point>
      <Point Name="15">-164859.048+1460249.181</Point>
      <Point Name="33">-164959.307+1454124.925</Point>
      <Point Name="33">-165819.397+1454548.781</Point>
      <Point Name="24">-165222.804+1454514.962</Point>
      <Point Name="27">-165413.418+1455616.175</Point>
      <Point Name="39">-165823.368+1455043.159</Point>
      <Point Name="24">-165851.249+1460009.605</Point>
      <Point Name="47">-165614.531+1453917.710</Point>
      <Point Name="45">-170620.797+1452538.281</Point>
      <Point Name="58">-170541.234+1453612.751</Point>
      <Point Name="54">-171237.010+1451700.527</Point>
      <Point Name="51">-170438.486+1454439.879</Point>
      <Point Name="49">-170729.745+1455255.327</Point>
      <Point Name="45">-170848.408+1455728.458</Point>
      <Point Name="58">-171122.964+1454634.107</Point>
      <Point Name="24">-171255.659+1460345.089</Point>
      <Point Name="15">-171238.324+1461312.458</Point>
      <Point Name="45">-172510.092+1460016.360</Point>
      <Point Name="68">-172109.694+1454946.180</Point>
      <Point Name="65">-173211.564+1454804.052</Point>
      <Point Name="60">-173144.914+1453622.127</Point>
      <Point Name="45">-171913.493+1453841.174</Point>
      <Point Name="57">-172050.454+1452525.225</Point>
    </Label>
  </Map>
</Maps>