﻿<?xml version="1.0" encoding="utf-8"?>
<Maps>
  <Map Type="System" Name="CS_RWY33" Priority="1" Center="-16.885833+145.755278">
    <!--YBCS-->
    <Runway Name="15/33">
      <Threshold Name="15" Position="-16.865817+145.743569" />
      <Threshold Name="33" Position="-16.891969+145.755392" ExtendedCentrelineTrack="156.48" ExtendedCentrelineLength="25" ExtendedCentrelineTickInterval="2" />
    </Runway>
    <!--SIDs-->
    <Line>
      <!--Rwy33 EAZEE3-->
      -165156.940+1454436.850/
      CANNU/
      BUNPO/
      EAZEE
    </Line>
    <!--STARs-->
    <Line>
      <!--Rwy33 HEND1A.ANDOP-->
      ANDOP/
      NONUM/
      TOTTY/
      HENDO
    </Line>
    <Line>
      <!--Rwy33 HEND1A.BARIA-->
      BARIA/
      ROLFE/
      HENDO
    </Line>
    <Line>
      <!--Rwy33 HEND1A.ISNER-->
      ISNER/
      HENDO
    </Line>
    <Line>
      <!--Rwy33 HEND1A.NORMA-->
      NORMA/
      HENDO
    </Line>
    <Line>
      <!--Rwy33 HEND1A.OVLET-->
      OVLET/
      NONUM
    </Line>
    <Line>
      <!--Rwy33 HEND1A.PUNIT-->
      PUNIT/
      NONUM
    </Line>
    <Line>
      <!--Rwy33 HEND1A.VEKBI-->
      VEKBI/
      HENDO
    </Line>
    <Line>
      <!--Rwy33 HEND1A-->
      HENDO
    </Line>
    <Line>
      <!--Rwy33 HEND1Y.ANDOP-->
    </Line>
    <Line>
      <!--Rwy33 HEND1Y.BARIA-->
    </Line>
    <Line>
      <!--Rwy33 HEND1Y.ISNER-->
    </Line>
    <Line>
      <!--Rwy33 HEND1Y.NORMA-->
    </Line>
    <Line>
      <!--Rwy33 HEND1Y.OVLET-->
    </Line>
    <Line>
      <!--Rwy33 HEND1Y.PUNIT-->
    </Line>
    <Line>
      <!--Rwy33 HEND1Y.VEKBI-->
    </Line>
    <Line>
      <!--Rwy33 HEND1Y-->
      HENDO
    </Line>
    <Line>
      <!--Rwy33 KEWI4A.AVDAN-->
      AVDAN/
      DORKO/
      KASPI/
      KEEWI
    </Line>
    <Line>
      <!--Rwy33 KEWI4A.LOCKA-->
      LOCKA/
      PAVTA/
      KEEWI
    </Line>
    <Line>
      <!--Rwy33 KEWI4A.ZANEY-->
      ZANEY/
      KEEWI
    </Line>
    <Line>
      <!--Rwy33 KEWI4A-->
      KEEWI/
      LOTVA/
      HENDO
    </Line>
    <Line>
      <!--Rwy33 KEWI4V.AVDAN-->
    </Line>
    <Line>
      <!--Rwy33 KEWI4V.LOCKA-->
    </Line>
    <Line>
      <!--Rwy33 KEWI4V.OVLET-->
      OVLET/
      IGMOL/
      KASPI
    </Line>
    <Line>
      <!--Rwy33 KEWI4V.ZANEY-->
    </Line>
    <Line>
      <!--Rwy33 KEWI4V-->
      KEEWI/
      KAKAG
    </Line>
    <Line>
      <!--Rwy33 KEWI4X.AVDAN-->
    </Line>
    <Line>
      <!--Rwy33 KEWI4X.LOCKA-->
    </Line>
    <Line>
      <!--Rwy33 KEWI4X.OVLET-->
    </Line>
    <Line>
      <!--Rwy33 KEWI4X.ZANEY-->
    </Line>
    <Line>
      <!--Rwy33 KEWI4X-->
      KEEWI/
      LAVUP
    </Line>
    <Line>
      <!--Rwy33 KEWI4Y.AVDAN-->
    </Line>
    <Line>
      <!--Rwy33 KEWI4Y.LOCKA-->
    </Line>
    <Line>
      <!--Rwy33 KEWI4Y.ZANEY-->
    </Line>
    <Line>
      <!--Rwy33 KEWI4Y-->
    </Line>
    <Line>
      <!--Rwy33 TOTY5W.ANDOP-->
    </Line>
    <Line>
      <!--Rwy33 TOTY5W.ISNER-->
      ISNER/
      TOTTY
    </Line>
    <Line>
      <!--Rwy33 TOTY5W.NORMA-->
      NORMA/
      TOTTY
    </Line>
    <Line>
      <!--Rwy33 TOTY5W.PUNIT-->
    </Line>
    <Line>
      <!--Rwy33 TOTY5W.VEKBI-->
      VEKBI/
      TOTTY
    </Line>
    <Line>
      <!--Rwy33 TOTY5W-->
      TOTTY/
      LEBAD
    </Line>
    <Symbol Type="HollowTriangle">
      <Point>HENDO</Point>
      <Point>KAKAG</Point>
      <Point>LAVUP</Point>
      <Point>LOTVA</Point>
      <Point>LEBAD</Point>
    </Symbol>
    <Symbol Type="HollowStar">
      <Point>CANNU</Point>
      <Point>BUNPO</Point>
      <Point>EAZEE</Point>
      <Point>ANDOP</Point>
      <Point>NONUM</Point>
      <Point>TOTTY</Point>
      <Point>BARIA</Point>
      <Point>ROLFE</Point>
      <Point>ISNER</Point>
      <Point>NORMA</Point>
      <Point>OVLET</Point>
      <Point>PUNIT</Point>
      <Point>VEKBI</Point>
      <Point>KEEWI</Point>
      <Point>AVDAN</Point>
      <Point>DORKO</Point>
      <Point>KASPI</Point>
      <Point>LOCKA</Point>
      <Point>PAVTA</Point>
      <Point>ZANEY</Point>
      <Point>IGMOL</Point>
    </Symbol>
    <!--(CS) RWY33 Airspace-->
    <Line Name="(CS) RWY33" Width="1.7" Pattern="Dotted">
      -172451.768+1455734.919/-165254.000+1454503.000/-164023.000+1453919.000/-161951.383+1452554.480
    </Line>
    <Label HasLeader="false" Alignment="Center" VerticalAlignment="Middle">
      <!--(CS) RWY33 Labels-->
      <Point Name="APP CLL-180">-16.484167+146.055833</Point>
      <Point Name="DEP">-17.101111+145.369444</Point>
      <Point Name="DEP BLW CLL">-16.619167+146.167222</Point>
    </Label>
  </Map>
  <Map Type="System" Name="CS_RWY33_NAMES" Priority="2" Center="-16.885833+145.755278">
    <Label>
      <Point>CANNU</Point>
      <Point>BUNPO</Point>
      <Point>EAZEE</Point>
      <Point>ANDOP</Point>
      <Point>NONUM</Point>
      <Point>TOTTY</Point>
      <Point>HENDO</Point>
      <Point>BARIA</Point>
      <Point>ROLFE</Point>
      <Point>ISNER</Point>
      <Point>NORMA</Point>
      <Point>OVLET</Point>
      <Point>PUNIT</Point>
      <Point>VEKBI</Point>
      <Point>AVDAN</Point>
      <Point>DORKO</Point>
      <Point>KASPI</Point>
      <Point>KEEWI</Point>
      <Point>LOCKA</Point>
      <Point>PAVTA</Point>
      <Point>ZANEY</Point>
      <Point>LOTVA</Point>
      <Point>IGMOL</Point>
      <Point>KAKAG</Point>
      <Point>LAVUP</Point>
      <Point>LEBAD</Point>
      <Point>MEMIG</Point>
      <Point>MEMOS</Point>
      <Point>NONIR</Point>
      <Point>DOTOD</Point>
      <Point>GULOP</Point>
      <Point>ANDEE</Point>
      <Point>ONARA</Point>
      <Point>MUSEY</Point>
      <Point>KOOKA</Point>
      <Point>RUMKA</Point>
      <Point>KIMMI</Point>
      <Point>PUPEB</Point>
      <Point>OLSIN</Point>
      <Point>IGIKI</Point>
      <Point>IBUXI</Point>
      <Point>BINUN</Point>
      <Point>TL VOR</Point>
      <Point>WALTA</Point>
      <Point>ALBUX</Point>
      <Point>PAWSO</Point>
      <Point>BITAS</Point>
      <Point>POROB</Point>
      <Point>ADLAG</Point>
      <Point>PEWEE</Point>
      <Point>VEVAV</Point>
      <Point>ELNOT</Point>
      <Point>DAMIL</Point>
      <Point>TAMED</Point>
      <Point>COE NDB</Point>
      <Point>BENTA</Point>
      <Point>GUPDA</Point>
      <Point>BODAP</Point>
      <Point>AKROM</Point>
      <Point>IDETU</Point>
      <Point>RUMGI</Point>
    </Label>
  </Map>
</Maps>