﻿<?xml version="1.0" encoding="utf-8"?>
<Maps>
  <Map Type="System" Name="ES_RWY22A27D" Priority="1" Center="-38.098889+147.149444">
    <!--YMES-->
    <Runway Name="04/22">
      <Threshold Name="04" Position="-38.106050+147.138561" />
      <Threshold Name="22" Position="-38.093103+147.161006" ExtendedCentrelineTrack="53.88" ExtendedCentrelineLength="15" ExtendedCentrelineTickInterval="1" />
    </Runway>
    <Runway Name="09/27">
      <Threshold Name="09" Position="-38.095681+147.128300" />
      <Threshold Name="27" Position="-38.098789+147.153425" />
    </Runway>
    <!--SIDs-->
    <Line>
      <!--Rwy27 ESL5-->
      -380544.450+1470741.880/
      -380544.452+1470741.880/
      -380521.305+1470436.361
    </Line>
    <!--STARs-->
    <Symbol Type="HollowTriangle">
      <Point>KELAN</Point>
    </Symbol>
  </Map>
  <Map Type="System" Name="ES_RWY22A27D_NAMES" Priority="2" Center="-38.098889+147.149444">
    <Label>
      <Point>DUNNE</Point>
      <Point>MONTY</Point>
      <Point>ANTLA</Point>
      <Point>VIMAP</Point>
      <Point>LT VOR</Point>
      <Point>CB VOR</Point>
      <Point>COM NDB</Point>
      <Point>VISER</Point>
      <Point>GIPPS</Point>
      <Point>MER NDB</Point>
      <Point>NUNPA</Point>
      <Point>MOTRA</Point>
      <Point>LTV NDB</Point>
      <Point>BULKO</Point>
      <Point>WAREN</Point>
      <Point>MB NDB</Point>
      <Point>SAMIG</Point>
      <Point>TEMPL</Point>
      <Point>MNG VOR</Point>
      <Point>MAKIV</Point>
      <Point>TYERS</Point>
      <Point>OTKED</Point>
      <Point>VALDU</Point>
      <Point>DUBUS</Point>
      <Point>WG VOR</Point>
      <Point>KELAN</Point>
    </Label>
  </Map>
</Maps>