﻿<?xml version="1.0" encoding="utf-8"?>
<Maps>
  <Map Type="System" Name="ES_RWY04" Priority="1" Center="-38.098889+147.149444">
    <!--YMES-->
    <Runway Name="04/22">
      <Threshold Name="04" Position="-38.106050+147.138561" ExtendedCentrelineTrack="233.86" ExtendedCentrelineLength="10" ExtendedCentrelineTickInterval="5" />
      <Threshold Name="22" Position="-38.093103+147.161006" />
    </Runway>
    <!--SIDs-->
    <Line>
      <!--Rwy04 ESL5-->
      -380535.170+1470939.620/
      -380535.171+1470939.622/
      -380407.788+1471212.379
    </Line>
    <!--STARs-->
  </Map>
  <Map Type="System" Name="ES_RWY04_NAMES" Priority="2" Center="-38.098889+147.149444">
    <Label>
      <Point>DUNNE</Point>
      <Point>MONTY</Point>
      <Point>ANTLA</Point>
      <Point>VIMAP</Point>
      <Point>LT VOR</Point>
      <Point>CB VOR</Point>
      <Point>COM NDB</Point>
      <Point>VISER</Point>
      <Point>GIPPS</Point>
      <Point>MER NDB</Point>
      <Point>NUNPA</Point>
      <Point>MOTRA</Point>
      <Point>LTV NDB</Point>
      <Point>BULKO</Point>
      <Point>WAREN</Point>
      <Point>MB NDB</Point>
      <Point>SAMIG</Point>
      <Point>TEMPL</Point>
      <Point>MNG VOR</Point>
      <Point>MAKIV</Point>
      <Point>TYERS</Point>
      <Point>OTKED</Point>
      <Point>VALDU</Point>
      <Point>DUBUS</Point>
      <Point>WG VOR</Point>
    </Label>
  </Map>
</Maps>