﻿<?xml version="1.0" encoding="utf-8"?>
<Maps>
  <Map Type="System" Name="ES_TCU" Priority="1" Center="-38.098889+147.149444">
    <!--YMES-->
    <Runway Name="04/22">
      <Threshold Name="04" Position="-38.106050+147.138561" />
      <Threshold Name="22" Position="-38.093103+147.161006" />
    </Runway>
    <Runway Name="09/27">
      <Threshold Name="09" Position="-38.095681+147.128300" />
      <Threshold Name="27" Position="-38.098789+147.153425" />
    </Runway>
    <!--Airway Routes-->
    <Line>
      <!--V434-->
      DUNNE/
      MONTY
    </Line>
    <Line>
      <!--W218-->
      ANTLA/
      VIMAP/
      LT VOR
    </Line>
    <Line>
      <!--W290-->
      CB VOR/
      COM NDB/
      VISER
    </Line>
    <Line>
      <!--W297-->
      GIPPS/
      MER NDB
    </Line>
    <Line>
      <!--W407-->
      NUNPA/
      MOTRA
    </Line>
    <Line>
      <!--W449-->
      LTV NDB/
      BULKO/
      WAREN/
      MB NDB/
      SAMIG/
      TEMPL
    </Line>
    <Line>
      <!--W649-->
      MNG VOR/
      MAKIV
    </Line>
    <Line>
      <!--W695-->
      TYERS/
      OTKED
    </Line>
    <Line>
      <!--W847-->
      VALDU/
      DUBUS/
      WG VOR
    </Line>
  </Map>
  <Map Type="System2" Name="ES_VFR" Priority="1" Center="-38.098889+147.149444">
    <Symbol Type="HollowSquare">
      <Point>COWR</Point>
      <Point>DARL</Point>
      <Point>FYN</Point>
      <Point>LKEE</Point>
      <Point>LOWS</Point>
      <Point>LSR</Point>
      <Point>MGBH</Point>
      <Point>MTWN</Point>
      <Point>WELS</Point>
    </Symbol>
    <Label HasLeader="True">
      <Point>COWR</Point>
      <Point>DARL</Point>
      <Point>FYN</Point>
      <Point>LKEE</Point>
      <Point>LOWS</Point>
      <Point>LSR</Point>
      <Point>MGBH</Point>
      <Point>MTWN</Point>
      <Point>WELS</Point>
    </Label>
  </Map>
  <Map Type="System2" Name="ES_VFR_FULL_NAME" Priority="1" Center="-38.098889+147.149444">
    <Label HasLeader="True" LabelOrientation="SW">
      <Point Name="COWWARR">COWR</Point>
      <Point Name="DARLIMURA">DARL</Point>
      <Point Name="FLYNN">FYN</Point>
      <Point Name="LAKES ENTRANCE">LKEE</Point>
      <Point Name="LINDENOW SOUTH">LOWS</Point>
      <Point Name="LOCH SPORT">LSR</Point>
      <Point Name="MCGAURAN BEACH">MGBH</Point>
      <Point Name="MOUNT WELLINGTON">MTWN</Point>
      <Point Name="WELSHPOOL">WELS</Point>
    </Label>
  </Map>
  <Map Type="System" Name="YMES_ALLRWYS" Priority="2" Center="-38.098889+147.149444">
    <!--YMES-->
    <Runway Name="04/22">
      <Threshold Name="04" Position="-38.106050+147.138561" ExtendedCentrelineTrack="233.86" ExtendedCentrelineLength="10" ExtendedCentrelineTickInterval="5" />
      <Threshold Name="22" Position="-38.093103+147.161006" ExtendedCentrelineTrack="53.88" ExtendedCentrelineLength="15" ExtendedCentrelineTickInterval="1" />
    </Runway>
    <!--YMES-->
    <Runway Name="09/27">
      <Threshold Name="09" Position="-38.095681+147.128300" ExtendedCentrelineTrack="278.89" ExtendedCentrelineLength="10" ExtendedCentrelineTickInterval="1" />
      <Threshold Name="27" Position="-38.098789+147.153425" ExtendedCentrelineTrack="98.91" ExtendedCentrelineLength="10" ExtendedCentrelineTickInterval="1" />
    </Runway>
  </Map>
</Maps>