﻿<?xml version="1.0" encoding="utf-8"?>
<Maps>
  <Map Type="System" Name="CFS_TCU" Priority="1" Center="-30.320556+153.116389">
    <!--YCFS-->
    <Runway Name="03/21">
      <Threshold Name="03" Position="-30.338375+153.106547" />
      <Threshold Name="21" Position="-30.324153+153.120656" />
    </Runway>
    <Runway Name="10/28">
      <Threshold Name="10" Position="-30.316764+153.115344" />
      <Threshold Name="28" Position="-30.318689+153.122561" />
    </Runway>
    <!--Airway Routes-->
    <Line>
      <!--J70-->
      BANDA/
      JOKER/
      COOPA/
      INOKE/
      IGDAM
    </Line>
    <Line>
      <!--V140-->
      TESAT/
      KAMBA/
      TOOKI/
      OVLUX/
      WLM NDB/
      LATUT
    </Line>
    <Line>
      <!--V652-->
      NICLA/
      UGPOT/
      PMQ NDB
    </Line>
    <Line>
      <!--V652-->
      GFN NDB/
      IDNER
    </Line>
    <Line>
      <!--W192-->
      MUDGI/
      ANBAN/
      TW VOR/
      SANAD
    </Line>
    <Line>
      <!--W192-->
      TUCAB/
      TUCKI/
      GOMOL/
      MOOVI/
      ENKOG
    </Line>
    <Line>
      <!--W196-->
      JEDDA/
      DULIN/
      GOMOL/
      BNA NDB
    </Line>
    <Line>
      <!--W196-->
      KADSI/
      UGPOT
    </Line>
    <Line>
      <!--W214-->
      GOMOL/
      IDNER
    </Line>
    <Line>
      <!--W330-->
      TW VOR/
      LOSKU
    </Line>
    <Line>
      <!--W603-->
      UGPOT/
      WONKA/
      WLM NDB/
      MEPIL
    </Line>
    <Line>
      <!--W656-->
      SORTI/
      IDSEB/
      OLTIN
    </Line>
    <Line>
      <!--W812-->
      POSUM/
      BILBY
    </Line>
  </Map>
  <Map Type="System" Name="CFS_TCU_NAMES" Priority="2" Center="-30.320556+153.116389">
    <Label>
      <Point>BANDA</Point>
      <Point>JOKER</Point>
      <Point>COOPA</Point>
      <Point>INOKE</Point>
      <Point>IGDAM</Point>
      <Point>TESAT</Point>
      <Point>KAMBA</Point>
      <Point>TOOKI</Point>
      <Point>OVLUX</Point>
      <Point>WLM NDB</Point>
      <Point>LATUT</Point>
      <Point>NICLA</Point>
      <Point>UGPOT</Point>
      <Point>PMQ NDB</Point>
      <Point>GFN NDB</Point>
      <Point>IDNER</Point>
      <Point>MUDGI</Point>
      <Point>ANBAN</Point>
      <Point>TW VOR</Point>
      <Point>SANAD</Point>
      <Point>TUCAB</Point>
      <Point>TUCKI</Point>
      <Point>GOMOL</Point>
      <Point>MOOVI</Point>
      <Point>ENKOG</Point>
      <Point>JEDDA</Point>
      <Point>DULIN</Point>
      <Point>BNA NDB</Point>
      <Point>KADSI</Point>
      <Point>LOSKU</Point>
      <Point>WONKA</Point>
      <Point>MEPIL</Point>
      <Point>SORTI</Point>
      <Point>IDSEB</Point>
      <Point>OLTIN</Point>
      <Point>POSUM</Point>
      <Point>BILBY</Point>
    </Label>
  </Map>
  <Map Type="System2" Name="CFS_VFR" Priority="1" Center="-30.320556+153.116389">
    <Symbol Type="HollowSquare">
      <Point>BLR</Point>
      <Point>BLIG</Point>
      <Point>BOV</Point>
      <Point>BDH</Point>
      <Point>DRO</Point>
      <Point>GRE</Point>
      <Point>MKV</Point>
      <Point>MTBA</Point>
      <Point>MOB</Point>
      <Point>NHS</Point>
      <Point>PIL</Point>
      <Point>RER</Point>
      <Point>SWTE</Point>
      <Point>SOI</Point>
      <Point>TUK</Point>
      <Point>URU</Point>
      <Point>WGG</Point>
    </Symbol>
    <Label HasLeader="True">
      <Point>BLR</Point>
      <Point>BLIG</Point>
      <Point>BOV</Point>
      <Point>BDH</Point>
      <Point>DRO</Point>
      <Point>GRE</Point>
      <Point>MKV</Point>
      <Point>MTBA</Point>
      <Point>MOB</Point>
      <Point>NHS</Point>
      <Point>PIL</Point>
      <Point>RER</Point>
      <Point>SWTE</Point>
      <Point>SOI</Point>
      <Point>TUK</Point>
      <Point>URU</Point>
      <Point>WGG</Point>
    </Label>
  </Map>
  <Map Type="System2" Name="CFS_VFR_FULL_NAME" Priority="1" Center="-30.320556+153.116389">
    <Label HasLeader="True" LabelOrientation="SW">
      <Point Name="BELLBROOK">BLR</Point>
      <Point Name="BELLINGEN">BLIG</Point>
      <Point Name="BOWRAVILLE">BOV</Point>
      <Point Name="BUNDAGEN HEAD">BDH</Point>
      <Point Name="DORRIGO">DRO</Point>
      <Point Name="GLENREAGH">GRE</Point>
      <Point Name="MACKSVILLE">MKV</Point>
      <Point Name="MOUNT CORAMBA">MTBA</Point>
      <Point Name="MOUNT MOOMBIL">MOB</Point>
      <Point Name="NAMBUCCA HEADS">NHS</Point>
      <Point Name="PICKET HILL">PIL</Point>
      <Point Name="RED ROCK">RER</Point>
      <Point Name="SAWTELL">SWTE</Point>
      <Point Name="SPLIT SOLITARY ISLAND">SOI</Point>
      <Point Name="TUCKERS KNOB">TUK</Point>
      <Point Name="URUNGA">URU</Point>
      <Point Name="WOOLGOOLGA">WGG</Point>
    </Label>
  </Map>
  <Map Type="System" Name="YCFS_ALLRWYS" Priority="2" Center="-30.320556+153.116389">
    <!--YCFS-->
    <Runway Name="03/21">
      <Threshold Name="03" Position="-30.338375+153.106547" ExtendedCentrelineTrack="220.71" ExtendedCentrelineLength="15" ExtendedCentrelineTickInterval="1" />
      <Threshold Name="21" Position="-30.324153+153.120656" ExtendedCentrelineTrack="40.72" ExtendedCentrelineLength="15" ExtendedCentrelineTickInterval="1" />
    </Runway>
    <!--YCFS-->
    <Runway Name="10/28">
      <Threshold Name="10" Position="-30.316764+153.115344" />
      <Threshold Name="28" Position="-30.318689+153.122561" />
    </Runway>
  </Map>
</Maps>