﻿<?xml version="1.0" encoding="utf-8"?>
<Maps>
  <Map Type="System" Name="AMB_RWY15" Priority="1" Center="-27.640556+152.711944">
    <!--YAMB-->
    <Runway Name="04/22">
      <Threshold Name="04" Position="-27.644611+152.707869" ExtendedCentrelineTrack="234.32" ExtendedCentrelineLength="5" ExtendedCentrelineTickInterval="5" />
      <Threshold Name="22" Position="-27.636589+152.720414" ExtendedCentrelineTrack="54.32" ExtendedCentrelineLength="5" ExtendedCentrelineTickInterval="5" />
    </Runway>
    <Runway Name="15/33">
      <Threshold Name="15" Position="-27.621703+152.705272" ExtendedCentrelineTrack="338.73" ExtendedCentrelineLength="15" ExtendedCentrelineTickInterval="1" />
      <Threshold Name="33" Position="-27.647331+152.716472" />
    </Runway>
    <!--SIDs-->
    <Line>
      <!--Rwy15 BOBOP4-->
      -273850.390+1524259.300/
      -274351.880+1524508.760/
      -274426.555+1524518.142/
      -274502.252+1524516.965/
      -274536.463+1524505.388/
      -274606.856+1524444.197/
      -274631.359+1524414.835/
      -274639.000+1524401.257/
      -274648.310+1524339.328/
      -275046.570+1523314.030/
      BOBOP
    </Line>
    <Line>
      <!--Rwy15 BRISY2-->
      -274351.880+1524508.760/
      -274449.309+1524555.439/
      -274518.335+1524708.425/
      -274511.164+1524828.032/
      -274429.721+1524932.911/
      -274325.117+1525005.671/
      -274256.719+1525007.362/
      -274206.030+1524951.960/
      -273704.770+1524754.190/
      -273645.595+1524749.690/
      -273626.050+1524751.000/
      -273607.473+1524757.977/
      -273551.128+1524810.140/
      -273538.129+1524826.661/
      -273533.214+1524836.247/
      BN VOR
    </Line>
    <Line>
      <!--Rwy15 JEDDA4-->
      -274351.880+1524508.760/
      -274502.252+1524516.965/
      -274606.856+1524444.197/
      -274648.300+1524339.302/
      -274655.470+1524219.675/
      -274626.444+1524106.671/
      -274606.211+1524044.087/
      -274519.580+1524018.040/
      -273245.380+1523339.990/
      JEDDA
    </Line>
    <Line>
      <!--Rwy15 MESED4-->
      -274519.580+1524018.040/
      -273340.410+1523021.670/
      MESED
    </Line>
    <Line>
      <!--Rwy15 TATEN1-->
      -274351.880+1524508.760/
      -274427.011+1524518.265/
      -274503.178+1524517.073/
      -274537.839+1524505.344/
      -274556.913+1524453.430/
      -274606.859+1524444.217/
      -275029.840+1524026.690/
      TATEN
    </Line>
    <!--STARs-->
    <Symbol Type="HollowTriangle">
      <Point>OREBI</Point>
    </Symbol>
    <Symbol Type="Circle">
      <Point>BN VOR</Point>
    </Symbol>
    <Symbol Type="HollowStar">
      <Point>BOBOP</Point>
      <Point>JEDDA</Point>
      <Point>MESED</Point>
      <Point>TATEN</Point>
    </Symbol>
  </Map>
  <Map Type="System" Name="AMB_RWY15_NAMES" Priority="2" Center="-27.640556+152.711944">
    <Label>
      <Point>BOBOP</Point>
      <Point>BN VOR</Point>
      <Point>JEDDA</Point>
      <Point>MESED</Point>
      <Point>TATEN</Point>
      <Point>UNVAT</Point>
      <Point>GOMOL</Point>
      <Point>BNA NDB</Point>
      <Point>CFS VOR</Point>
      <Point>KADSI</Point>
      <Point>LOSKU</Point>
      <Point>ARM NDB</Point>
      <Point>OK VOR</Point>
      <Point>OVENS</Point>
      <Point>VONDO</Point>
      <Point>MASMI</Point>
      <Point>TW VOR</Point>
      <Point>ATVAV</Point>
      <Point>DEJAY</Point>
      <Point>MOR NDB</Point>
      <Point>OLRON</Point>
      <Point>ALDAR</Point>
      <Point>IDNER</Point>
      <Point>HUUGO</Point>
      <Point>ROM NDB</Point>
      <Point>AGIVA</Point>
      <Point>OREBI</Point>
    </Label>
  </Map>
</Maps>