﻿<?xml version="1.0" encoding="utf-8"?>
<Maps>
  <Map Type="System" Name="AMB_RWY33" Priority="1" Center="-27.640556+152.711944">
    <!--YAMB-->
    <Runway Name="04/22">
      <Threshold Name="04" Position="-27.644611+152.707869" ExtendedCentrelineTrack="234.32" ExtendedCentrelineLength="5" ExtendedCentrelineTickInterval="5" />
      <Threshold Name="22" Position="-27.636589+152.720414" ExtendedCentrelineTrack="54.32" ExtendedCentrelineLength="5" ExtendedCentrelineTickInterval="5" />
    </Runway>
    <Runway Name="15/33">
      <Threshold Name="15" Position="-27.621703+152.705272" />
      <Threshold Name="33" Position="-27.647331+152.716472" ExtendedCentrelineTrack="158.74" ExtendedCentrelineLength="10" ExtendedCentrelineTickInterval="5" />
    </Runway>
    <!--SIDs-->
    <Line>
      <!--Rwy33 BOBOP4-->
      -273718.130+1524218.980/
      -273447.990+1524113.430/
      -273412.851+1524044.535/
      -273355.277+1523959.669/
      -273359.938+1523910.902/
      -273423.225+1523833.607/
      -273428.440+1523828.550/
      -275046.570+1523314.030/
      BOBOP
    </Line>
    <Line>
      <!--Rwy33 BRISY2-->
      -273447.990+1524113.430/
      -272834.360+1524119.880/
      -272814.976+1524123.042/
      -272757.005+1524131.802/
      -272741.658+1524145.503/
      -272729.980+1524203.214/
      -272722.767+1524223.726/
      -272721.050+1524234.616/
      BN VOR
    </Line>
    <Line>
      <!--Rwy33 JEDDA4-->
      -273447.990+1524113.430/
      -273416.721+1524054.263/
      -273351.003+1524026.567/
      -273332.513+1523952.310/
      -273322.511+1523913.824/
      -273322.151+1523910.269/
      -273321.010+1523902.400/
      -273252.030+1523350.640/
      JEDDA
    </Line>
    <Line>
      <!--Rwy33 MESED4-->
      -273321.010+1523902.400/
      -273410.600+1523137.110/
      MESED
    </Line>
    <Line>
      <!--Rwy33 TATEN1-->
      -273447.990+1524113.430/
      -273355.272+1524030.079/
      -273328.914+1523922.783/
      -273335.906+1523809.637/
      -273414.377+1523710.224/
      -273514.025+1523640.459/
      -273540.472+1523639.080/
      -273611.150+1523643.960/
      -274721.990+1524106.700/
      TATEN
    </Line>
    <!--STARs-->
    <Symbol Type="Circle">
      <Point>BN VOR</Point>
    </Symbol>
    <Symbol Type="HollowStar">
      <Point>BOBOP</Point>
      <Point>JEDDA</Point>
      <Point>MESED</Point>
      <Point>TATEN</Point>
    </Symbol>
  </Map>
  <Map Type="System" Name="AMB_RWY33_NAMES" Priority="2" Center="-27.640556+152.711944">
    <Label>
      <Point>BOBOP</Point>
      <Point>BN VOR</Point>
      <Point>JEDDA</Point>
      <Point>MESED</Point>
      <Point>TATEN</Point>
      <Point>UNVAT</Point>
      <Point>GOMOL</Point>
      <Point>BNA NDB</Point>
      <Point>CFS VOR</Point>
      <Point>KADSI</Point>
      <Point>LOSKU</Point>
      <Point>ARM NDB</Point>
      <Point>OK VOR</Point>
      <Point>OVENS</Point>
      <Point>VONDO</Point>
      <Point>MASMI</Point>
      <Point>TW VOR</Point>
      <Point>ATVAV</Point>
      <Point>DEJAY</Point>
      <Point>MOR NDB</Point>
      <Point>OLRON</Point>
      <Point>ALDAR</Point>
      <Point>IDNER</Point>
      <Point>HUUGO</Point>
      <Point>ROM NDB</Point>
      <Point>AGIVA</Point>
    </Label>
  </Map>
</Maps>