﻿<?xml version="1.0" encoding="utf-8"?>
<Maps>
  <Map Type="System" Name="AMB_TCU" Priority="1" Center="-27.640556+152.711944">
    <!--YAMB-->
    <Runway Name="04/22">
      <Threshold Name="04" Position="-27.644611+152.707869" />
      <Threshold Name="22" Position="-27.636589+152.720414" />
    </Runway>
    <Runway Name="15/33">
      <Threshold Name="15" Position="-27.621703+152.705272" />
      <Threshold Name="33" Position="-27.647331+152.716472" />
    </Runway>
    <!--Airway Routes-->
    <Line>
      <!--W196-->
      UNVAT/
      JEDDA
    </Line>
    <Line>
      <!--W196-->
      GOMOL/
      BNA NDB/
      CFS VOR/
      KADSI
    </Line>
    <Line>
      <!--W256-->
      BNA NDB/
      LOSKU/
      ARM NDB
    </Line>
    <Line>
      <!--W270-->
      OK VOR/
      UNVAT/
      OVENS
    </Line>
    <Line>
      <!--W411-->
      VONDO/
      MASMI/
      TW VOR/
      ATVAV
    </Line>
    <Line>
      <!--W625-->
      DEJAY/
      MOR NDB
    </Line>
    <Line>
      <!--W760-->
      OLRON/
      ALDAR/
      IDNER/
      HUUGO
    </Line>
    <Line>
      <!--Y195-->
      ROM NDB/
      OK VOR/
      AGIVA
    </Line>
  </Map>
  <Map Type="System2" Name="AMB_VFR" Priority="1" Center="-27.640556+152.711944">
    <Symbol Type="HollowSquare">
      <Point>TVT</Point>
      <Point>BLHS</Point>
      <Point>BSL</Point>
      <Point>BCM</Point>
      <Point>BENT</Point>
      <Point>BUVY</Point>
      <Point>BONG</Point>
      <Point>BOON</Point>
      <Point>BBBG</Point>
      <Point>BBI</Point>
      <Point>BCTY</Point>
      <Point>BNCG</Point>
      <Point>BLGH</Point>
      <Point>CABO</Point>
      <Point>CALT</Point>
      <Point>CARIN</Point>
      <Point>CRPT</Point>
      <Point>CBRG</Point>
      <Point>CVD</Point>
      <Point>CBYC</Point>
      <Point>CNT</Point>
      <Point>DBO</Point>
      <Point>DOOM</Point>
      <Point>DRLD</Point>
      <Point>FNVL</Point>
      <Point>FISH</Point>
      <Point>FPK</Point>
      <Point>GWB</Point>
      <Point>GON</Point>
      <Point>GOW</Point>
      <Point>GNM</Point>
      <Point>HMN</Point>
      <Point>HED</Point>
      <Point>HDWL</Point>
      <Point>HBVT</Point>
      <Point>JPP</Point>
      <Point>JUP</Point>
      <Point>KLCY</Point>
      <Point>KGT</Point>
      <Point>LDLY</Point>
      <Point>LKON</Point>
      <Point>LMC</Point>
      <Point>LOOH</Point>
      <Point>LWD</Point>
      <Point>MCOO</Point>
      <Point>MGLO</Point>
      <Point>MVT</Point>
      <Point>MTWK</Point>
      <Point>MUDI</Point>
      <Point>MEER</Point>
      <Point>MUNM</Point>
      <Point>MHY</Point>
      <Point>NEN</Point>
      <Point>NUDG</Point>
      <Point>OFD</Point>
      <Point>PLW</Point>
      <Point>SFG</Point>
      <Point>PKR</Point>
      <Point>PCKD</Point>
      <Point>PTI</Point>
      <Point>PRP</Point>
      <Point>PBF</Point>
      <Point>Q1</Point>
      <Point>QSAC</Point>
      <Point>RBY</Point>
      <Point>RTY</Point>
      <Point>REDB</Point>
      <Point>ROTC</Point>
      <Point>RSWD</Point>
      <Point>RUIS</Point>
      <Point>SSV</Point>
      <Point>SAU</Point>
      <Point>SAND</Point>
      <Point>SMD</Point>
      <Point>SPT</Point>
      <Point>SPMT</Point>
      <Point>SBK</Point>
      <Point>SHIS</Point>
      <Point>SBD</Point>
      <Point>SUPA</Point>
      <Point>SBCH</Point>
      <Point>TAR</Point>
      <Point>TORN</Point>
      <Point>TING</Point>
      <Point>UQLD</Point>
      <Point>WTBG</Point>
      <Point>WCP</Point>
      <Point>WELL</Point>
      <Point>WNFE</Point>
      <Point>WHDW</Point>
      <Point>WYPT</Point>
      <Point>WRM</Point>
      <Point>WYR</Point>
    </Symbol>
    <Label HasLeader="True">
      <Point>TVT</Point>
      <Point>BLHS</Point>
      <Point>BSL</Point>
      <Point>BCM</Point>
      <Point>BENT</Point>
      <Point>BUVY</Point>
      <Point>BONG</Point>
      <Point>BOON</Point>
      <Point>BBBG</Point>
      <Point>BBI</Point>
      <Point>BCTY</Point>
      <Point>BNCG</Point>
      <Point>BLGH</Point>
      <Point>CABO</Point>
      <Point>CALT</Point>
      <Point>CARIN</Point>
      <Point>CRPT</Point>
      <Point>CBRG</Point>
      <Point>CVD</Point>
      <Point>CBYC</Point>
      <Point>CNT</Point>
      <Point>DBO</Point>
      <Point>DOOM</Point>
      <Point>DRLD</Point>
      <Point>FNVL</Point>
      <Point>FISH</Point>
      <Point>FPK</Point>
      <Point>GWB</Point>
      <Point>GON</Point>
      <Point>GOW</Point>
      <Point>GNM</Point>
      <Point>HMN</Point>
      <Point>HED</Point>
      <Point>HDWL</Point>
      <Point>HBVT</Point>
      <Point>JPP</Point>
      <Point>JUP</Point>
      <Point>KLCY</Point>
      <Point>KGT</Point>
      <Point>LDLY</Point>
      <Point>LKON</Point>
      <Point>LMC</Point>
      <Point>LOOH</Point>
      <Point>LWD</Point>
      <Point>MCOO</Point>
      <Point>MGLO</Point>
      <Point>MVT</Point>
      <Point>MTWK</Point>
      <Point>MUDI</Point>
      <Point>MEER</Point>
      <Point>MUNM</Point>
      <Point>MHY</Point>
      <Point>NEN</Point>
      <Point>NUDG</Point>
      <Point>OFD</Point>
      <Point>PLW</Point>
      <Point>SFG</Point>
      <Point>PKR</Point>
      <Point>PCKD</Point>
      <Point>PTI</Point>
      <Point>PRP</Point>
      <Point>PBF</Point>
      <Point>Q1</Point>
      <Point>QSAC</Point>
      <Point>RBY</Point>
      <Point>RTY</Point>
      <Point>REDB</Point>
      <Point>ROTC</Point>
      <Point>RSWD</Point>
      <Point>RUIS</Point>
      <Point>SSV</Point>
      <Point>SAU</Point>
      <Point>SAND</Point>
      <Point>SMD</Point>
      <Point>SPT</Point>
      <Point>SPMT</Point>
      <Point>SBK</Point>
      <Point>SHIS</Point>
      <Point>SBD</Point>
      <Point>SUPA</Point>
      <Point>SBCH</Point>
      <Point>TAR</Point>
      <Point>TORN</Point>
      <Point>TING</Point>
      <Point>UQLD</Point>
      <Point>WTBG</Point>
      <Point>WCP</Point>
      <Point>WELL</Point>
      <Point>WNFE</Point>
      <Point>WHDW</Point>
      <Point>WYPT</Point>
      <Point>WRM</Point>
      <Point>WYR</Point>
    </Label>
    <Label HasLeader="True" LabelOrientation="NW">
      <Point Name="TRANSIT_NTH">LKON</Point>
    </Label>
    <!--TRANSIT_NTH-->
    <Line Pattern="Dotted">
      LKON/-272759.930+1522742.140/-272718.110+1523612.170/-272652.100+1523856.570/-272729.340+1524114.240/-272756.190+1524240.650/LMC
    </Line>
  </Map>
  <Map Type="System2" Name="AMB_VFR_FULL_NAME" Priority="1" Center="-27.640556+152.711944">
    <Label HasLeader="True" LabelOrientation="SW">
      <Point Name="ABM TV TOWERS">TVT</Point>
      <Point Name="BALD HILLS MAST">BLHS</Point>
      <Point Name="BARNES HILL">BSL</Point>
      <Point Name="BEACHMERE">BCM</Point>
      <Point Name="BEECHMONT">BENT</Point>
      <Point Name="BOND UNIVERSITY">BUVY</Point>
      <Point Name="BONGAREE">BONG</Point>
      <Point Name="BOONDALL ENTERTAINMENT CENTRE">BOON</Point>
      <Point Name="BRIBIE BRIDGE">BBBG</Point>
      <Point Name="BRIBIE ISLAND">BBI</Point>
      <Point Name="BRISBANE CBD">BCTY</Point>
      <Point Name="BRISBANE CRICKET GROUND">BNCG</Point>
      <Point Name="BURLEIGH HEADS">BLGH</Point>
      <Point Name="CABOOLTURE">CABO</Point>
      <Point Name="CALTEX REFINERY">CALT</Point>
      <Point Name="CARINDALE SHOPPING CENTRE">CARIN</Point>
      <Point Name="CASTLEREAGH POINT">CRPT</Point>
      <Point Name="CENTENARY BRIDGE">CBRG</Point>
      <Point Name="CLEVELAND">CVD</Point>
      <Point Name="COOBY CREEK RESV">CBYC</Point>
      <Point Name="CROWS NEST">CNT</Point>
      <Point Name="DAYBORO">DBO</Point>
      <Point Name="DOOMBEN RACECOURSE">DOOM</Point>
      <Point Name="DREAMWORLD">DRLD</Point>
      <Point Name="FERNVALE">FNVL</Point>
      <Point Name="FISHERMANS ISLAND">FISH</Point>
      <Point Name="FLINDERS PEAK">FPK</Point>
      <Point Name="GATEWAY BRIDGE">GWB</Point>
      <Point Name="GOODNA">GON</Point>
      <Point Name="GOWRIE JUNCTION">GOW</Point>
      <Point Name="GREENMOUNT">GNM</Point>
      <Point Name="HAMPTON">HMN</Point>
      <Point Name="HELIDON">HED</Point>
      <Point Name="HINZE DAM WALL">HDWL</Point>
      <Point Name="HORNIBROOK VIADUCT">HBVT</Point>
      <Point Name="JUMPINPIN">JPP</Point>
      <Point Name="JUPITERS CASINO">JUP</Point>
      <Point Name="KILCOY TOWNSHIP">KLCY</Point>
      <Point Name="KINGSTHORPE">KGT</Point>
      <Point Name="LAIDLEY">LDLY</Point>
      <Point Name="LAKE CLARENDON">LKON</Point>
      <Point Name="LAKE MANCHESTER">LMC</Point>
      <Point Name="LAKE MOOGERAH">LOOH</Point>
      <Point Name="LOWOOD">LWD</Point>
      <Point Name="MOUNT COTTON">MCOO</Point>
      <Point Name="MOUNT GLORIOUS">MGLO</Point>
      <Point Name="MOUNT GRAVATT">MVT</Point>
      <Point Name="MOUNT WALKER">MTWK</Point>
      <Point Name="MUD ISLAND">MUDI</Point>
      <Point Name="MUDGEERABA">MEER</Point>
      <Point Name="MUNIGANEEN MT">MUNM</Point>
      <Point Name="MURPHY'S CREEK">MHY</Point>
      <Point Name="NERANG">NEN</Point>
      <Point Name="NUDGEE TIP">NUDG</Point>
      <Point Name="OXENFORD">OFD</Point>
      <Point Name="PALM MEADOWS">PLW</Point>
      <Point Name="PARADISE GARDENS">SFG</Point>
      <Point Name="PARK RIDGE WATER TOWER">PKR</Point>
      <Point Name="PERSEVERENCE CREEK DAM">PCKD</Point>
      <Point Name="PETRIE">PTI</Point>
      <Point Name="PORPOISE PT">PRP</Point>
      <Point Name="PURLINGBROOKE FALLS">PBF</Point>
      <Point Name="QUEBEC ONE">Q1</Point>
      <Point Name="QUEENSLAND SAC">QSAC</Point>
      <Point Name="RABY BAY">RBY</Point>
      <Point Name="RATHDOWNEY">RTY</Point>
      <Point Name="REDLAND BAY">REDB</Point>
      <Point Name="ROBINA TOWN CENTRE">ROTC</Point>
      <Point Name="ROSEWOOD">RSWD</Point>
      <Point Name="RUSSELL ISLAND">RUIS</Point>
      <Point Name="SAMSONVALE">SSV</Point>
      <Point Name="SANCTUARY COVE">SAU</Point>
      <Point Name="SANDGATE PIER">SAND</Point>
      <Point Name="SOMERSET DAM">SMD</Point>
      <Point Name="SOUTHPORT">SPT</Point>
      <Point Name="SPRING MOUNTAIN">SPMT</Point>
      <Point Name="SPRINGBROOK">SBK</Point>
      <Point Name="ST HELENA ISLAND">SHIS</Point>
      <Point Name="STORY BRIDGE">SBD</Point>
      <Point Name="SURFER'S PARADISE">SUPA</Point>
      <Point Name="SUTTONS BEACH">SBCH</Point>
      <Point Name="TARGET">TAR</Point>
      <Point Name="THORNTON">TORN</Point>
      <Point Name="TINGALPA RESERVOIR">TING</Point>
      <Point Name="UNI OF QLD ST LUCIA">UQLD</Point>
      <Point Name="WALTER TAYLOR BRIDGE">WTBG</Point>
      <Point Name="WELLCAMP DOWNS">WCP</Point>
      <Point Name="WELLINGTON PT">WELL</Point>
      <Point Name="WESTERN FREEWAY">WNFE</Point>
      <Point Name="WIVENHOE DAM WALL">WHDW</Point>
      <Point Name="WOODY PT">WYPT</Point>
      <Point Name="WOORIM">WRM</Point>
      <Point Name="WYREEMA">WYR</Point>
    </Label>
  </Map>
  <Map Type="System" Name="YAMB_ALLRWYS" Priority="2" Center="-27.640556+152.711944">
    <!--YAMB-->
    <Runway Name="04/22">
      <Threshold Name="04" Position="-27.644611+152.707869" ExtendedCentrelineTrack="234.32" ExtendedCentrelineLength="5" ExtendedCentrelineTickInterval="5" />
      <Threshold Name="22" Position="-27.636589+152.720414" ExtendedCentrelineTrack="54.32" ExtendedCentrelineLength="5" ExtendedCentrelineTickInterval="5" />
    </Runway>
    <!--YAMB-->
    <Runway Name="15/33">
      <Threshold Name="15" Position="-27.621703+152.705272" ExtendedCentrelineTrack="338.73" ExtendedCentrelineLength="15" ExtendedCentrelineTickInterval="1" />
      <Threshold Name="33" Position="-27.647331+152.716472" ExtendedCentrelineTrack="158.74" ExtendedCentrelineLength="10" ExtendedCentrelineTickInterval="5" />
    </Runway>
  </Map>
</Maps>