﻿<?xml version="1.0" encoding="utf-8"?>
<Maps>
  <Map Type="System" Name="HM_TCU" Priority="1" Center="-20.358056+148.951667">
    <!--YBHM-->
    <Runway Name="14/32">
      <Threshold Name="14" Position="-20.351322+148.946717" />
      <Threshold Name="32" Position="-20.363614+148.956581" />
    </Runway>
    <!--Airway Routes-->
    <Line>
      <!--Q67-->
      GLA VOR/
      RUNLA
    </Line>
    <Line>
      <!--Q67-->
      RUMKA/
      BARIA
    </Line>
    <Line>
      <!--Q141-->
      ESKUT/
      NITIT
    </Line>
    <Line>
      <!--W685-->
      TOGEN/
      LINSU
    </Line>
  </Map>
  <Map Type="System" Name="HM_TCU_NAMES" Priority="2" Center="-20.358056+148.951667">
    <Label>
      <Point>GLA VOR</Point>
      <Point>RUNLA</Point>
      <Point>RUMKA</Point>
      <Point>BARIA</Point>
      <Point>ESKUT</Point>
      <Point>NITIT</Point>
      <Point>TOGEN</Point>
      <Point>LINSU</Point>
    </Label>
  </Map>
  <Map Type="System2" Name="HM_VFR" Priority="1" Center="-20.358056+148.951667">
    <Symbol Type="HollowSquare">
      <Point>BCT</Point>
      <Point>BKIS</Point>
      <Point>BOWEN</Point>
      <Point>BPI</Point>
      <Point>CALEN</Point>
      <Point>CAV</Point>
      <Point>CPY</Point>
      <Point>CPH</Point>
      <Point>CIH</Point>
      <Point>COWI</Point>
      <Point>DRY</Point>
      <Point>DCIS</Point>
      <Point>GOI</Point>
      <Point>GRL</Point>
      <Point>HAZ</Point>
      <Point>KSI</Point>
      <Point>LFC</Point>
      <Point>MII</Point>
      <Point>MBK</Point>
      <Point>NAA</Point>
      <Point>RIL</Point>
      <Point>SHI</Point>
      <Point>SLPT</Point>
      <Point>WKT</Point>
      <Point>ALBO</Point>
    </Symbol>
    <Label HasLeader="True">
      <Point>BCT</Point>
      <Point>BKIS</Point>
      <Point>BOWEN</Point>
      <Point>BPI</Point>
      <Point>CALEN</Point>
      <Point>CAV</Point>
      <Point>CPY</Point>
      <Point>CPH</Point>
      <Point>CIH</Point>
      <Point>COWI</Point>
      <Point>DRY</Point>
      <Point>DCIS</Point>
      <Point>GOI</Point>
      <Point>GRL</Point>
      <Point>HAZ</Point>
      <Point>KSI</Point>
      <Point>LFC</Point>
      <Point>MII</Point>
      <Point>MBK</Point>
      <Point>NAA</Point>
      <Point>RIL</Point>
      <Point>SHI</Point>
      <Point>SLPT</Point>
      <Point>WKT</Point>
      <Point>ALBO</Point>
    </Label>
  </Map>
  <Map Type="System2" Name="HM_VFR_FULL_NAME" Priority="1" Center="-20.358056+148.951667">
    <Label HasLeader="True" LabelOrientation="SW">
      <Point Name="BLACK MT">BCT</Point>
      <Point Name="BLACKSMITH ISLAND">BKIS</Point>
      <Point Name="BOWEN">BOWEN</Point>
      <Point Name="BRAMPTON ISLAND">BPI</Point>
      <Point Name="CALEN">CALEN</Point>
      <Point Name="CANNONVALE">CAV</Point>
      <Point Name="CAPE CONWAY">CPY</Point>
      <Point Name="CAPE HILLSBOROUGH">CPH</Point>
      <Point Name="CID HARBOUR">CIH</Point>
      <Point Name="COW ISLAND">COWI</Point>
      <Point Name="DALRYE">DRY</Point>
      <Point Name="DOUBLE CONE ISLAND">DCIS</Point>
      <Point Name="GOLDSMITH ISLAND">GOI</Point>
      <Point Name="GREEN ISLAND (MACKAY)">GRL</Point>
      <Point Name="HAZELWOOD ISLAND">HAZ</Point>
      <Point Name="KESWICK ISLAND">KSI</Point>
      <Point Name="LONGFORD CREEK">LFC</Point>
      <Point Name="MIDGE ISLAND">MII</Point>
      <Point Name="MOUNT BLACKWOOD">MBK</Point>
      <Point Name="NARA INLET">NAA</Point>
      <Point Name="RABBIT ISLAND">RIL</Point>
      <Point Name="SHAW ISLAND">SHI</Point>
      <Point Name="SLADE POINT">SLPT</Point>
      <Point Name="WALKERSTON">WKT</Point>
      <Point Name="YALBOROO">ALBO</Point>
    </Label>
  </Map>
  <Map Type="System" Name="YBHM_ALLRWYS" Priority="2" Center="-20.358056+148.951667">
    <!--YBHM-->
    <Runway Name="14/32">
      <Threshold Name="14" Position="-20.351322+148.946717" ExtendedCentrelineTrack="322.88" ExtendedCentrelineLength="10" ExtendedCentrelineTickInterval="1" />
      <Threshold Name="32" Position="-20.363614+148.956581" ExtendedCentrelineTrack="142.88" ExtendedCentrelineLength="10" ExtendedCentrelineTickInterval="1" />
    </Runway>
  </Map>
</Maps>