﻿<?xml version="1.0" encoding="utf-8"?>
<Maps>
  <Map Type="System" Name="RI_RWY28" Priority="1" Center="-33.600556+150.780833">
    <!--YSRI-->
    <Runway Name="10/28">
      <Threshold Name="10" Position="-33.601614+150.771247" />
      <Threshold Name="28" Position="-33.607272+150.793219" ExtendedCentrelineTrack="107.11" ExtendedCentrelineLength="10" ExtendedCentrelineTickInterval="1" />
    </Runway>
    <!--SIDs-->
    <Line>
      <!--Rwy28 RIC4-->
      -333605.810+1504616.490/
      -333605.127+1504614.639/
      -333458.119+1504339.000
    </Line>
    <!--STARs-->
    <Symbol Type="HollowTriangle">
      <Point>BUVLO</Point>
    </Symbol>
  </Map>
  <Map Type="System" Name="RI_RWY28_NAMES" Priority="2" Center="-33.600556+150.780833">
    <Label>
      <Point>KADOM</Point>
      <Point>PKS VOR</Point>
      <Point>NOBAR</Point>
      <Point>ABARB</Point>
      <Point>DIPSO</Point>
      <Point>GUTIV</Point>
      <Point>INVUS</Point>
      <Point>ATNAT</Point>
      <Point>SOTKI</Point>
      <Point>WOL NDB</Point>
      <Point>LEECE</Point>
      <Point>CB VOR</Point>
      <Point>LOKYA</Point>
      <Point>EMSUR</Point>
      <Point>OVMIN</Point>
      <Point>UPVEN</Point>
      <Point>OLTIN</Point>
      <Point>MONDO</Point>
      <Point>LOWEP</Point>
      <Point>YAKKA</Point>
      <Point>MEPIL</Point>
      <Point>OLSEM</Point>
      <Point>UPNEX</Point>
      <Point>EKIPU</Point>
      <Point>WLM NDB</Point>
      <Point>BANDA</Point>
      <Point>BOYSY</Point>
      <Point>IDSUP</Point>
      <Point>EMROT</Point>
      <Point>MUDGI</Point>
      <Point>UNSAR</Point>
      <Point>LASUD</Point>
      <Point>IDGIG</Point>
      <Point>IPGOK</Point>
      <Point>IDOGI</Point>
      <Point>LALIB</Point>
      <Point>IGDAM</Point>
      <Point>SADLO</Point>
      <Point>BOREE</Point>
      <Point>EVONN</Point>
      <Point>GEROS</Point>
      <Point>PLUGA</Point>
      <Point>CAWLY</Point>
      <Point>AKALU</Point>
      <Point>NONID</Point>
      <Point>RIKNI</Point>
      <Point>MARLN</Point>
      <Point>SANAD</Point>
      <Point>UBLOM</Point>
      <Point>ISREV</Point>
      <Point>DUUKE</Point>
      <Point>KAMBA</Point>
      <Point>TOOKI</Point>
      <Point>OVLUX</Point>
      <Point>LATUT</Point>
      <Point>CFS VOR</Point>
      <Point>PEGSU</Point>
      <Point>EXETA</Point>
      <Point>BUNGO</Point>
      <Point>DUBUS</Point>
      <Point>SOFAL</Point>
      <Point>DU NDB</Point>
      <Point>ENPAG</Point>
      <Point>RUTOS</Point>
      <Point>SCATZ</Point>
      <Point>ANBAN</Point>
      <Point>MAKOR</Point>
      <Point>WG VOR</Point>
      <Point>HAPPI</Point>
      <Point>AKMIR</Point>
      <Point>WELSH</Point>
      <Point>ODALE</Point>
      <Point>BTH NDB</Point>
      <Point>EBONY</Point>
      <Point>ARRAN</Point>
      <Point>NONUP</Point>
      <Point>CULIN</Point>
      <Point>TARAL</Point>
      <Point>RIVET</Point>
      <Point>OPTIC</Point>
      <Point>TONIM</Point>
      <Point>BUVLO</Point>
    </Label>
  </Map>
</Maps>