﻿<?xml version="1.0" encoding="utf-8"?>
<Maps>
  <Map Type="System" Name="SY_RWY34PROPS" Priority="1" Center="-33.946111+151.177222">
    <!--YSSY-->
    <Runway Name="16R/34L">
      <Threshold Name="16R" Position="-33.930097+151.171786" />
      <Threshold Name="34L" Position="-33.964264+151.180647" ExtendedCentrelineTrack="167.81" ExtendedCentrelineLength="20" ExtendedCentrelineTickInterval="2" />
    </Runway>
    <Runway Name="16L/34R">
      <Threshold Name="16L" Position="-33.951636+151.188847" />
      <Threshold Name="34R" Position="-33.970756+151.193811" ExtendedCentrelineTrack="167.79" ExtendedCentrelineLength="20" ExtendedCentrelineTickInterval="2" />
    </Runway>
    <!--SIDs-->
    <Line>
      <!--Rwy34L KADOM1-->
      -335548.350+1511018.430/
      -335558.387+1511021.732/
      -335456.281+1511003.593/
      -335413.000+1510926.043/
      -335003.227+1510138.578/
      KADOM
    </Line>
    <Line>
      <!--Rwy34L RIC6-->
      -335456.281+1511003.593/
      -335407.926+1510931.588/
      -334738.730+1510122.814
    </Line>
    <Line>
      <!--Rwy34L RIC6.RIC-->
      -334738.730+1510122.814/
      RIC NDB
    </Line>
    <Line>
      <!--Rwy34L WOL2-->
      -335003.227+1510138.578/
      -334954.611+1505743.312/
      -335006.043+1505726.451/
      -335050.673+1505653.085/
      -335138.033+1505633.233/
      -335234.957+1505621.225/
      -335352.154+1505621.991/
      -335535.937+1505648.943/
      ANKUB/
      WOL NDB
    </Line>
    <Line>
      <!--Rwy34R MARUB7-->
      -335705.890+1511119.850/
      -335626.198+1511109.739/
      -335550.887+1511115.168/
      -335509.429+1511205.503/
      -335539.620+1511319.050/
      -335609.470+1511357.312/
      -335628.753+1511449.753/
      -335557.943+1512702.979/
      MARUB
    </Line>
    <Line>
      <!--Rwy34R MARUB7.WOL-->
      MARUB/
      -335553.478+1512906.813/
      -335623.074+1513145.556/
      -335728.000+1513304.655/
      -335844.682+1513340.250/
      -340757.555+1513809.802/
      -340757.028+1513809.878/
      -340935.013+1513842.410/
      -341123.340+1513813.458/
      -341259.087+1513636.097/
      WOL NDB
    </Line>
    <Line>
      <!--Rwy34R OLSEM1-->
      -335550.887+1511115.168/
      -335517.263+1511131.283/
      HALAS/
      -334911.404+1512127.697/
      -334821.747+1512248.587/
      OLSEM
    </Line>
    <!--STARs-->
    <Line>
      <!--Rwy34L BORE4A-->
      BOREE/
      VASRA/
      BEROW/
      OVILS/
      JENTL/
      ZONKA/
      DUDOK/
      NASHO
    </Line>
    <Line>
      <!--Rwy34L MARLN5-->
      MARLN/
      BIKUS/
      WHALE/
      PRAWN/
      TESAT
    </Line>
    <Line>
      <!--Rwy34L MEPIL3.SANAD-->
      SANAD/
      OLTIN/
      YAKKA/
      MEPIL
    </Line>
    <Line>
      <!--Rwy34L MEPIL3-->
      MEPIL/
      LANOL/
      TESAT
    </Line>
    <Line>
      <!--Rwy34L ODALE7-->
      ODALE/
      KABLO/
      MITSA/
      ANKUB/
      TESAT
    </Line>
    <Line>
      <!--Rwy34L RIVET4-->
      RIVET/
      BIGEM/
      TAMMI/
      BOOGI/
      DUDOK
    </Line>
    <Line>
      <!--Rwy34R BORE4A-->
      OVILS/
      MAJAR/
      DIPPA/
      JAKLN
    </Line>
    <Line>
      <!--Rwy34R MARLN5-->
      PRAWN/
      MANFA/
      JAKLN
    </Line>
    <Line>
      <!--Rwy34R MEPIL3.SANAD-->
    </Line>
    <Line>
      <!--Rwy34R MEPIL3-->
    </Line>
    <Line>
      <!--Rwy34R ODALE7-->
    </Line>
    <Line>
      <!--Rwy34R RIVET4-->
    </Line>
    <Symbol Type="HollowTriangle">
      <Point>SOSIJ</Point>
      <Point>ENDEV</Point>
    </Symbol>
    <Symbol Type="SolidStar">
      <Point>MARUB</Point>
      <Point>NASHO</Point>
      <Point>JAKLN</Point>
    </Symbol>
    <Symbol Type="Circle">
      <Point>RIC NDB</Point>
      <Point>WOL NDB</Point>
    </Symbol>
    <Symbol Type="HollowStar">
      <Point>KADOM</Point>
      <Point>ANKUB</Point>
      <Point>HALAS</Point>
      <Point>OLSEM</Point>
      <Point>BOREE</Point>
      <Point>VASRA</Point>
      <Point>BEROW</Point>
      <Point>OVILS</Point>
      <Point>JENTL</Point>
      <Point>ZONKA</Point>
      <Point>DUDOK</Point>
      <Point>MARLN</Point>
      <Point>BIKUS</Point>
      <Point>WHALE</Point>
      <Point>PRAWN</Point>
      <Point>TESAT</Point>
      <Point>MEPIL</Point>
      <Point>LANOL</Point>
      <Point>SANAD</Point>
      <Point>OLTIN</Point>
      <Point>YAKKA</Point>
      <Point>ODALE</Point>
      <Point>KABLO</Point>
      <Point>MITSA</Point>
      <Point>RIVET</Point>
      <Point>BIGEM</Point>
      <Point>TAMMI</Point>
      <Point>BOOGI</Point>
      <Point>MAJAR</Point>
      <Point>DIPPA</Point>
      <Point>MANFA</Point>
    </Symbol>
    <!--(SY) RWY34PROPS Airspace-->
    <Line Name="(SY) RWY34PROPS" Width="1.7" Pattern="Dotted">
      -340540.000+1501753.000/-335709.000+1510102.000/-334932.000+1510518.000/-334548.000+1510443.000/-333309.000+1510031.000/-331422.000+1505212.000
    </Line>
    <Line Name="(SY) RWY34PROPS_1" Width="1.7" Pattern="Dotted">
      -331210.000+1511816.000/-334251.000+1511329.000/-334818.000+1512116.000/-335615.000+1512409.000/-335959.000+1520455.000
    </Line>
    <Line Name="(SY) RWY34PROPS_2" Width="1.7" Pattern="Dotted">
      -340351.000+1505947.000/-342008.000+1502443.000
    </Line>
    <Line Name="(SY) RWY34PROPS_3" Width="1.7" Pattern="Dotted">
      -343731.000+1513340.000/-340008.000+1512444.000/-335835.000+1511111.000/-340351.000+1505947.000/-341116.000+1510303.000/-344137.000+1511018.000
    </Line>
    <Line Name="(SY) RWY34PROPS_4" Width="1.7" Pattern="Dotted">
      -340401.000+1520420.000/-340008.000+1512444.000
    </Line>
    <Label HasLeader="false" Alignment="Center" VerticalAlignment="Middle">
      <!--(SY) RWY34PROPS Labels-->
      <Point Name="SAN 60/SDN 50">-33.565168+151.150003</Point>
      <Point Name="SAN 60/SDN 50">-33.898951+151.241922</Point>
      <Point Name="SAS 60/SDS 50">-34.124911+150.719557</Point>
      <Point Name="SDN">-33.628888+150.639444</Point>
      <Point Name="SDN">-33.643419+151.690090</Point>
      <Point Name="SDS">-34.255213+151.724123</Point>
      <Point Name="SDS">-34.415281+150.771534</Point>
      <Point Name="SFE">-34.293247+151.375046</Point>
      <Point Name="SFW">-34.311956+151.174309</Point>
    </Label>
  </Map>
  <Map Type="System" Name="SY_RWY34PROPS_NAMES" Priority="2" Center="-33.946111+151.177222">
    <Label>
      <Point>KADOM</Point>
      <Point>RIC NDB</Point>
      <Point>ANKUB</Point>
      <Point>WOL NDB</Point>
      <Point>MARUB</Point>
      <Point>HALAS</Point>
      <Point>OLSEM</Point>
      <Point>BOREE</Point>
      <Point>VASRA</Point>
      <Point>BEROW</Point>
      <Point>OVILS</Point>
      <Point>JENTL</Point>
      <Point>ZONKA</Point>
      <Point>DUDOK</Point>
      <Point>NASHO</Point>
      <Point>MARLN</Point>
      <Point>BIKUS</Point>
      <Point>WHALE</Point>
      <Point>PRAWN</Point>
      <Point>TESAT</Point>
      <Point>SANAD</Point>
      <Point>OLTIN</Point>
      <Point>YAKKA</Point>
      <Point>MEPIL</Point>
      <Point>LANOL</Point>
      <Point>ODALE</Point>
      <Point>KABLO</Point>
      <Point>MITSA</Point>
      <Point>RIVET</Point>
      <Point>BIGEM</Point>
      <Point>TAMMI</Point>
      <Point>BOOGI</Point>
      <Point>MAJAR</Point>
      <Point>DIPPA</Point>
      <Point>JAKLN</Point>
      <Point>MANFA</Point>
      <Point>PKS VOR</Point>
      <Point>NOBAR</Point>
      <Point>ABARB</Point>
      <Point>DIPSO</Point>
      <Point>GUTIV</Point>
      <Point>INVUS</Point>
      <Point>ATNAT</Point>
      <Point>SOTKI</Point>
      <Point>LEECE</Point>
      <Point>CB VOR</Point>
      <Point>LOKYA</Point>
      <Point>EMSUR</Point>
      <Point>OVMIN</Point>
      <Point>UPVEN</Point>
      <Point>MONDO</Point>
      <Point>LOWEP</Point>
      <Point>UPNEX</Point>
      <Point>EKIPU</Point>
      <Point>WLM NDB</Point>
      <Point>BANDA</Point>
      <Point>BOYSY</Point>
      <Point>IDSUP</Point>
      <Point>EMROT</Point>
      <Point>MUDGI</Point>
      <Point>UNSAR</Point>
      <Point>LASUD</Point>
      <Point>IDGIG</Point>
      <Point>IPGOK</Point>
      <Point>IDOGI</Point>
      <Point>LALIB</Point>
      <Point>IGDAM</Point>
      <Point>SADLO</Point>
      <Point>EVONN</Point>
      <Point>GEROS</Point>
      <Point>PLUGA</Point>
      <Point>CAWLY</Point>
      <Point>AKALU</Point>
      <Point>NONID</Point>
      <Point>RIKNI</Point>
      <Point>UBLOM</Point>
      <Point>ISREV</Point>
      <Point>DUUKE</Point>
      <Point>KAMBA</Point>
      <Point>TOOKI</Point>
      <Point>OVLUX</Point>
      <Point>LATUT</Point>
      <Point>CFS VOR</Point>
      <Point>PEGSU</Point>
      <Point>EXETA</Point>
      <Point>BUNGO</Point>
      <Point>DUBUS</Point>
      <Point>SOFAL</Point>
      <Point>DU NDB</Point>
      <Point>ENPAG</Point>
      <Point>RUTOS</Point>
      <Point>SCATZ</Point>
      <Point>ANBAN</Point>
      <Point>MAKOR</Point>
      <Point>WG VOR</Point>
      <Point>HAPPI</Point>
      <Point>AKMIR</Point>
      <Point>WELSH</Point>
      <Point>BTH NDB</Point>
      <Point>EBONY</Point>
      <Point>ARRAN</Point>
      <Point>NONUP</Point>
      <Point>CULIN</Point>
      <Point>TARAL</Point>
      <Point>OPTIC</Point>
      <Point>TONIM</Point>
      <Point>SOSIJ</Point>
      <Point>ENDEV</Point>
    </Label>
  </Map>
</Maps>