﻿<?xml version="1.0" encoding="utf-8"?>
<Maps>
  <Map Type="System" Name="SY_RWYCURFEW" Priority="1" Center="-33.946111+151.177222">
    <!--YSSY-->
    <Runway Name="16R/34L">
      <Threshold Name="16R" Position="-33.930097+151.171786" />
      <Threshold Name="34L" Position="-33.964264+151.180647" ExtendedCentrelineTrack="167.81" ExtendedCentrelineLength="20" ExtendedCentrelineTickInterval="2" />
    </Runway>
    <!--SIDs-->
    <Line>
      <!--Rwy16R GROOK1-->
      -335751.350+1511050.330/
      -335759.243+1511051.980/
      DUNES/
      DEENA/
      GROOK
    </Line>
    <Line>
      <!--Rwy16R GROOK1.KADOM-->
      GROOK/
      OLVAG/
      GUSPU/
      EGOPO/
      ANKUB/
      KADOM
    </Line>
    <Line>
      <!--Rwy16R GROOK1.RIC-->
      ANKUB/
      UPMAR/
      RIC NDB
    </Line>
    <Line>
      <!--Rwy16R GROOK1.WOL-->
      OLVAG/
      ISBEX/
      WOL NDB
    </Line>
    <!--STARs-->
    <Line>
      <!--Rwy34L BORE4A-->
      BOREE/
      VASRA/
      BEROW/
      OVILS/
      JENTL/
      ZONKA/
      DUDOK/
      NASHO
    </Line>
    <Line>
      <!--Rwy34L MARLN5-->
      MARLN/
      BIKUS/
      WHALE/
      PRAWN/
      TESAT
    </Line>
    <Line>
      <!--Rwy34L MEPIL3.SANAD-->
      SANAD/
      OLTIN/
      YAKKA/
      MEPIL
    </Line>
    <Line>
      <!--Rwy34L MEPIL3-->
      MEPIL/
      LANOL/
      TESAT
    </Line>
    <Line>
      <!--Rwy34L ODALE7-->
      ODALE/
      KABLO/
      MITSA/
      ANKUB/
      TESAT
    </Line>
    <Line>
      <!--Rwy34L RIVET4-->
      RIVET/
      BIGEM/
      TAMMI/
      BOOGI/
      DUDOK
    </Line>
    <Symbol Type="HollowTriangle">
      <Point>SOSIJ</Point>
    </Symbol>
    <Symbol Type="SolidStar">
      <Point>GROOK</Point>
      <Point>KADOM</Point>
      <Point>NASHO</Point>
    </Symbol>
    <Symbol Type="Circle">
      <Point>RIC NDB</Point>
      <Point>WOL NDB</Point>
    </Symbol>
    <Symbol Type="HollowStar">
      <Point>DUNES</Point>
      <Point>DEENA</Point>
      <Point>OLVAG</Point>
      <Point>GUSPU</Point>
      <Point>EGOPO</Point>
      <Point>ANKUB</Point>
      <Point>UPMAR</Point>
      <Point>ISBEX</Point>
      <Point>BOREE</Point>
      <Point>VASRA</Point>
      <Point>BEROW</Point>
      <Point>OVILS</Point>
      <Point>JENTL</Point>
      <Point>ZONKA</Point>
      <Point>DUDOK</Point>
      <Point>MARLN</Point>
      <Point>BIKUS</Point>
      <Point>WHALE</Point>
      <Point>PRAWN</Point>
      <Point>TESAT</Point>
      <Point>MEPIL</Point>
      <Point>LANOL</Point>
      <Point>SANAD</Point>
      <Point>OLTIN</Point>
      <Point>YAKKA</Point>
      <Point>ODALE</Point>
      <Point>KABLO</Point>
      <Point>MITSA</Point>
      <Point>RIVET</Point>
      <Point>BIGEM</Point>
      <Point>TAMMI</Point>
      <Point>BOOGI</Point>
    </Symbol>
  </Map>
  <Map Type="System" Name="SY_RWYCURFEW_NAMES" Priority="2" Center="-33.946111+151.177222">
    <Label>
      <Point>DUNES</Point>
      <Point>DEENA</Point>
      <Point>GROOK</Point>
      <Point>OLVAG</Point>
      <Point>GUSPU</Point>
      <Point>EGOPO</Point>
      <Point>ANKUB</Point>
      <Point>KADOM</Point>
      <Point>UPMAR</Point>
      <Point>RIC NDB</Point>
      <Point>ISBEX</Point>
      <Point>WOL NDB</Point>
      <Point>BOREE</Point>
      <Point>VASRA</Point>
      <Point>BEROW</Point>
      <Point>OVILS</Point>
      <Point>JENTL</Point>
      <Point>ZONKA</Point>
      <Point>DUDOK</Point>
      <Point>NASHO</Point>
      <Point>MARLN</Point>
      <Point>BIKUS</Point>
      <Point>WHALE</Point>
      <Point>PRAWN</Point>
      <Point>TESAT</Point>
      <Point>SANAD</Point>
      <Point>OLTIN</Point>
      <Point>YAKKA</Point>
      <Point>MEPIL</Point>
      <Point>LANOL</Point>
      <Point>ODALE</Point>
      <Point>KABLO</Point>
      <Point>MITSA</Point>
      <Point>RIVET</Point>
      <Point>BIGEM</Point>
      <Point>TAMMI</Point>
      <Point>BOOGI</Point>
      <Point>PKS VOR</Point>
      <Point>NOBAR</Point>
      <Point>ABARB</Point>
      <Point>DIPSO</Point>
      <Point>GUTIV</Point>
      <Point>INVUS</Point>
      <Point>ATNAT</Point>
      <Point>SOTKI</Point>
      <Point>LEECE</Point>
      <Point>CB VOR</Point>
      <Point>LOKYA</Point>
      <Point>EMSUR</Point>
      <Point>OVMIN</Point>
      <Point>UPVEN</Point>
      <Point>MONDO</Point>
      <Point>LOWEP</Point>
      <Point>OLSEM</Point>
      <Point>UPNEX</Point>
      <Point>EKIPU</Point>
      <Point>WLM NDB</Point>
      <Point>BANDA</Point>
      <Point>BOYSY</Point>
      <Point>IDSUP</Point>
      <Point>EMROT</Point>
      <Point>MUDGI</Point>
      <Point>UNSAR</Point>
      <Point>LASUD</Point>
      <Point>IDGIG</Point>
      <Point>IPGOK</Point>
      <Point>IDOGI</Point>
      <Point>LALIB</Point>
      <Point>IGDAM</Point>
      <Point>SADLO</Point>
      <Point>EVONN</Point>
      <Point>GEROS</Point>
      <Point>PLUGA</Point>
      <Point>CAWLY</Point>
      <Point>AKALU</Point>
      <Point>NONID</Point>
      <Point>RIKNI</Point>
      <Point>UBLOM</Point>
      <Point>ISREV</Point>
      <Point>DUUKE</Point>
      <Point>KAMBA</Point>
      <Point>TOOKI</Point>
      <Point>OVLUX</Point>
      <Point>LATUT</Point>
      <Point>CFS VOR</Point>
      <Point>PEGSU</Point>
      <Point>EXETA</Point>
      <Point>BUNGO</Point>
      <Point>DUBUS</Point>
      <Point>SOFAL</Point>
      <Point>DU NDB</Point>
      <Point>ENPAG</Point>
      <Point>RUTOS</Point>
      <Point>SCATZ</Point>
      <Point>ANBAN</Point>
      <Point>MAKOR</Point>
      <Point>WG VOR</Point>
      <Point>HAPPI</Point>
      <Point>AKMIR</Point>
      <Point>WELSH</Point>
      <Point>BTH NDB</Point>
      <Point>EBONY</Point>
      <Point>ARRAN</Point>
      <Point>NONUP</Point>
      <Point>CULIN</Point>
      <Point>TARAL</Point>
      <Point>OPTIC</Point>
      <Point>TONIM</Point>
      <Point>SOSIJ</Point>
    </Label>
  </Map>
</Maps>