﻿<?xml version="1.0" encoding="utf-8"?>
<Maps>
  <Map Type="System" Name="SY_RWY16PROPS" Priority="1" Center="-33.946111+151.177222">
    <!--YSSY-->
    <Runway Name="16L/34R">
      <Threshold Name="16L" Position="-33.951636+151.188847" ExtendedCentrelineTrack="347.79" ExtendedCentrelineLength="15" ExtendedCentrelineTickInterval="1" />
      <Threshold Name="34R" Position="-33.970756+151.193811" />
    </Runway>
    <Runway Name="16R/34L">
      <Threshold Name="16R" Position="-33.930097+151.171786" ExtendedCentrelineTrack="347.8" ExtendedCentrelineLength="15" ExtendedCentrelineTickInterval="1" />
      <Threshold Name="34L" Position="-33.964264+151.180647" />
    </Runway>
    <!--SIDs-->
    <Line>
      <!--Rwy16L ABBEY3-->
      -335814.720+1511137.720/
      -335923.315+1511200.420/
      -340013.297+1511426.578/
      KEVIN/
      JULIA/
      ABBEY/
      WOL NDB
    </Line>
    <Line>
      <!--Rwy16L KEVIN7-->
      -335923.315+1511200.420/
      IDBIM/
      KEVIN
    </Line>
    <Line>
      <!--Rwy16L KEVIN7.CAWLY-->
      KEVIN/
      CAWLY
    </Line>
    <Line>
      <!--Rwy16L KEVIN7.DIPSO-->
      KEVIN/
      EXOVA/
      PEDLU/
      DIPSO
    </Line>
    <Line>
      <!--Rwy16L KEVIN7.EVONN-->
      KEVIN/
      EVONN
    </Line>
    <Line>
      <!--Rwy16L KEVIN7.NOBAR-->
      PEDLU/
      NOBAR
    </Line>
    <Line>
      <!--Rwy16L KEVIN7.OLSEM-->
      PEDLU/
      OLSEM
    </Line>
    <Line>
      <!--Rwy16L KEVIN7.OPTIC-->
      KEVIN/
      OPTIC
    </Line>
    <Line>
      <!--Rwy16R GROOK1-->
      -335751.350+1511050.330/
      -335759.243+1511051.980/
      DUNES/
      DEENA/
      GROOK
    </Line>
    <Line>
      <!--Rwy16R GROOK1.KADOM-->
      GROOK/
      OLVAG/
      GUSPU/
      EGOPO/
      ANKUB/
      KADOM
    </Line>
    <Line>
      <!--Rwy16R GROOK1.RIC-->
      ANKUB/
      UPMAR/
      RIC NDB
    </Line>
    <Line>
      <!--Rwy16R GROOK1.WOL-->
      OLVAG/
      ISBEX/
      WOL NDB
    </Line>
    <!--STARs-->
    <Line>
      <!--Rwy16L BORE4A-->
      BOREE/
      VASRA/
      BEROW/
      OVILS
    </Line>
    <Line>
      <!--Rwy16L MARLN5-->
      MARLN/
      BIKUS/
      WHALE/
      PRAWN/
      TESAT
    </Line>
    <Line>
      <!--Rwy16L MEPIL3.SANAD-->
      SANAD/
      OLTIN/
      YAKKA/
      MEPIL
    </Line>
    <Line>
      <!--Rwy16L MEPIL3-->
      MEPIL/
      LANOL/
      TESAT
    </Line>
    <Line>
      <!--Rwy16L ODALE7-->
      ODALE/
      KABLO/
      MITSA/
      ANKUB/
      TESAT
    </Line>
    <Line>
      <!--Rwy16L RIVET4-->
      RIVET/
      BIGEM/
      TAMMI/
      BOOGI/
      TESAT
    </Line>
    <Line>
      <!--Rwy16R BORE4A-->
    </Line>
    <Line>
      <!--Rwy16R BORE4P-->
      VASRA/
      DALAR/
      DUMOP/
      URDEN
    </Line>
    <Line>
      <!--Rwy16R MARLN5-->
    </Line>
    <Line>
      <!--Rwy16R MEPIL3.SANAD-->
    </Line>
    <Line>
      <!--Rwy16R MEPIL3-->
    </Line>
    <Line>
      <!--Rwy16R ODALE7-->
    </Line>
    <Line>
      <!--Rwy16R RIVET4-->
    </Line>
    <Symbol Type="HollowTriangle">
      <Point>TONUX</Point>
      <Point>URDEN</Point>
    </Symbol>
    <Symbol Type="SolidStar">
      <Point>KEVIN</Point>
      <Point>DIPSO</Point>
      <Point>EVONN</Point>
      <Point>NOBAR</Point>
      <Point>OLSEM</Point>
      <Point>OPTIC</Point>
      <Point>GROOK</Point>
      <Point>KADOM</Point>
    </Symbol>
    <Symbol Type="Circle">
      <Point>WOL NDB</Point>
      <Point>RIC NDB</Point>
    </Symbol>
    <Symbol Type="HollowStar">
      <Point>JULIA</Point>
      <Point>ABBEY</Point>
      <Point>IDBIM</Point>
      <Point>CAWLY</Point>
      <Point>EXOVA</Point>
      <Point>PEDLU</Point>
      <Point>DUNES</Point>
      <Point>DEENA</Point>
      <Point>OLVAG</Point>
      <Point>GUSPU</Point>
      <Point>EGOPO</Point>
      <Point>ANKUB</Point>
      <Point>UPMAR</Point>
      <Point>ISBEX</Point>
      <Point>BOREE</Point>
      <Point>VASRA</Point>
      <Point>BEROW</Point>
      <Point>OVILS</Point>
      <Point>MARLN</Point>
      <Point>BIKUS</Point>
      <Point>WHALE</Point>
      <Point>PRAWN</Point>
      <Point>TESAT</Point>
      <Point>MEPIL</Point>
      <Point>LANOL</Point>
      <Point>SANAD</Point>
      <Point>OLTIN</Point>
      <Point>YAKKA</Point>
      <Point>ODALE</Point>
      <Point>KABLO</Point>
      <Point>MITSA</Point>
      <Point>RIVET</Point>
      <Point>BIGEM</Point>
      <Point>TAMMI</Point>
      <Point>BOOGI</Point>
      <Point>DALAR</Point>
      <Point>DUMOP</Point>
    </Symbol>
    <!--(SY) RWY16PROPS Airspace-->
    <Line Name="(SY) RWY16PROPS" Width="1.7" Pattern="Dotted">
      -331422.000+1505212.000/-333257.000+1510119.000
    </Line>
    <Line Name="(SY) RWY16PROPS_1" Width="1.7" Pattern="Dotted">
      -333217.000+1511741.000/-331210.000+1511816.000
    </Line>
    <Line Name="(SY) RWY16PROPS_2" Width="1.7" Pattern="Dotted">
      -335346.000+1511743.000/-334851.000+1511841.000/-334047.000+1511915.000/-333217.000+1511741.000/-333200.679+1511609.478/-333138.000+1511057.000/-333200.679+1510544.522/-333308.035+1510041.404/-333458.051+1505556.739/-333726.000+1505142.000/-334443.000+1505128.000/-334504.000+1505354.000/-335542.000+1505919.000/-335720.000+1510009.000/-335346.000+1511743.000
    </Line>
    <Line Name="(SY) RWY16PROPS_3" Width="1.7" Pattern="Dotted">
      -335959.000+1520455.000/-335547.000+1512003.000/-334851.000+1511841.000
    </Line>
    <Line Name="(SY) RWY16PROPS_4" Width="1.7" Pattern="Dotted">
      -335835.000+1511111.000/-340401.000+1520421.000
    </Line>
    <Line Name="(SY) RWY16PROPS_5" Width="1.7" Pattern="Dotted">
      -335720.000+1510009.000/-340540.000+1501753.000
    </Line>
    <Line Name="(SY) RWY16PROPS_6" Width="1.7" Pattern="Dotted">
      -342007.000+1502443.000/-335835.000+1511111.000
    </Line>
    <Label HasLeader="false" Alignment="Center" VerticalAlignment="Middle">
      <!--(SY) RWY16PROPS Labels-->
      <Point Name="SAN">-33.446111+151.031944</Point>
      <Point Name="SAN 60/SDN 50">-33.978954+151.302893</Point>
      <Point Name="SAS 60/SDS 50">-34.134571+150.712138</Point>
      <Point Name="SDN">-33.628888+150.639444</Point>
      <Point Name="SDN">-33.638333+151.677222</Point>
      <Point Name="SDS">-34.397777+151.229722</Point>
      <Point Name="SFE">-33.729126+151.241877</Point>
      <Point Name="SFW">-33.742420+150.966231</Point>
    </Label>
  </Map>
  <Map Type="System" Name="SY_RWY16PROPS_NAMES" Priority="2" Center="-33.946111+151.177222">
    <Label>
      <Point>KEVIN</Point>
      <Point>JULIA</Point>
      <Point>ABBEY</Point>
      <Point>WOL NDB</Point>
      <Point>IDBIM</Point>
      <Point>CAWLY</Point>
      <Point>EXOVA</Point>
      <Point>PEDLU</Point>
      <Point>DIPSO</Point>
      <Point>EVONN</Point>
      <Point>NOBAR</Point>
      <Point>OLSEM</Point>
      <Point>OPTIC</Point>
      <Point>DUNES</Point>
      <Point>DEENA</Point>
      <Point>GROOK</Point>
      <Point>OLVAG</Point>
      <Point>GUSPU</Point>
      <Point>EGOPO</Point>
      <Point>ANKUB</Point>
      <Point>KADOM</Point>
      <Point>UPMAR</Point>
      <Point>RIC NDB</Point>
      <Point>ISBEX</Point>
      <Point>BOREE</Point>
      <Point>VASRA</Point>
      <Point>BEROW</Point>
      <Point>OVILS</Point>
      <Point>MARLN</Point>
      <Point>BIKUS</Point>
      <Point>WHALE</Point>
      <Point>PRAWN</Point>
      <Point>TESAT</Point>
      <Point>SANAD</Point>
      <Point>OLTIN</Point>
      <Point>YAKKA</Point>
      <Point>MEPIL</Point>
      <Point>LANOL</Point>
      <Point>ODALE</Point>
      <Point>KABLO</Point>
      <Point>MITSA</Point>
      <Point>RIVET</Point>
      <Point>BIGEM</Point>
      <Point>TAMMI</Point>
      <Point>BOOGI</Point>
      <Point>DALAR</Point>
      <Point>DUMOP</Point>
      <Point>URDEN</Point>
      <Point>PKS VOR</Point>
      <Point>ABARB</Point>
      <Point>GUTIV</Point>
      <Point>INVUS</Point>
      <Point>ATNAT</Point>
      <Point>SOTKI</Point>
      <Point>LEECE</Point>
      <Point>CB VOR</Point>
      <Point>LOKYA</Point>
      <Point>EMSUR</Point>
      <Point>OVMIN</Point>
      <Point>UPVEN</Point>
      <Point>MONDO</Point>
      <Point>LOWEP</Point>
      <Point>UPNEX</Point>
      <Point>EKIPU</Point>
      <Point>WLM NDB</Point>
      <Point>BANDA</Point>
      <Point>BOYSY</Point>
      <Point>IDSUP</Point>
      <Point>EMROT</Point>
      <Point>MUDGI</Point>
      <Point>UNSAR</Point>
      <Point>LASUD</Point>
      <Point>IDGIG</Point>
      <Point>IPGOK</Point>
      <Point>IDOGI</Point>
      <Point>LALIB</Point>
      <Point>IGDAM</Point>
      <Point>SADLO</Point>
      <Point>GEROS</Point>
      <Point>PLUGA</Point>
      <Point>AKALU</Point>
      <Point>NONID</Point>
      <Point>RIKNI</Point>
      <Point>UBLOM</Point>
      <Point>ISREV</Point>
      <Point>DUUKE</Point>
      <Point>KAMBA</Point>
      <Point>TOOKI</Point>
      <Point>OVLUX</Point>
      <Point>LATUT</Point>
      <Point>CFS VOR</Point>
      <Point>PEGSU</Point>
      <Point>EXETA</Point>
      <Point>BUNGO</Point>
      <Point>DUBUS</Point>
      <Point>SOFAL</Point>
      <Point>DU NDB</Point>
      <Point>ENPAG</Point>
      <Point>RUTOS</Point>
      <Point>SCATZ</Point>
      <Point>ANBAN</Point>
      <Point>MAKOR</Point>
      <Point>WG VOR</Point>
      <Point>HAPPI</Point>
      <Point>AKMIR</Point>
      <Point>WELSH</Point>
      <Point>BTH NDB</Point>
      <Point>EBONY</Point>
      <Point>ARRAN</Point>
      <Point>NONUP</Point>
      <Point>CULIN</Point>
      <Point>TARAL</Point>
      <Point>TONIM</Point>
      <Point>TONUX</Point>
    </Label>
  </Map>
</Maps>