﻿<?xml version="1.0" encoding="utf-8"?>
<Maps>
  <Map Type="System" Name="SY_RWY25" Priority="1" Center="-33.946111+151.177222">
    <!--YSSY-->
    <Runway Name="07/25">
      <Threshold Name="07" Position="-33.943739+151.163628" />
      <Threshold Name="25" Position="-33.937775+151.188908" ExtendedCentrelineTrack="74.2" ExtendedCentrelineLength="10" ExtendedCentrelineTickInterval="1" />
    </Runway>
    <!--SIDs-->
    <!--STARs-->
    <Line>
      <!--Rwy25 BORE4A-->
      BOREE/
      VASRA/
      BEROW/
      OVILS
    </Line>
    <Line>
      <!--Rwy25 MARLN5-->
      MARLN/
      BIKUS/
      VENUL/
      UXAMA/
      JELLI
    </Line>
    <Line>
      <!--Rwy25 MEPIL3.SANAD-->
      SANAD/
      OLTIN/
      YAKKA/
      MEPIL
    </Line>
    <Line>
      <!--Rwy25 MEPIL3-->
      MEPIL/
      LANOL/
      TESAT
    </Line>
    <Line>
      <!--Rwy25 ODALE7-->
      ODALE/
      KABLO/
      MITSA/
      ANKUB/
      TESAT
    </Line>
    <Line>
      <!--Rwy25 RIVET4-->
      RIVET/
      BIGEM/
      TAMMI/
      BOOGI/
      TESAT
    </Line>
    <Symbol Type="HollowTriangle">
      <Point>JELLI</Point>
    </Symbol>
    <Symbol Type="HollowStar">
      <Point>BOREE</Point>
      <Point>VASRA</Point>
      <Point>BEROW</Point>
      <Point>OVILS</Point>
      <Point>MARLN</Point>
      <Point>BIKUS</Point>
      <Point>VENUL</Point>
      <Point>UXAMA</Point>
      <Point>MEPIL</Point>
      <Point>LANOL</Point>
      <Point>TESAT</Point>
      <Point>SANAD</Point>
      <Point>OLTIN</Point>
      <Point>YAKKA</Point>
      <Point>ODALE</Point>
      <Point>KABLO</Point>
      <Point>MITSA</Point>
      <Point>ANKUB</Point>
      <Point>RIVET</Point>
      <Point>BIGEM</Point>
      <Point>TAMMI</Point>
      <Point>BOOGI</Point>
    </Symbol>
    <!--(SY) RWY25 Airspace-->
    <Line Name="(SY) RWY25" Width="1.7" Pattern="Dotted">
      -331422.000+1505212.000/-333257.000+1510119.000/-333424.330+1510145.758/-333626.206+1510158.889/-333828.131+1510146.410/-334026.396+1510108.670/-334033.000+1510102.000/-334533.000+1510525.000/-335358.000+1510720.000/-335416.000+1511004.000/-335217.000+1511817.000/-334429.000+1512040.000/-334537.000+1511635.000/-334340.000+1511350.000/-333839.000+1511345.000/-331210.000+1511816.000
    </Line>
    <Line Name="(SY) RWY25_1" Width="1.7" Pattern="Dotted">
      -340617.000+1511300.000/-340108.000+1513639.000/-340401.000+1520420.000
    </Line>
    <Line Name="(SY) RWY25_2" Width="1.7" Pattern="Dotted">
      -335959.000+1520455.000/-335810.111+1514529.951/-335353.013+1513448.304
    </Line>
    <Line Name="(SY) RWY25_MARLN" Width="1.7" Pattern="Dotted">
      -340540.000+1501753.000/-335753.000+1505719.000/-335358.000+1510720.000/-335416.000+1511004.000/-340617.000+1511300.000/-340650.000+1511027.000/-340509.000+1505704.000/-342008.000+1502443.000
    </Line>
    <Line Name="(SY) RWY25_3" Width="1.7" Pattern="Dotted">
      -334429.000+1512040.000/-334229.000+1512750.000/-334345.282+1512922.308/-334636.244+1513147.262/-334945.506+1513334.449/-335307.346+1513440.556/-335353.013+1513448.304
    </Line>
    <Label HasLeader="false" Alignment="Center" VerticalAlignment="Middle">
      <!--(SY) RWY25 Labels-->
      <Point Name="SAN 60/SDN 50">-33.650811+151.128693</Point>
      <Point Name="SAS 60/SDS 50">-34.141096+150.719003</Point>
      <Point Name="SDN">-33.628888+150.639444</Point>
      <Point Name="SDN">-33.641889+151.694849</Point>
      <Point Name="SDS">-34.397777+151.229722</Point>
      <Point Name="SFE">-33.814183+151.428416</Point>
      <Point Name="SFW 60/SAN 70">-33.997706+151.412713</Point>
    </Label>
  </Map>
  <Map Type="System" Name="SY_RWY25_NAMES" Priority="2" Center="-33.946111+151.177222">
    <Label>
      <Point>BOREE</Point>
      <Point>VASRA</Point>
      <Point>BEROW</Point>
      <Point>OVILS</Point>
      <Point>MARLN</Point>
      <Point>BIKUS</Point>
      <Point>VENUL</Point>
      <Point>UXAMA</Point>
      <Point>JELLI</Point>
      <Point>SANAD</Point>
      <Point>OLTIN</Point>
      <Point>YAKKA</Point>
      <Point>MEPIL</Point>
      <Point>LANOL</Point>
      <Point>TESAT</Point>
      <Point>ODALE</Point>
      <Point>KABLO</Point>
      <Point>MITSA</Point>
      <Point>ANKUB</Point>
      <Point>RIVET</Point>
      <Point>BIGEM</Point>
      <Point>TAMMI</Point>
      <Point>BOOGI</Point>
      <Point>KADOM</Point>
      <Point>PKS VOR</Point>
      <Point>NOBAR</Point>
      <Point>ABARB</Point>
      <Point>DIPSO</Point>
      <Point>GUTIV</Point>
      <Point>INVUS</Point>
      <Point>ATNAT</Point>
      <Point>SOTKI</Point>
      <Point>WOL NDB</Point>
      <Point>LEECE</Point>
      <Point>CB VOR</Point>
      <Point>LOKYA</Point>
      <Point>EMSUR</Point>
      <Point>OVMIN</Point>
      <Point>UPVEN</Point>
      <Point>MONDO</Point>
      <Point>LOWEP</Point>
      <Point>OLSEM</Point>
      <Point>UPNEX</Point>
      <Point>EKIPU</Point>
      <Point>WLM NDB</Point>
      <Point>BANDA</Point>
      <Point>BOYSY</Point>
      <Point>IDSUP</Point>
      <Point>EMROT</Point>
      <Point>MUDGI</Point>
      <Point>UNSAR</Point>
      <Point>LASUD</Point>
      <Point>IDGIG</Point>
      <Point>IPGOK</Point>
      <Point>IDOGI</Point>
      <Point>LALIB</Point>
      <Point>IGDAM</Point>
      <Point>SADLO</Point>
      <Point>EVONN</Point>
      <Point>GEROS</Point>
      <Point>PLUGA</Point>
      <Point>CAWLY</Point>
      <Point>AKALU</Point>
      <Point>NONID</Point>
      <Point>RIKNI</Point>
      <Point>UBLOM</Point>
      <Point>ISREV</Point>
      <Point>DUUKE</Point>
      <Point>KAMBA</Point>
      <Point>TOOKI</Point>
      <Point>OVLUX</Point>
      <Point>LATUT</Point>
      <Point>CFS VOR</Point>
      <Point>PEGSU</Point>
      <Point>EXETA</Point>
      <Point>BUNGO</Point>
      <Point>DUBUS</Point>
      <Point>SOFAL</Point>
      <Point>DU NDB</Point>
      <Point>ENPAG</Point>
      <Point>RUTOS</Point>
      <Point>SCATZ</Point>
      <Point>ANBAN</Point>
      <Point>MAKOR</Point>
      <Point>WG VOR</Point>
      <Point>HAPPI</Point>
      <Point>AKMIR</Point>
      <Point>WELSH</Point>
      <Point>BTH NDB</Point>
      <Point>EBONY</Point>
      <Point>ARRAN</Point>
      <Point>NONUP</Point>
      <Point>CULIN</Point>
      <Point>TARAL</Point>
      <Point>OPTIC</Point>
      <Point>TONIM</Point>
    </Label>
  </Map>
</Maps>