﻿<?xml version="1.0" encoding="utf-8"?>
<Maps>
  <Map Type="System" Name="SY_RWYSODPROPS" Priority="1" Center="-33.946111+151.177222">
    <!--YSSY-->
    <Runway Name="16L/34R">
      <Threshold Name="16L" Position="-33.951636+151.188847" />
      <Threshold Name="34R" Position="-33.970756+151.193811" />
    </Runway>
    <Runway Name="16R/34L">
      <Threshold Name="16R" Position="-33.930097+151.171786" />
      <Threshold Name="34L" Position="-33.964264+151.180647" ExtendedCentrelineTrack="167.81" ExtendedCentrelineLength="20" ExtendedCentrelineTickInterval="2" />
    </Runway>
    <!--SIDs-->
    <Line>
      <!--Rwy16L ABBEY3-->
      -335814.720+1511137.720/
      -335923.315+1511200.420/
      -340013.297+1511426.578/
      KEVIN/
      JULIA/
      ABBEY/
      WOL NDB
    </Line>
    <Line>
      <!--Rwy16L KEVIN7-->
      -335923.315+1511200.420/
      IDBIM/
      KEVIN
    </Line>
    <Line>
      <!--Rwy16L KEVIN7.CAWLY-->
      KEVIN/
      CAWLY
    </Line>
    <Line>
      <!--Rwy16L KEVIN7.DIPSO-->
      KEVIN/
      EXOVA/
      PEDLU/
      DIPSO
    </Line>
    <Line>
      <!--Rwy16L KEVIN7.EVONN-->
      KEVIN/
      EVONN
    </Line>
    <Line>
      <!--Rwy16L KEVIN7.NOBAR-->
      PEDLU/
      NOBAR
    </Line>
    <Line>
      <!--Rwy16L KEVIN7.OLSEM-->
      PEDLU/
      OLSEM
    </Line>
    <Line>
      <!--Rwy16L KEVIN7.OPTIC-->
      KEVIN/
      OPTIC
    </Line>
    <!--STARs-->
    <Line>
      <!--Rwy34L BORE4A-->
      BOREE/
      VASRA/
      BEROW/
      OVILS/
      JENTL/
      ZONKA/
      DUDOK/
      NASHO
    </Line>
    <Line>
      <!--Rwy34L MARLN5-->
      MARLN/
      BIKUS/
      WHALE/
      PRAWN/
      TESAT
    </Line>
    <Line>
      <!--Rwy34L MEPIL3.SANAD-->
      SANAD/
      OLTIN/
      YAKKA/
      MEPIL
    </Line>
    <Line>
      <!--Rwy34L MEPIL3-->
      MEPIL/
      LANOL/
      TESAT
    </Line>
    <Line>
      <!--Rwy34L ODALE7-->
      ODALE/
      KABLO/
      MITSA/
      ANKUB/
      TESAT
    </Line>
    <Line>
      <!--Rwy34L RIVET4-->
      RIVET/
      BIGEM/
      TAMMI/
      BOOGI/
      DUDOK
    </Line>
    <Symbol Type="HollowTriangle">
      <Point>SOSIJ</Point>
    </Symbol>
    <Symbol Type="SolidStar">
      <Point>KEVIN</Point>
      <Point>DIPSO</Point>
      <Point>EVONN</Point>
      <Point>NOBAR</Point>
      <Point>OLSEM</Point>
      <Point>OPTIC</Point>
      <Point>NASHO</Point>
    </Symbol>
    <Symbol Type="Circle">
      <Point>WOL NDB</Point>
    </Symbol>
    <Symbol Type="HollowStar">
      <Point>JULIA</Point>
      <Point>ABBEY</Point>
      <Point>IDBIM</Point>
      <Point>CAWLY</Point>
      <Point>EXOVA</Point>
      <Point>PEDLU</Point>
      <Point>BOREE</Point>
      <Point>VASRA</Point>
      <Point>BEROW</Point>
      <Point>OVILS</Point>
      <Point>JENTL</Point>
      <Point>ZONKA</Point>
      <Point>DUDOK</Point>
      <Point>MARLN</Point>
      <Point>BIKUS</Point>
      <Point>WHALE</Point>
      <Point>PRAWN</Point>
      <Point>TESAT</Point>
      <Point>MEPIL</Point>
      <Point>LANOL</Point>
      <Point>SANAD</Point>
      <Point>OLTIN</Point>
      <Point>YAKKA</Point>
      <Point>ODALE</Point>
      <Point>KABLO</Point>
      <Point>MITSA</Point>
      <Point>ANKUB</Point>
      <Point>RIVET</Point>
      <Point>BIGEM</Point>
      <Point>TAMMI</Point>
      <Point>BOOGI</Point>
    </Symbol>
    <!--(SY) RWYSODPROPS Airspace-->
    <Line Name="(SY) RWYSODPROPS_SDN" Width="1.7" Pattern="Dotted">
      -340035.569+1520454.840/-335508.526+1511258.527/-333606.700+1511413.996/-331220.086+1511918.831
    </Line>
    <Line Name="(SY) RWYSODPROPS_SDS" Width="1.7" Pattern="Dotted">
      -340349.005+1520404.317/-335905.719+1512158.491/-340514.672+1511517.967/-344023.287+1512420.515
    </Line>
    <Line Name="(SY) RWYSODPROPS_SDS_1" Width="1.7" Pattern="Dotted">
      -342019.851+1502447.097/-340742.251+1505031.823/-341044.425+1510416.632/-344151.328+1511215.758
    </Line>
    <Line Name="(SY) RWYSODPROPS_SDN_1" Width="1.7" Pattern="Dotted">
      -340032.309+1501701.746/-335734.023+1505832.552/-334451.160+1510558.515/-333928.243+1510145.524/-333734.988+1510216.445/-333509.370+1510217.555/-333231.476+1510147.927/-331429.467+1505205.877
    </Line>
    <Label HasLeader="false" Alignment="Center" VerticalAlignment="Middle">
      <!--(SY) RWYSODPROPS Labels-->
      <Point Name="SAN">-33.333347+151.021383</Point>
      <Point Name="SAN 60/SDN 50">-33.959116+151.489149</Point>
      <Point Name="SAS">-34.407832+151.177713</Point>
      <Point Name="SAS 60/SDS 50">-34.092121+150.807353</Point>
      <Point Name="SDN">-33.688707+150.692613</Point>
      <Point Name="SDN">-33.742571+151.629919</Point>
      <Point Name="SDS">-34.388572+151.686998</Point>
      <Point Name="SDS">-34.486632+150.809659</Point>
    </Label>
  </Map>
  <Map Type="System" Name="SY_RWYSODPROPS_NAMES" Priority="2" Center="-33.946111+151.177222">
    <Label>
      <Point>KEVIN</Point>
      <Point>JULIA</Point>
      <Point>ABBEY</Point>
      <Point>WOL NDB</Point>
      <Point>IDBIM</Point>
      <Point>CAWLY</Point>
      <Point>EXOVA</Point>
      <Point>PEDLU</Point>
      <Point>DIPSO</Point>
      <Point>EVONN</Point>
      <Point>NOBAR</Point>
      <Point>OLSEM</Point>
      <Point>OPTIC</Point>
      <Point>BOREE</Point>
      <Point>VASRA</Point>
      <Point>BEROW</Point>
      <Point>OVILS</Point>
      <Point>JENTL</Point>
      <Point>ZONKA</Point>
      <Point>DUDOK</Point>
      <Point>NASHO</Point>
      <Point>MARLN</Point>
      <Point>BIKUS</Point>
      <Point>WHALE</Point>
      <Point>PRAWN</Point>
      <Point>TESAT</Point>
      <Point>SANAD</Point>
      <Point>OLTIN</Point>
      <Point>YAKKA</Point>
      <Point>MEPIL</Point>
      <Point>LANOL</Point>
      <Point>ODALE</Point>
      <Point>KABLO</Point>
      <Point>MITSA</Point>
      <Point>ANKUB</Point>
      <Point>RIVET</Point>
      <Point>BIGEM</Point>
      <Point>TAMMI</Point>
      <Point>BOOGI</Point>
      <Point>KADOM</Point>
      <Point>PKS VOR</Point>
      <Point>ABARB</Point>
      <Point>GUTIV</Point>
      <Point>INVUS</Point>
      <Point>ATNAT</Point>
      <Point>SOTKI</Point>
      <Point>LEECE</Point>
      <Point>CB VOR</Point>
      <Point>LOKYA</Point>
      <Point>EMSUR</Point>
      <Point>OVMIN</Point>
      <Point>UPVEN</Point>
      <Point>MONDO</Point>
      <Point>LOWEP</Point>
      <Point>UPNEX</Point>
      <Point>EKIPU</Point>
      <Point>WLM NDB</Point>
      <Point>BANDA</Point>
      <Point>BOYSY</Point>
      <Point>IDSUP</Point>
      <Point>EMROT</Point>
      <Point>MUDGI</Point>
      <Point>UNSAR</Point>
      <Point>LASUD</Point>
      <Point>IDGIG</Point>
      <Point>IPGOK</Point>
      <Point>IDOGI</Point>
      <Point>LALIB</Point>
      <Point>IGDAM</Point>
      <Point>SADLO</Point>
      <Point>GEROS</Point>
      <Point>PLUGA</Point>
      <Point>AKALU</Point>
      <Point>NONID</Point>
      <Point>RIKNI</Point>
      <Point>UBLOM</Point>
      <Point>ISREV</Point>
      <Point>DUUKE</Point>
      <Point>KAMBA</Point>
      <Point>TOOKI</Point>
      <Point>OVLUX</Point>
      <Point>LATUT</Point>
      <Point>CFS VOR</Point>
      <Point>PEGSU</Point>
      <Point>EXETA</Point>
      <Point>BUNGO</Point>
      <Point>DUBUS</Point>
      <Point>SOFAL</Point>
      <Point>DU NDB</Point>
      <Point>ENPAG</Point>
      <Point>RUTOS</Point>
      <Point>SCATZ</Point>
      <Point>ANBAN</Point>
      <Point>MAKOR</Point>
      <Point>WG VOR</Point>
      <Point>HAPPI</Point>
      <Point>AKMIR</Point>
      <Point>WELSH</Point>
      <Point>BTH NDB</Point>
      <Point>EBONY</Point>
      <Point>ARRAN</Point>
      <Point>NONUP</Point>
      <Point>CULIN</Point>
      <Point>TARAL</Point>
      <Point>TONIM</Point>
      <Point>SOSIJ</Point>
    </Label>
  </Map>
</Maps>