﻿<?xml version="1.0" encoding="utf-8"?>
<Maps>
  <Map Type="System" Name="SY_TCU" Priority="1" Center="-33.946111+151.177222">
    <!--YSBK-->
    <Runway Name="11C/29C">
      <Threshold Name="11C" Position="-33.920119+150.984556" ExtendedCentrelineTrack="303.9" ExtendedCentrelineLength="3" ExtendedCentrelineTickInterval="3" />
      <Threshold Name="29C" Position="-33.926453+150.995861" ExtendedCentrelineTrack="123.9" ExtendedCentrelineLength="3" ExtendedCentrelineTickInterval="3" />
    </Runway>
    <Runway Name="11L/29R">
      <Threshold Name="11L" Position="-33.920122+150.986647" />
      <Threshold Name="29R" Position="-33.925653+150.996522" />
    </Runway>
    <Runway Name="11R/29L">
      <Threshold Name="11R" Position="-33.921631+150.985203" />
      <Threshold Name="29L" Position="-33.926833+150.994492" />
    </Runway>
    <!--YSCN-->
    <Runway Name="06/24">
      <Threshold Name="06" Position="-34.040619+150.680619" ExtendedCentrelineTrack="244.8" ExtendedCentrelineLength="3" ExtendedCentrelineTickInterval="3" />
      <Threshold Name="24" Position="-34.036186+150.691939" ExtendedCentrelineTrack="64.81" ExtendedCentrelineLength="3" ExtendedCentrelineTickInterval="3" />
    </Runway>
    <Runway Name="10/28">
      <Threshold Name="10" Position="-34.041503+150.681736" ExtendedCentrelineTrack="290.95" ExtendedCentrelineLength="3" ExtendedCentrelineTickInterval="3" />
      <Threshold Name="28" Position="-34.043833+150.689047" ExtendedCentrelineTrack="110.96" ExtendedCentrelineLength="3" ExtendedCentrelineTickInterval="3" />
    </Runway>
    <!--YSRI-->
    <Runway Name="10/28">
      <Threshold Name="10" Position="-33.601614+150.771247" />
      <Threshold Name="28" Position="-33.607272+150.793219" />
    </Runway>
    <!--YSSY-->
    <Runway Name="07/25">
      <Threshold Name="07" Position="-33.943739+151.163628" />
      <Threshold Name="25" Position="-33.937775+151.188908" />
    </Runway>
    <Runway Name="16L/34R">
      <Threshold Name="16L" Position="-33.951636+151.188847" />
      <Threshold Name="34R" Position="-33.970756+151.193811" />
    </Runway>
    <Runway Name="16R/34L">
      <Threshold Name="16R" Position="-33.930097+151.171786" />
      <Threshold Name="34L" Position="-33.964264+151.180647" />
    </Runway>
    <!--Airway Routes-->
    <Line>
      <!--A576-->
      KADOM/
      PKS VOR
    </Line>
    <Line>
      <!--B450-->
      NOBAR/
      ABARB
    </Line>
    <Line>
      <!--G595-->
      DIPSO/
      GUTIV/
      INVUS/
      ATNAT/
      SOTKI
    </Line>
    <Line>
      <!--H65-->
      WOL NDB/
      LEECE/
      CB VOR
    </Line>
    <Line>
      <!--H76 RIC NDB-->
      LOKYA/
      EMSUR/
      OVMIN/
      UPVEN
    </Line>
    <Line>
      <!--H201-->
      OLTIN/
      MONDO/
      LOWEP/
      YAKKA/
      MEPIL
    </Line>
    <Line>
      <!--H252-->
      OLSEM/
      UPNEX/
      EKIPU/
      WLM NDB/
      BANDA
    </Line>
    <Line>
      <!--H530-->
      BOYSY/
      IDSUP/
      EMROT/
      MUDGI/
      UNSAR/
      LASUD/
      IDGIG/
      IPGOK
    </Line>
    <Line>
      <!--H652-->
      IDOGI/
      LALIB/
      IGDAM/
      SADLO/
      BOREE
    </Line>
    <Line>
      <!--L521-->
      EVONN/
      GEROS
    </Line>
    <Line>
      <!--M636-->
      PLUGA/
      CAWLY
    </Line>
    <Line>
      <!--N774-->
      AKALU/
      NONID/
      RIKNI/
      MARLN
    </Line>
    <Line>
      <!--Q155 RIC NDB-->
      SANAD/
      UBLOM/
      ISREV/
      DUUKE
    </Line>
    <Line>
      <!--V140-->
      KAMBA/
      TOOKI/
      OVLUX/
      WLM NDB/
      LATUT/
      CFS VOR
    </Line>
    <Line>
      <!--V169-->
      PEGSU/
      EXETA/
      BUNGO/
      CB VOR/
      DUBUS
    </Line>
    <Line>
      <!--V295-->
      SOFAL/
      DU NDB/
      ENPAG
    </Line>
    <Line>
      <!--V316-->
      RUTOS/
      SCATZ/
      ANBAN
    </Line>
    <Line>
      <!--V665 RIC NDB-->
      MAKOR/
      OLTIN
    </Line>
    <Line>
      <!--W113-->
      WG VOR/
      HAPPI/
      AKMIR/
      WELSH/
      ODALE
    </Line>
    <Line>
      <!--W460 RIC NDB-->
      BTH NDB/
      PKS VOR
    </Line>
    <Line>
      <!--Y59-->
      EBONY/
      ARRAN/
      NONUP/
      CULIN/
      TARAL/
      RIVET
    </Line>
    <Line>
      <!--Y84-->
      OPTIC/
      TONIM
    </Line>
  </Map>
  <Map Type="System2" Name="SY_VFR" Priority="1" Center="-33.946111+151.177222">
    <Symbol Type="HollowSquare">
      <Point>APPN</Point>
      <Point>BRNJ</Point>
      <Point>BEE</Point>
      <Point>BBH</Point>
      <Point>BWL</Point>
      <Point>BRY</Point>
      <Point>BBG</Point>
      <Point>CAMB</Point>
      <Point>CBY</Point>
      <Point>CAPS</Point>
      <Point>CHAT</Point>
      <Point>CNTH</Point>
      <Point>CSTH</Point>
      <Point>CWST</Point>
      <Point>CUL</Point>
      <Point>DHH</Point>
      <Point>DLPT</Point>
      <Point>ERSK</Point>
      <Point>GRB</Point>
      <Point>GVB</Point>
      <Point>GRRV</Point>
      <Point>HBB</Point>
      <Point>HNB</Point>
      <Point>HSY</Point>
      <Point>INGL</Point>
      <Point>JIBN</Point>
      <Point>KMA</Point>
      <Point>KRMD</Point>
      <Point>LIHR</Point>
      <Point>LRF</Point>
      <Point>MANLY</Point>
      <Point>MRBR</Point>
      <Point>MYF</Point>
      <Point>MEG</Point>
      <Point>MPSC</Point>
      <Point>MTB</Point>
      <Point>NPBR</Point>
      <Point>NOHD</Point>
      <Point>ONPK</Point>
      <Point>PRT</Point>
      <Point>PAA</Point>
      <Point>PENH</Point>
      <Point>PENT</Point>
      <Point>PNP</Point>
      <Point>PIC</Point>
      <Point>PSP</Point>
      <Point>REDF</Point>
      <Point>RKWC</Point>
      <Point>RSH</Point>
      <Point>RVB</Point>
      <Point>RCB</Point>
      <Point>RYB</Point>
      <Point>SECF</Point>
      <Point>SPIT</Point>
      <Point>SIS</Point>
      <Point>SLL</Point>
      <Point>SUD</Point>
      <Point>SCTY</Point>
      <Point>SCG</Point>
      <Point>SYHD</Point>
      <Point>THK</Point>
      <Point>APST</Point>
      <Point>TWRN</Point>
      <Point>WAD</Point>
      <Point>WFM</Point>
      <Point>WFL</Point>
      <Point>WST</Point>
      <Point>WSFR</Point>
      <Point>MVI</Point>
      <Point>PUTY</Point>
    </Symbol>
    <Label HasLeader="True">
      <Point>APPN</Point>
      <Point>BRNJ</Point>
      <Point>BEE</Point>
      <Point>BBH</Point>
      <Point>BWL</Point>
      <Point>BRY</Point>
      <Point>BBG</Point>
      <Point>CAMB</Point>
      <Point>CBY</Point>
      <Point>CAPS</Point>
      <Point>CHAT</Point>
      <Point>CNTH</Point>
      <Point>CSTH</Point>
      <Point>CWST</Point>
      <Point>CUL</Point>
      <Point>DHH</Point>
      <Point>DLPT</Point>
      <Point>ERSK</Point>
      <Point>GRB</Point>
      <Point>GVB</Point>
      <Point>GRRV</Point>
      <Point>HBB</Point>
      <Point>HNB</Point>
      <Point>HSY</Point>
      <Point>INGL</Point>
      <Point>JIBN</Point>
      <Point>KMA</Point>
      <Point>KRMD</Point>
      <Point>LIHR</Point>
      <Point>LRF</Point>
      <Point>MANLY</Point>
      <Point>MRBR</Point>
      <Point>MYF</Point>
      <Point>MEG</Point>
      <Point>MPSC</Point>
      <Point>MTB</Point>
      <Point>NPBR</Point>
      <Point>NOHD</Point>
      <Point>ONPK</Point>
      <Point>PRT</Point>
      <Point>PAA</Point>
      <Point>PENH</Point>
      <Point>PENT</Point>
      <Point>PNP</Point>
      <Point>PIC</Point>
      <Point>PSP</Point>
      <Point>REDF</Point>
      <Point>RKWC</Point>
      <Point>RSH</Point>
      <Point>RVB</Point>
      <Point>RCB</Point>
      <Point>RYB</Point>
      <Point>SECF</Point>
      <Point>SPIT</Point>
      <Point>SIS</Point>
      <Point>SLL</Point>
      <Point>SUD</Point>
      <Point>SCTY</Point>
      <Point>SCG</Point>
      <Point>SYHD</Point>
      <Point>THK</Point>
      <Point>APST</Point>
      <Point>TWRN</Point>
      <Point>WAD</Point>
      <Point>WFM</Point>
      <Point>WFL</Point>
      <Point>WST</Point>
      <Point>WSFR</Point>
      <Point>MVI</Point>
      <Point>PUTY</Point>
    </Label>
    <Label HasLeader="True" LabelOrientation="NW">
      <Point Name="RIC_ROUTE">WSFR</Point>
      <Point Name="IN_SOUTH">BBG</Point>
      <Point Name="OUT_NORTH">-335230.084+1505947.701</Point>
      <Point Name="HARB_SCENIC_1">LRF</Point>
      <Point Name="HARB_SCENIC_2">CHAT</Point>
      <Point Name="VICTOR_1">-340506.284+1511110.861</Point>
    </Label>
    <!--RIC_ROUTE-->
    <Line Pattern="Dotted">
      WSFR/KRMD/GRRV/-334259.498+1503855.777/NPBR
    </Line>
    <!--IN_SOUTH-->
    <Line Pattern="Dotted">
      BBG/-334202.299+1510107.919/PSP/-335252.538+1505729.859
    </Line>
    <!--OUT_NORTH-->
    <Line Pattern="Dotted">
      -335230.084+1505947.701/PRT/PENH/HSY/PAA
    </Line>
    <!--HARB_SCENIC_1-->
    <Line Pattern="Dotted">
      LRF/HBB/NOHD/MANLY/LRF
    </Line>
    <!--HARB_SCENIC_2-->
    <Line Pattern="Dotted">
      CHAT/MANLY/LRF/CHAT
    </Line>
    <!--VICTOR_1-->
    <Line Pattern="Dotted">
      -340506.284+1511110.861/-340335.577+1511019.319/-340257.437+1511049.340/-340310.676+1511225.434/-340238.465+1511416.076/-340022.549+1511616.430/-335752.052+1511718.164/-335339.126+1511758.562/-335227.462+1511750.614/-335043.958+1511818.085/-334840.614+1511915.691/-334707.637+1511831.136/-334440.393+1512000.837
    </Line>
  </Map>
  <Map Type="System2" Name="SY_VFR_FULL_NAME" Priority="1" Center="-33.946111+151.177222">
    <Label HasLeader="True" LabelOrientation="SW">
      <Point Name="APPIN">APPN</Point>
      <Point Name="BARRENJOEY HEAD">BRNJ</Point>
      <Point Name="BERILEE">BEE</Point>
      <Point Name="BOTANY BAY HEADS">BBH</Point>
      <Point Name="BOWRAL">BWL</Point>
      <Point Name="BRINGELLY">BRY</Point>
      <Point Name="BROOKLYN BRIDGE">BBG</Point>
      <Point Name="CAMPBELLTOWN UNIVERSITY">CAMB</Point>
      <Point Name="CANTERBURY RACECOURSE">CBY</Point>
      <Point Name="CAPE BANKS">CAPS</Point>
      <Point Name="CHATSWOOD CBD">CHAT</Point>
      <Point Name="CHOPPERS NORTH">CNTH</Point>
      <Point Name="CHOPPERS SOUTH">CSTH</Point>
      <Point Name="CHOPPERS WEST">CWST</Point>
      <Point Name="CRONULLA">CUL</Point>
      <Point Name="DARLING HARBOUR">DHH</Point>
      <Point Name="DOLLS POINT">DLPT</Point>
      <Point Name="ERSKINEVILLE OVAL">ERSK</Point>
      <Point Name="GEORGES RIVER BRIDGE">GRB</Point>
      <Point Name="GLADESVILLE BRIDGE">GVB</Point>
      <Point Name="GROSE RIVER">GRRV</Point>
      <Point Name="HARBOUR BRIDGE">HBB</Point>
      <Point Name="HELENSBURGH">HNB</Point>
      <Point Name="HORNSBY">HSY</Point>
      <Point Name="INGLEBURN">INGL</Point>
      <Point Name="JIBBON PT">JIBN</Point>
      <Point Name="KIAMA">KMA</Point>
      <Point Name="KURMOND">KRMD</Point>
      <Point Name="LIGHTHORSE INTERCHANGE">LIHR</Point>
      <Point Name="LONG REEF">LRF</Point>
      <Point Name="MANLY">MANLY</Point>
      <Point Name="MAROUBRA BEACH">MRBR</Point>
      <Point Name="MAYFIELD">MYF</Point>
      <Point Name="MENANGLE">MEG</Point>
      <Point Name="MOORE PARK SUPA CENTRE">MPSC</Point>
      <Point Name="MOUNT BOYCE">MTB</Point>
      <Point Name="NEPEAN BRIDGE">NPBR</Point>
      <Point Name="NORTH HEAD">NOHD</Point>
      <Point Name="ORAN PARK">ONPK</Point>
      <Point Name="PARRAMATTA">PRT</Point>
      <Point Name="PATONGA">PAA</Point>
      <Point Name="PENNANT HILLS STROBE">PENH</Point>
      <Point Name="PENRITH">PENT</Point>
      <Point Name="PICNIC PT">PNP</Point>
      <Point Name="PICTON">PIC</Point>
      <Point Name="PROSPECT RESV">PSP</Point>
      <Point Name="REDFERN RAILWAY STATION">REDF</Point>
      <Point Name="ROOKWOOD CEMETERY">RKWC</Point>
      <Point Name="ROSEHILL RACECOURSE">RSH</Point>
      <Point Name="ROSEVILLE BRIDGE">RVB</Point>
      <Point Name="RUSH CUTTERS BAY">RCB</Point>
      <Point Name="RYDE BRIDGE">RYB</Point>
      <Point Name="SEA CLIFF BRIDGE">SECF</Point>
      <Point Name="SPIT BRIDGE">SPIT</Point>
      <Point Name="ST IVES SHOWGROUND">SIS</Point>
      <Point Name="STANWELL PARK">SLL</Point>
      <Point Name="SUTHERLAND">SUD</Point>
      <Point Name="SYDNEY CBD">SCTY</Point>
      <Point Name="SYDNEY CRICKET GROUND">SCG</Point>
      <Point Name="SYDNEY HEADS">SYHD</Point>
      <Point Name="THE OAKS">THK</Point>
      <Point Name="THE STAMFORD (HOTEL)">APST</Point>
      <Point Name="TWO RN">TWRN</Point>
      <Point Name="WARRAGAMBA DAM">WAD</Point>
      <Point Name="WARWICK FARM">WFM</Point>
      <Point Name="WATERFALL">WFL</Point>
      <Point Name="WESTMEAD">WST</Point>
      <Point Name="WISEMANS FERRY">WSFR</Point>
      <Point Name="MOUNT VICTORIA">MVI</Point>
      <Point Name="PUTTY">PUTY</Point>
    </Label>
  </Map>
  <Map Type="System2" Name="SY_HELO" Priority="1" Center="-33.946111+151.177222">
    <Label HasLeader="True" LabelOrientation="NW">
      <Point Name="HELO_BARRACKS">-335218.650+1511402.240</Point>
      <Point Name="HELO_BONDI">-335120.350+1511816.652</Point>
      <Point Name="HELO_CAPE_BANKS-IN">CAPS</Point>
      <Point Name="HELO_CAPE_BANKS-OUT">-335640.460+1511117.600</Point>
      <Point Name="HELO_ERSKINEVILLE">APST</Point>
      <Point Name="HELO_GEORGES_RVR">CSTH</Point>
      <Point Name="HELO_MAROUBRA">MRBR</Point>
      <Point Name="HELO_ROSEHILL">RSH</Point>
      <Point Name="HELO_WANDA">-340241.150+1511109.240</Point>
    </Label>
    <Label HasLeader="True" LabelOrientation="SE">
      <Point Name="HELO_HARB_BRIDGE">APST</Point>
    </Label>
    <!--HELO_BARRACKS-->
    <Line Pattern="Dotted">
      -335218.650+1511402.240/-335308.770+1511327.580/-335408.760+1511255.440/-335608.500+1511228.000
    </Line>
    <!--HELO_BONDI-->
    <Line Pattern="Dotted">
      -335120.350+1511816.652/-335336.660+1511816.030/-335816.030+1511708.700
    </Line>
    <!--HELO_CAPE_BANKS-IN-->
    <Line Pattern="Dotted">
      CAPS/-335809.700+1511224.300
    </Line>
    <!--HELO_CAPE_BANKS-OUT-->
    <Line Pattern="Dotted">
      -335640.460+1511117.600/-335718.860+1511133.240
    </Line>
    <!--HELO_ERSKINEVILLE-->
    <Line Pattern="Dotted">
      APST/ERSK/REDF/-335301.000+1511221.240/DHH
    </Line>
    <!--HELO_GEORGES_RVR-->
    <Line Pattern="Dotted">
      CSTH/PNP/GRB/-340045.740+1510804.380/-335959.010+1510929.350/-335740.570+1511002.990
    </Line>
    <!--HELO_HARB_BRIDGE-->
    <Line Pattern="Dotted">
      APST/ERSK/REDF/-335301.000+1511221.240/DHH/HBB
    </Line>
    <!--HELO_MAROUBRA-->
    <Line Pattern="Dotted">
      MRBR/-335633.930+1511332.670/-335608.500+1511228.000
    </Line>
    <!--HELO_ROSEHILL-->
    <Line Pattern="Dotted">
      RSH/RKWC/-335247.740+1510323.520/CBY/-335548.420+1510916.300
    </Line>
    <!--HELO_WANDA-->
    <Line Pattern="Dotted">
      -340241.150+1511109.240/-340012.930+1510959.470/-335959.010+1510929.350/-335740.570+1511002.990
    </Line>
  </Map>
  <Map Type="System" Name="YSSY_ALLRWYS" Priority="2" Center="-33.946111+151.177222">
    <!--YSSY-->
    <Runway Name="07/25">
      <Threshold Name="07" Position="-33.943739+151.163628" ExtendedCentrelineTrack="254.19" ExtendedCentrelineLength="10" ExtendedCentrelineTickInterval="1" />
      <Threshold Name="25" Position="-33.937775+151.188908" ExtendedCentrelineTrack="74.2" ExtendedCentrelineLength="10" ExtendedCentrelineTickInterval="1" />
    </Runway>
    <!--YSSY-->
    <Runway Name="16L/34R">
      <Threshold Name="16L" Position="-33.951636+151.188847" ExtendedCentrelineTrack="347.79" ExtendedCentrelineLength="15" ExtendedCentrelineTickInterval="1" />
      <Threshold Name="34R" Position="-33.970756+151.193811" ExtendedCentrelineTrack="167.79" ExtendedCentrelineLength="20" ExtendedCentrelineTickInterval="2" />
    </Runway>
    <!--YSSY-->
    <Runway Name="16R/34L">
      <Threshold Name="16R" Position="-33.930097+151.171786" ExtendedCentrelineTrack="347.8" ExtendedCentrelineLength="15" ExtendedCentrelineTickInterval="1" />
      <Threshold Name="34L" Position="-33.964264+151.180647" ExtendedCentrelineTrack="167.81" ExtendedCentrelineLength="20" ExtendedCentrelineTickInterval="2" />
    </Runway>
    <!--YSRI-->
    <Runway Name="10/28">
      <Threshold Name="10" Position="-33.601614+150.771247" ExtendedCentrelineTrack="287.1" ExtendedCentrelineLength="5" ExtendedCentrelineTickInterval="5" />
      <Threshold Name="28" Position="-33.607272+150.793219" ExtendedCentrelineTrack="107.11" ExtendedCentrelineLength="10" ExtendedCentrelineTickInterval="1" />
    </Runway>
  </Map>
</Maps>